CustomerID,Recency,Frequency,Monetary,AvgOrderValue,AvgItemsPerOrder,UniqueProducts,ActiveDays,PurchaseSpan,AvgDaysBetweenOrders,TopCountry,CustomerValueScore,LoyaltyScore,SpendIntensity,Cluster,SegmentName
12346,326,1,77183.6,77183.6,74215.0,1,1,0,0.0,United Kingdom,38569.200000000004,0.0030581039755351682,77183.6,1,🏆 High Value Customers
12347,2,7,4310.0,615.7142857142857,351.14285714285717,103,7,365,2.0,Iceland,2224.8,2.3333333333333335,11.775956284153006,0,🌱 Potential Customers
12348,75,4,1797.24,449.31,585.25,22,4,282,9.4,Finland,931.12,0.05263157894736842,6.350671378091873,0,🌱 Potential Customers
12349,19,1,1757.55,1757.55,631.0,73,1,0,0.0,Italy,886.875,0.05,1757.55,1,🏆 High Value Customers
12350,310,1,334.4,334.4,197.0,17,1,0,0.0,Norway,146.2,0.003215434083601286,334.4,3,⚠️ At Risk Customers
12352,36,8,2506.04,313.255,67.0,59,8,260,3.0714285714285716,Norway,1329.42,0.21621621621621623,9.601685823754789,0,🌱 Potential Customers
12353,204,1,89.0,89.0,20.0,4,1,0,0.0,Bahrain,34.099999999999994,0.004878048780487805,89.0,3,⚠️ At Risk Customers
12354,232,1,1079.4,1079.4,530.0,58,1,0,0.0,Spain,526.5,0.004291845493562232,1079.4,1,🏆 High Value Customers
12355,214,1,459.4,459.4,240.0,13,1,0,0.0,Bahrain,218.29999999999998,0.004651162790697674,459.4,3,⚠️ At Risk Customers
12356,23,3,2811.43,937.1433333333333,530.3333333333334,53,3,302,5.206896551724138,Portugal,1433.415,0.125,9.278646864686468,0,🌱 Potential Customers
12357,33,1,6207.67,6207.67,2708.0,131,1,0,0.0,Switzerland,3110.535,0.029411764705882353,6207.67,1,🏆 High Value Customers
12358,2,2,1168.06,584.03,124.0,13,2,149,8.277777777777779,Austria,603.8299999999999,0.6666666666666666,7.787066666666666,0,🌱 Potential Customers
12359,58,4,6310.03,1577.5075,402.25,214,4,274,1.1188524590163935,Cyprus,3189.2149999999997,0.06779661016949153,22.945563636363634,0,🌱 Potential Customers
12360,52,3,2662.06,887.3533333333334,388.3333333333333,105,3,148,1.15625,Austria,1355.83,0.05660377358490566,17.866174496644295,0,🌱 Potential Customers
12361,287,1,189.9,189.9,91.0,10,1,0,0.0,Belgium,76.25,0.003472222222222222,189.9,3,⚠️ At Risk Customers
12362,3,10,5226.23,522.6229999999999,222.9,201,10,292,1.0830188679245283,Belgium,2712.8149999999996,2.5,17.836962457337883,0,🌱 Potential Customers
12363,110,2,552.0,276.0,204.0,23,2,132,6.0,Unspecified,285.0,0.018018018018018018,4.150375939849624,3,⚠️ At Risk Customers
12364,8,4,1313.1,328.275,376.5,70,4,104,1.2261904761904763,Belgium,695.75,0.4444444444444444,12.505714285714285,0,🌱 Potential Customers
12365,291,2,641.38,320.69,87.0,22,2,0,0.0,Cyprus,311.59,0.00684931506849315,641.38,3,⚠️ At Risk Customers
12367,4,1,168.9,168.9,173.0,11,1,0,0.0,Denmark,94.05,0.2,168.9,3,⚠️ At Risk Customers
12370,51,4,3541.94,885.4849999999999,588.0,143,4,309,1.8666666666666667,Cyprus,1805.8700000000001,0.07692307692307693,11.425612903225806,0,🌱 Potential Customers
12371,45,2,1887.96,943.98,295.5,63,2,14,0.22580645161290322,Switzerland,959.48,0.043478260869565216,125.864,3,⚠️ At Risk Customers
12372,72,3,1298.04,432.68,264.6666666666667,34,3,224,4.392156862745098,Denmark,671.8199999999999,0.0410958904109589,5.769066666666666,0,🌱 Potential Customers
12373,311,1,364.6,364.6,197.0,14,1,0,0.0,Austria,161.20000000000002,0.003205128205128205,364.6,3,⚠️ At Risk Customers
12374,25,1,742.9300000000001,742.9300000000001,342.0,33,1,0,0.0,Austria,378.96500000000003,0.038461538461538464,742.9300000000001,1,🏆 High Value Customers
12375,11,2,457.5,228.75,89.0,14,2,87,5.4375,Finland,247.65,0.16666666666666666,5.198863636363637,3,⚠️ At Risk Customers
12377,315,2,1628.12,814.06,472.0,72,2,39,0.5131578947368421,Switzerland,802.56,0.006329113924050633,40.702999999999996,3,⚠️ At Risk Customers
12378,130,1,4008.62,4008.62,2529.0,219,1,0,0.0,Switzerland,2001.31,0.007633587786259542,4008.62,1,🏆 High Value Customers
12379,82,2,852.24,426.12,203.5,39,2,88,2.2564102564102564,Belgium,437.92,0.024096385542168676,9.575730337078651,3,⚠️ At Risk Customers
12380,22,4,2724.81,681.2025000000001,281.75,77,4,164,1.5728155339805825,Belgium,1400.205,0.17391304347826086,16.514,0,🌱 Potential Customers
12381,5,5,1845.31,369.062,161.6,70,5,115,1.313953488372093,Norway,972.155,0.8333333333333334,15.907844827586207,0,🌱 Potential Customers
12383,185,5,1850.56,370.11199999999997,306.4,84,5,167,1.683673469387755,Belgium,956.78,0.026881720430107527,11.015238095238095,0,🌱 Potential Customers
12384,29,2,585.27,292.635,63.0,26,2,92,3.5384615384615383,Switzerland,309.735,0.06666666666666667,6.293225806451613,3,⚠️ At Risk Customers
12386,338,2,401.9,200.95,177.0,10,2,29,3.2222222222222223,Australia,187.14999999999998,0.0058997050147492625,13.396666666666667,3,⚠️ At Risk Customers
12388,16,6,2780.66,463.4433333333333,243.66666666666666,57,6,311,3.121212121212121,Australia,1448.73,0.35294117647058826,8.912371794871794,0,🌱 Potential Customers
12390,80,1,549.84,549.84,353.0,32,1,0,0.0,Belgium,276.92,0.012345679012345678,549.84,3,⚠️ At Risk Customers
12391,22,1,439.66,439.66,293.0,92,1,0,0.0,Cyprus,227.63000000000002,0.043478260869565216,439.66,3,⚠️ At Risk Customers
12393,72,4,1582.6000000000001,395.65,204.0,47,4,260,4.111111111111111,Australia,824.1,0.0547945205479452,6.06360153256705,0,🌱 Potential Customers
12394,64,2,1272.48,636.24,409.5,26,2,153,5.884615384615385,Belgium,649.84,0.03076923076923077,8.262857142857143,0,🌱 Potential Customers
12395,19,12,3018.63,251.5525,176.5,91,12,351,2.232258064516129,Belgium,1627.415,0.6,8.57565340909091,0,🌱 Potential Customers
12397,36,2,2409.9,1204.9499999999998,631.5,110,2,99,0.792,Belgium,1221.3500000000001,0.05405405405405406,24.099,1,🏆 High Value Customers
12398,46,1,1635.6599999999999,1635.6599999999999,1394.0,85,1,0,0.0,Switzerland,823.2299999999999,0.02127659574468085,1635.6599999999999,1,🏆 High Value Customers
12399,119,4,1108.65,277.1625,294.5,47,4,142,2.4482758620689653,Belgium,582.4250000000001,0.03333333333333333,7.752797202797203,0,🌱 Potential Customers
12401,303,1,84.3,84.3,11.0,5,1,0,0.0,Belgium,21.849999999999998,0.003289473684210526,84.3,3,⚠️ At Risk Customers
12402,323,1,225.6,225.6,94.0,11,1,0,0.0,Belgium,90.5,0.0030864197530864196,225.6,3,⚠️ At Risk Customers
12403,50,1,427.7,427.7,96.0,5,1,0,0.0,Denmark,218.85,0.0196078431372549,427.7,3,⚠️ At Risk Customers
12405,149,1,1710.39,1710.39,857.0,54,1,0,0.0,Finland,850.2950000000001,0.006666666666666667,1710.39,1,🏆 High Value Customers
12406,22,2,3415.3,1707.65,909.0,92,2,161,1.5480769230769231,Denmark,1725.45,0.08695652173913043,21.0820987654321,1,🏆 High Value Customers
12407,50,5,1708.1200000000001,341.62399999999997,283.2,57,5,214,2.789473684210526,Belgium,899.0600000000001,0.09803921568627451,7.9447441860465124,0,🌱 Potential Customers
12408,33,5,2888.55,577.71,281.8,81,5,227,2.173076923076923,Belgium,1490.9750000000001,0.14705882352941177,12.669078947368423,0,🌱 Potential Customers
12409,79,3,11072.67,3690.89,1850.3333333333333,91,3,103,0.9537037037037037,Switzerland,5558.435,0.0375,106.46798076923076,1,🏆 High Value Customers
12410,309,2,693.3299999999999,346.66499999999996,105.5,26,2,0,0.0,Switzerland,335.765,0.0064516129032258064,693.3299999999999,3,⚠️ At Risk Customers
12412,75,3,1226.88,408.96000000000004,276.3333333333333,43,3,94,1.55,Denmark,635.94,0.039473684210526314,12.914526315789475,3,⚠️ At Risk Customers
12413,67,3,758.1,252.70000000000002,95.33333333333333,29,3,270,7.27027027027027,France,402.35,0.04411764705882353,2.797416974169742,0,🌱 Potential Customers
12414,217,3,562.41,187.47,100.0,16,3,93,5.411764705882353,Austria,289.505,0.013761467889908258,5.983085106382978,3,⚠️ At Risk Customers
12415,24,21,124914.53,5948.310952380953,3684.4761904761904,444,20,313,0.42496493688639553,Australia,62664.865,0.8,397.816974522293,2,💎 Premium Customers
12417,3,9,3649.1,405.4555555555555,172.44444444444446,158,9,354,1.8324607329842932,Belgium,1914.25,2.25,10.279154929577464,0,🌱 Potential Customers
12418,113,1,668.58,668.58,407.0,34,1,0,0.0,Switzerland,332.99,0.008771929824561403,668.58,3,⚠️ At Risk Customers
12420,64,1,600.39,600.39,345.0,29,1,0,0.0,Cyprus,303.795,0.015384615384615385,600.39,3,⚠️ At Risk Customers
12421,16,4,807.04,201.76,121.0,32,4,303,6.840909090909091,Spain,441.91999999999996,0.23529411764705882,2.654736842105263,0,🌱 Potential Customers
12422,96,3,803.5600000000001,267.8533333333333,123.33333333333333,39,3,229,6.0,Australia,422.18,0.030927835051546393,3.4937391304347827,0,🌱 Potential Customers
12423,1,8,1859.31,232.41375,167.375,97,8,352,2.814516129032258,Belgium,1009.555,4.0,5.267167138810198,0,🌱 Potential Customers
12424,163,2,1760.96,880.4800000000001,370.0,30,1,0,0.0,Australia,884.1800000000001,0.006097560975609756,1760.96,1,🏆 High Value Customers
12425,78,1,777.2,777.2,496.0,36,1,0,0.0,Portugal,390.8,0.012658227848101266,777.2,1,🏆 High Value Customers
12426,195,1,582.73,582.73,258.0,30,1,0,0.0,Germany,281.865,0.00510204081632653,582.73,3,⚠️ At Risk Customers
12427,22,3,825.8,275.26666666666665,177.66666666666666,26,3,349,11.633333333333333,Germany,440.7,0.13043478260869565,2.3594285714285714,0,🌱 Potential Customers
12428,26,9,7956.46,884.0511111111111,392.8888888888889,258,9,257,0.8703071672354948,Finland,4065.63,0.3333333333333333,30.838992248062016,0,🌱 Potential Customers
12429,9,4,3750.4,937.6,389.25,82,4,356,3.6979166666666665,Denmark,1914.3,0.4,10.50532212885154,0,🌱 Potential Customers
12430,43,1,256.4,256.4,117.0,11,1,0,0.0,Norway,133.89999999999998,0.022727272727272728,256.4,3,⚠️ At Risk Customers
12431,36,15,6419.95,427.99666666666667,193.06666666666666,163,15,338,1.4248927038626609,Australia,3356.375,0.40540540540540543,18.937905604719763,0,🌱 Potential Customers
12432,43,5,5059.32,1011.8639999999999,360.2,107,5,129,1.1962616822429906,Norway,2575.3599999999997,0.11363636363636363,38.91784615384615,0,🌱 Potential Customers
12433,1,7,13375.87,1910.8385714285716,1581.5714285714287,219,7,372,0.883054892601432,Norway,6757.835,3.5,35.86024128686327,2,💎 Premium Customers
12434,85,2,806.14,403.07,197.0,46,2,175,3.5714285714285716,Australia,414.57,0.023255813953488372,4.580340909090909,0,🌱 Potential Customers
12435,80,2,7829.89,3914.945,1027.5,31,2,188,5.371428571428571,Denmark,3926.945,0.024691358024691357,41.42798941798942,1,🏆 High Value Customers
12436,100,1,509.01,509.01,211.0,16,1,0,0.0,Norway,254.505,0.009900990099009901,509.01,3,⚠️ At Risk Customers
12437,2,18,4951.41,275.0783333333333,162.33333333333334,118,18,329,1.6262626262626263,France,2655.505,6.0,15.004272727272728,2,💎 Premium Customers
12438,14,2,2906.85,1453.425,590.0,84,2,125,1.288659793814433,Norway,1472.0249999999999,0.13333333333333333,23.070238095238093,1,🏆 High Value Customers
12441,367,1,173.55,173.55,121.0,11,1,0,0.0,France,60.075,0.002717391304347826,173.55,3,⚠️ At Risk Customers
12442,3,1,172.06,172.06,182.0,12,1,0,0.0,Spain,95.73,0.25,172.06,3,⚠️ At Risk Customers
12444,21,5,5005.46,1001.092,230.6,138,5,149,0.8514285714285714,Norway,2550.63,0.22727272727272727,33.369733333333336,0,🌱 Potential Customers
12445,22,1,133.4,133.4,62.0,4,1,0,0.0,Spain,74.5,0.043478260869565216,133.4,3,⚠️ At Risk Customers
12446,58,1,1002.3100000000001,1002.3100000000001,351.0,57,1,0,0.0,RSA,505.355,0.01694915254237288,1002.3100000000001,1,🏆 High Value Customers
12447,243,1,476.49,476.49,190.0,26,1,0,0.0,Belgium,223.945,0.004098360655737705,476.49,3,⚠️ At Risk Customers
12448,44,1,449.45,449.45,243.0,22,1,0,0.0,Spain,230.325,0.022222222222222223,449.45,3,⚠️ At Risk Customers
12449,22,4,4067.29,1016.8225,388.25,118,4,164,0.8578947368421053,Belgium,2071.445,0.17391304347826086,24.650242424242425,0,🌱 Potential Customers
12450,156,2,197.88,98.94,64.0,7,2,17,2.4285714285714284,Spain,103.34,0.012738853503184714,10.993333333333332,3,⚠️ At Risk Customers
12451,11,5,9035.52,1807.104,1315.0,265,5,313,0.8810198300283286,Switzerland,4566.66,0.4166666666666667,28.775541401273887,1,🏆 High Value Customers
12452,17,2,430.57,215.285,92.5,21,2,0,0.0,Switzerland,233.585,0.1111111111111111,430.57,3,⚠️ At Risk Customers
12453,134,1,707.09,707.09,473.0,43,1,0,0.0,Austria,350.14500000000004,0.007407407407407408,707.09,1,🏆 High Value Customers
12454,56,1,3528.34,3528.34,1006.0,15,1,0,0.0,Spain,1768.5700000000002,0.017543859649122806,3528.34,1,🏆 High Value Customers
12455,73,6,2466.86,411.1433333333334,348.1666666666667,85,6,223,2.4831460674157304,Spain,1286.13,0.08108108108108109,11.012767857142858,0,🌱 Potential Customers
12456,44,3,3181.04,1060.3466666666666,544.3333333333334,105,3,210,1.685483870967742,Switzerland,1616.12,0.06666666666666667,15.07601895734597,0,🌱 Potential Customers
12457,66,7,2363.23,337.6042857142857,120.42857142857143,53,7,172,2.7704918032786887,Switzerland,1245.015,0.1044776119402985,13.660289017341041,0,🌱 Potential Customers
12458,71,2,947.4,473.70000000000005,253.0,35,2,213,5.756756756756757,Switzerland,486.59999999999997,0.027777777777777776,4.427102803738317,0,🌱 Potential Customers
12461,94,2,826.88,413.44,143.5,35,2,60,1.7647058823529411,Switzerland,424.04,0.021052631578947368,13.555409836065573,3,⚠️ At Risk Customers
12462,19,2,1189.59,594.7950000000001,268.0,51,2,284,4.655737704918033,Spain,612.895,0.1,4.1739999999999995,0,🌱 Potential Customers
12463,53,4,1344.78,336.195,194.0,65,4,188,2.268292682926829,Belgium,707.09,0.07407407407407407,7.115238095238095,0,🌱 Potential Customers
12464,10,8,1212.05,151.50625,14.0,6,8,299,10.571428571428571,Belgium,685.025,0.7272727272727273,4.040166666666667,0,🌱 Potential Customers
12465,17,2,742.1899999999999,371.095,239.5,46,2,152,3.3043478260869565,Belgium,389.395,0.1111111111111111,4.850915032679739,0,🌱 Potential Customers
12468,188,2,729.5400000000001,364.77000000000004,183.0,36,2,128,3.4594594594594597,Germany,365.97,0.010582010582010581,5.655348837209303,3,⚠️ At Risk Customers
12471,2,30,19788.65,659.6216666666667,273.3333333333333,150,30,362,0.7707423580786026,Germany,10194.125,10.0,54.5141873278237,2,💎 Premium Customers
12472,32,7,6572.11,938.8728571428572,592.5714285714286,219,7,336,0.9881656804733728,Germany,3352.855,0.21212121212121213,19.501810089020772,0,🌱 Potential Customers
12473,29,5,3928.0499999999997,785.61,482.8,140,5,162,0.9698795180722891,Germany,2011.1249999999998,0.16666666666666666,24.09846625766871,0,🌱 Potential Customers
12474,17,18,7324.09,406.8938888888889,268.5,253,18,312,0.7197149643705463,Germany,3840.3450000000003,1.0,23.39964856230032,2,💎 Premium Customers
12475,54,1,723.38,723.38,535.0,36,1,0,0.0,Germany,366.29,0.01818181818181818,723.38,1,🏆 High Value Customers
12476,16,11,6816.42,619.6745454545454,218.9090909090909,177,11,345,1.4698275862068966,Germany,3516.61,0.6470588235294118,19.70063583815029,0,🌱 Potential Customers
12477,23,6,13219.74,2203.29,608.8333333333334,191,6,278,0.9264214046822743,Germany,6667.57,0.25,47.38258064516129,2,💎 Premium Customers
12478,4,1,680.99,680.99,236.0,36,1,0,0.0,Greece,350.095,0.2,680.99,3,⚠️ At Risk Customers
12479,11,1,527.2,527.2,385.0,31,1,0,0.0,Germany,272.5,0.08333333333333333,527.2,3,⚠️ At Risk Customers
12480,28,4,3281.63,820.4075,426.75,129,4,307,2.0065359477124183,Germany,1678.015,0.13793103448275862,10.654642857142857,0,🌱 Potential Customers
12481,23,10,5579.82,557.9820000000001,329.4,150,10,342,1.5767441860465117,Germany,2887.6099999999997,0.4166666666666667,16.267696793002916,0,🌱 Potential Customers
12483,17,8,2484.98,310.6225,138.75,46,8,322,4.283783783783784,Sweden,1320.79,0.4444444444444444,7.69343653250774,0,🌱 Potential Customers
12484,33,6,4527.32,754.5533333333333,364.5,256,6,303,0.8801169590643275,Spain,2320.3599999999997,0.17647058823529413,14.892499999999998,0,🌱 Potential Customers
12488,10,3,1298.66,432.8866666666667,176.33333333333334,46,3,65,1.2037037037037037,France,678.33,0.2727272727272727,19.67666666666667,0,🌱 Potential Customers
12489,336,1,334.93,334.93,105.0,15,1,0,0.0,France,143.865,0.002967359050445104,334.93,3,⚠️ At Risk Customers
12490,5,10,5417.93,541.793,306.4,131,10,324,1.3155737704918034,France,2808.465,1.6666666666666667,16.670553846153847,0,🌱 Potential Customers
12491,39,1,460.40000000000003,460.40000000000003,260.0,25,1,0,0.0,France,236.3,0.025,460.40000000000003,3,⚠️ At Risk Customers
12492,63,2,263.21000000000004,131.60500000000002,96.0,19,2,42,2.210526315789474,Germany,145.305,0.03125,6.121162790697675,3,⚠️ At Risk Customers
12493,166,2,433.74,216.87,103.5,20,2,31,1.4761904761904763,France,220.27,0.011976047904191617,13.554375,3,⚠️ At Risk Customers
12494,16,7,1246.1000000000001,178.01428571428573,101.0,63,7,349,4.552631578947368,France,691.45,0.4117647058823529,3.5602857142857145,0,🌱 Potential Customers
12497,82,1,1043.1,1043.1,1236.0,14,1,0,0.0,Germany,523.3499999999999,0.012048192771084338,1043.1,1,🏆 High Value Customers
12498,21,3,403.70000000000005,134.56666666666666,53.0,21,3,36,1.6363636363636365,Germany,229.75000000000003,0.13636363636363635,10.910810810810812,3,⚠️ At Risk Customers
12500,23,11,4257.82,387.07454545454544,243.45454545454547,34,11,310,5.116666666666666,Germany,2236.6099999999997,0.4583333333333333,13.690739549839227,0,🌱 Potential Customers
12501,337,1,2169.39,2169.39,1783.0,149,1,0,0.0,Germany,1060.995,0.0029585798816568047,2169.39,1,🏆 High Value Customers
12502,96,5,3723.87,744.774,164.0,102,5,214,1.4589041095890412,Spain,1902.335,0.05154639175257732,17.32032558139535,0,🌱 Potential Customers
12504,18,2,482.04999999999995,241.02499999999998,45.0,6,2,12,1.5,Germany,259.22499999999997,0.10526315789473684,37.08076923076923,3,⚠️ At Risk Customers
12506,233,1,73.5,73.5,23.0,23,1,0,0.0,France,23.45,0.004273504273504274,73.5,3,⚠️ At Risk Customers
12507,134,3,1304.81,434.93666666666667,298.0,19,3,164,8.2,Spain,669.005,0.022222222222222223,7.907939393939394,0,🌱 Potential Customers
12508,26,2,397.88,198.94,135.5,57,2,2,0.029850746268656716,France,216.34,0.07407407407407407,132.62666666666667,3,⚠️ At Risk Customers
12509,284,1,176.5,176.5,55.0,7,1,0,0.0,France,69.85,0.0035087719298245615,176.5,3,⚠️ At Risk Customers
12510,143,2,982.5699999999999,491.28499999999997,176.5,29,2,182,5.6875,Spain,496.98499999999996,0.013888888888888888,5.369234972677595,0,🌱 Potential Customers
12512,66,2,132.18,66.09,48.0,31,2,0,0.0,Israel,79.49000000000001,0.029850746268656716,132.18,3,⚠️ At Risk Customers
12513,113,1,612.29,612.29,462.0,35,1,0,0.0,France,304.84499999999997,0.008771929824561403,612.29,3,⚠️ At Risk Customers
12514,267,1,1017.68,1017.68,440.0,51,1,0,0.0,Italy,492.13999999999993,0.0037313432835820895,1017.68,1,🏆 High Value Customers
12515,353,1,383.7,383.7,131.0,16,1,0,0.0,Italy,166.54999999999998,0.002824858757062147,383.7,3,⚠️ At Risk Customers
12516,78,2,1312.06,656.03,437.5,20,2,102,4.08,Germany,668.23,0.02531645569620253,12.738446601941748,0,🌱 Potential Customers
12517,28,5,2481.6,496.32,272.2,232,5,161,0.5755395683453237,Germany,1288.0,0.1724137931034483,15.318518518518518,0,🌱 Potential Customers
12518,1,5,2056.89,411.378,263.6,84,5,109,0.8780487804878049,Germany,1078.345,2.5,18.698999999999998,0,🌱 Potential Customers
12519,64,1,330.84,330.84,175.0,17,1,0,0.0,Germany,169.01999999999998,0.015384615384615385,330.84,3,⚠️ At Risk Customers
12520,79,5,2634.26,526.8520000000001,287.8,121,5,194,1.2781456953642385,Germany,1359.23,0.0625,13.509025641025643,0,🌱 Potential Customers
12521,143,1,599.68,599.68,309.0,38,1,0,0.0,Germany,295.53999999999996,0.006944444444444444,599.68,3,⚠️ At Risk Customers
12522,39,2,192.72,96.36,97.0,11,2,12,1.0909090909090908,Germany,112.46,0.05,14.824615384615385,3,⚠️ At Risk Customers
12523,19,11,1789.77,162.70636363636365,78.63636363636364,84,11,312,2.933333333333333,France,1002.985,0.55,5.7181150159744405,0,🌱 Potential Customers
12524,9,8,4485.72,560.7149999999999,462.375,113,8,324,2.2447552447552446,Germany,2321.96,0.8,13.802215384615385,0,🌱 Potential Customers
12526,1,3,1316.66,438.8866666666666,210.66666666666666,64,3,93,1.3285714285714285,Germany,688.23,1.5,14.007021276595745,0,🌱 Potential Customers
12527,82,3,348.71000000000004,116.23666666666668,78.0,18,3,243,14.294117647058824,Germany,196.15500000000003,0.03614457831325301,1.4291393442622953,0,🌱 Potential Customers
12528,9,6,1933.48,322.24666666666667,126.0,50,6,303,3.318681318681319,Germany,1025.84,0.6,6.360131578947368,0,🌱 Potential Customers
12530,60,4,1662.28,415.57,228.25,51,4,277,4.246153846153846,Germany,865.14,0.06557377049180328,5.979424460431654,0,🌱 Potential Customers
12531,15,1,125.22,125.22,45.0,17,1,0,0.0,Germany,71.11,0.0625,125.22,3,⚠️ At Risk Customers
12532,30,1,349.83000000000004,349.83000000000004,153.0,16,1,0,0.0,France,181.91500000000002,0.03225806451612903,349.83000000000004,3,⚠️ At Risk Customers
12534,131,1,1089.18,1089.18,651.0,63,1,0,0.0,Germany,541.49,0.007575757575757576,1089.18,1,🏆 High Value Customers
12535,92,2,716.35,358.17499999999995,109.5,28,2,94,2.8484848484848486,France,368.975,0.021505376344086023,7.5405263157894735,3,⚠️ At Risk Customers
12536,43,3,12601.830000000002,4200.610000000001,934.3333333333334,260,3,15,0.057692307692307696,France,6326.615000000001,0.06818181818181818,787.6143750000001,1,🏆 High Value Customers
12538,29,1,363.95,363.95,191.0,21,1,0,0.0,Spain,189.075,0.03333333333333333,363.95,3,⚠️ At Risk Customers
12539,22,4,5568.35,1392.0875,516.75,157,4,311,1.1397058823529411,Spain,2821.9750000000004,0.17391304347826086,17.847275641025643,0,🌱 Potential Customers
12540,20,17,13400.24,788.2494117647059,393.2352941176471,277,17,342,0.70020964360587,Spain,6868.12,0.8095238095238095,39.06775510204081,2,💎 Premium Customers
12541,30,3,981.18,327.06,226.66666666666666,46,3,251,4.901960784313726,Spain,517.5899999999999,0.0967741935483871,3.8935714285714282,0,🌱 Potential Customers
12544,36,1,372.7,372.7,136.0,19,1,0,0.0,Spain,192.75,0.02702702702702703,372.7,3,⚠️ At Risk Customers
12545,75,2,1000.39,500.195,261.5,42,2,184,3.7551020408163267,Spain,512.6949999999999,0.02631578947368421,5.407513513513513,0,🌱 Potential Customers
12546,47,2,1161.5,580.75,316.5,59,2,31,0.45588235294117646,Spain,596.05,0.041666666666666664,36.296875,3,⚠️ At Risk Customers
12547,198,2,207.79999999999998,103.9,67.0,7,2,82,11.714285714285714,Spain,104.1,0.010050251256281407,2.503614457831325,3,⚠️ At Risk Customers
12548,166,1,95.19999999999999,95.19999999999999,49.0,5,1,0,0.0,Spain,40.99999999999999,0.005988023952095809,95.19999999999999,3,⚠️ At Risk Customers
12550,79,1,964.83,964.83,569.0,57,1,0,0.0,Spain,484.51500000000004,0.0125,964.83,1,🏆 High Value Customers
12551,358,1,168.0,168.0,100.0,10,1,0,0.0,Spain,58.199999999999996,0.002785515320334262,168.0,3,⚠️ At Risk Customers
12552,39,2,437.82,218.91,44.0,20,2,0,0.0,Italy,235.01,0.05,437.82,3,⚠️ At Risk Customers
12553,8,10,3692.28,369.22799999999995,196.5,95,10,321,1.668421052631579,France,1945.3400000000001,1.1111111111111112,11.466708074534163,0,🌱 Potential Customers
12556,50,2,599.56,299.78,177.5,100,2,100,0.847457627118644,Spain,314.78,0.0392156862745098,5.936237623762375,0,🌱 Potential Customers
12557,16,5,11990.960000000001,2398.192,876.8,15,5,355,11.03125,Spain,6043.88,0.29411764705882354,33.68247191011236,1,🏆 High Value Customers
12558,8,1,269.96,269.96,196.0,11,1,0,0.0,USA,144.17999999999998,0.1111111111111111,269.96,3,⚠️ At Risk Customers
12559,311,2,561.71,280.855,141.5,21,2,8,0.4,Germany,269.755,0.00641025641025641,62.412222222222226,3,⚠️ At Risk Customers
12560,5,3,2134.01,711.3366666666667,370.0,91,3,137,1.3076923076923077,Germany,1096.505,0.5,15.463840579710146,0,🌱 Potential Customers
12561,303,1,238.85,238.85,177.0,16,1,0,0.0,Germany,99.12500000000001,0.003289473684210526,238.85,3,⚠️ At Risk Customers
12562,8,7,3781.7400000000002,540.2485714285714,254.14285714285714,99,7,190,1.125748502994012,France,1960.0700000000002,0.7777777777777778,19.79968586387435,0,🌱 Potential Customers
12564,261,1,456.9,456.9,133.0,21,1,0,0.0,France,212.35,0.003816793893129771,456.9,3,⚠️ At Risk Customers
12565,289,1,145.92,145.92,80.0,9,1,0,0.0,Saudi Arabia,54.05999999999999,0.0034482758620689655,145.92,3,⚠️ At Risk Customers
12566,86,1,351.65,351.65,265.0,19,1,0,0.0,Germany,177.225,0.011494252873563218,351.65,3,⚠️ At Risk Customers
12567,23,10,9401.28,940.128,430.5,323,10,346,0.7707865168539326,France,4798.34,0.4166666666666667,27.093025936599425,2,💎 Premium Customers
12569,2,32,4124.69,128.89656250000002,56.28125,92,30,250,1.267379679144385,Germany,2382.145,10.0,16.433027888446215,2,💎 Premium Customers
12571,40,2,519.61,259.805,261.5,31,2,81,2.4545454545454546,France,275.805,0.04878048780487805,6.336707317073171,3,⚠️ At Risk Customers
12572,9,2,1020.42,510.21000000000004,226.0,53,2,43,0.7288135593220338,Germany,529.3100000000001,0.2,23.191363636363636,3,⚠️ At Risk Customers
12573,227,1,160.54000000000002,160.54000000000002,84.0,26,1,0,0.0,France,67.57000000000001,0.0043859649122807015,160.54000000000002,3,⚠️ At Risk Customers
12574,316,1,218.45,218.45,61.0,11,1,0,0.0,France,87.625,0.0031545741324921135,218.45,3,⚠️ At Risk Customers
12576,36,5,1315.83,263.166,193.4,72,5,268,3.0804597701149423,Poland,704.3149999999999,0.13513513513513514,4.8915613382899625,0,🌱 Potential Customers
12577,35,3,626.6,208.86666666666667,156.33333333333334,137,3,323,2.2275862068965515,France,339.8,0.08333333333333333,1.9339506172839507,0,🌱 Potential Customers
12578,21,2,2794.51,1397.255,598.0,111,2,308,2.725663716814159,Italy,1415.1550000000002,0.09090909090909091,9.043721682847897,0,🌱 Potential Customers
12579,78,1,440.42,440.42,285.0,29,1,0,0.0,France,222.41,0.012658227848101266,440.42,3,⚠️ At Risk Customers
12580,247,1,415.7,415.7,238.0,24,1,0,0.0,Germany,193.14999999999998,0.004032258064516129,415.7,3,⚠️ At Risk Customers
12581,40,1,197.71,197.71,161.0,15,1,0,0.0,Germany,104.855,0.024390243902439025,197.71,3,⚠️ At Risk Customers
12582,239,2,511.36,255.68,150.0,21,2,49,2.3333333333333335,Finland,251.78,0.008333333333333333,10.2272,3,⚠️ At Risk Customers
12583,3,15,7281.38,485.42533333333336,337.3333333333333,115,15,370,1.4796747967479675,France,3790.39,3.75,19.62636118598383,2,💎 Premium Customers
12584,4,9,2338.15,259.7944444444445,46.22222222222222,44,9,276,2.863157894736842,Italy,1258.675,1.8,8.440974729241878,0,🌱 Potential Customers
12585,234,2,2040.1,1020.05,639.5,77,2,117,1.3604651162790697,Germany,1016.65,0.00851063829787234,17.288983050847456,1,🏆 High Value Customers
12586,17,1,196.94000000000003,196.94000000000003,79.0,11,1,0,0.0,Italy,106.77000000000001,0.05555555555555555,196.94000000000003,3,⚠️ At Risk Customers
12587,8,1,144.0,144.0,51.0,4,1,0,0.0,Finland,81.2,0.1111111111111111,144.0,3,⚠️ At Risk Customers
12588,39,1,214.89999999999998,214.89999999999998,53.0,10,1,0,0.0,Finland,113.54999999999998,0.025,214.89999999999998,3,⚠️ At Risk Customers
12589,29,2,646.68,323.34000000000003,153.0,29,2,115,3.3823529411764706,France,340.44,0.06666666666666667,5.574827586206896,0,🌱 Potential Customers
12590,211,2,9864.26,4932.13,2141.5,68,2,0,0.0,Germany,4931.03,0.009433962264150943,9864.26,1,🏆 High Value Customers
12591,317,1,452.84999999999997,452.84999999999997,228.0,26,1,0,0.0,Italy,204.72499999999997,0.0031446540880503146,452.84999999999997,3,⚠️ At Risk Customers
12592,92,2,437.6,218.8,145.0,11,2,121,7.117647058823529,Germany,229.60000000000002,0.021505376344086023,3.5868852459016396,3,⚠️ At Risk Customers
12593,109,3,418.09999999999997,139.36666666666667,68.66666666666667,14,3,110,5.5,France,228.14999999999998,0.02727272727272727,3.766666666666666,3,⚠️ At Risk Customers
12594,38,10,3338.2200000000003,333.822,177.7,50,10,285,2.4017094017094016,Italy,1765.3100000000002,0.2564102564102564,11.672097902097903,0,🌱 Potential Customers
12596,51,2,618.27,309.135,237.0,25,2,190,7.3076923076923075,Spain,324.03499999999997,0.038461538461538464,3.237015706806283,0,🌱 Potential Customers
12597,19,4,3811.22,952.805,559.0,184,4,248,1.2097560975609756,Spain,1943.7099999999998,0.2,15.306104417670682,0,🌱 Potential Customers
12598,10,8,3023.08,377.885,245.5,84,8,275,2.0763358778625953,France,1590.54,0.7272727272727273,10.953188405797102,0,🌱 Potential Customers
12599,29,7,1032.58,147.51142857142855,136.57142857142858,32,7,275,4.459016393442623,France,583.39,0.23333333333333334,3.741231884057971,0,🌱 Potential Customers
12600,29,10,2599.04,259.904,77.4,32,10,342,5.380952380952381,Germany,1396.62,0.3333333333333333,7.57737609329446,0,🌱 Potential Customers
12601,190,5,577.0600000000001,115.41199999999999,49.0,21,5,142,5.222222222222222,Germany,319.53000000000003,0.02617801047120419,4.035384615384616,3,⚠️ At Risk Customers
12602,59,1,153.12,153.12,162.0,12,1,0,0.0,France,80.66,0.016666666666666666,153.12,3,⚠️ At Risk Customers
12603,22,1,739.1999999999999,739.1999999999999,63.0,2,1,0,0.0,Germany,377.4,0.043478260869565216,739.1999999999999,3,⚠️ At Risk Customers
12604,79,2,254.18,127.09,100.5,15,2,182,12.133333333333333,France,139.19,0.025,1.38896174863388,0,🌱 Potential Customers
12607,60,1,1579.51,1579.51,1228.0,101,1,0,0.0,USA,793.755,0.01639344262295082,1579.51,1,🏆 High Value Customers
12609,78,3,1126.85,375.6166666666666,216.0,57,3,240,4.067796610169491,Germany,585.625,0.0379746835443038,4.6757261410788375,0,🌱 Potential Customers
12610,23,5,2099.54,419.908,209.8,85,5,103,0.9619047619047619,Italy,1097.47,0.20833333333333334,20.187884615384615,0,🌱 Potential Customers
12611,52,1,1193.32,1193.32,846.0,65,1,0,0.0,Italy,601.4599999999999,0.018867924528301886,1193.32,1,🏆 High Value Customers
12612,74,1,704.0400000000001,704.0400000000001,262.0,19,1,0,0.0,Germany,354.62000000000006,0.013333333333333334,704.0400000000001,3,⚠️ At Risk Customers
12613,57,5,3344.38,668.876,328.8,124,5,204,1.3421052631578947,Germany,1716.49,0.08620689655172414,16.314048780487806,0,🌱 Potential Customers
12614,278,1,315.6,315.6,76.0,20,1,0,0.0,Germany,140.0,0.0035842293906810036,315.6,3,⚠️ At Risk Customers
12615,2,4,2291.19,572.7975,344.0,82,4,166,1.5865384615384615,France,1185.395,1.3333333333333333,13.719700598802396,0,🌱 Potential Customers
12616,95,2,713.3,356.65,142.0,25,2,202,6.516129032258065,France,367.15,0.020833333333333332,3.5137931034482754,0,🌱 Potential Customers
12617,29,1,352.98,352.98,210.0,39,1,0,0.0,France,183.59,0.03333333333333333,352.98,3,⚠️ At Risk Customers
12618,22,1,177.31,177.31,96.0,11,1,0,0.0,Italy,96.455,0.043478260869565216,177.31,3,⚠️ At Risk Customers
12619,16,9,3641.24,404.5822222222222,375.3333333333333,50,9,237,2.640449438202247,Germany,1909.02,0.5294117647058824,15.299327731092436,0,🌱 Potential Customers
12620,15,3,1339.41,446.46999999999997,393.6666666666667,89,3,189,2.076923076923077,France,698.205,0.1875,7.049526315789474,0,🌱 Potential Customers
12621,2,20,13689.67,684.4835,372.0,261,20,364,0.759656652360515,Germany,7044.635,6.666666666666667,37.50594520547945,2,💎 Premium Customers
12622,232,1,180.1,180.1,69.0,11,1,0,0.0,Germany,76.85,0.004291845493562232,180.1,3,⚠️ At Risk Customers
12623,276,1,305.1,305.1,191.0,18,1,0,0.0,Germany,134.95000000000002,0.0036101083032490976,305.1,3,⚠️ At Risk Customers
12624,106,2,641.13,320.565,177.5,36,2,71,1.9189189189189189,France,329.965,0.018691588785046728,8.904583333333333,3,⚠️ At Risk Customers
12625,212,2,2683.82,1341.9099999999999,806.0,73,2,107,1.2588235294117647,Germany,1340.71,0.009389671361502348,24.850185185185186,1,🏆 High Value Customers
12626,23,9,6620.48,735.6088888888888,383.6666666666667,232,9,303,1.023890784982935,Germany,3397.9399999999996,0.375,21.777894736842104,0,🌱 Potential Customers
12627,11,7,4478.53,639.79,393.14285714285717,162,7,129,0.5545851528384279,Germany,2308.165,0.5833333333333334,34.450230769230764,0,🌱 Potential Customers
12628,4,3,786.46,262.15333333333336,149.33333333333334,34,3,60,1.475,Germany,422.83000000000004,0.6,12.892786885245902,3,⚠️ At Risk Customers
12630,10,2,1270.88,635.44,274.0,60,2,34,0.5396825396825397,Finland,654.44,0.18181818181818182,36.310857142857145,3,⚠️ At Risk Customers
12631,57,1,640.5,640.5,236.0,31,1,0,0.0,Finland,324.55,0.017241379310344827,640.5,3,⚠️ At Risk Customers
12633,59,4,2163.98,540.995,290.5,73,4,229,2.28,Germany,1116.09,0.06666666666666667,9.408608695652173,0,🌱 Potential Customers
12635,90,2,1689.18,844.5899999999999,586.0,96,2,65,0.65,Germany,855.59,0.02197802197802198,25.593636363636364,0,🌱 Potential Customers
12637,67,8,6002.9,750.3625000000001,374.25,205,9,256,0.6666666666666666,France,3074.75,0.1323529411764706,23.35758754863813,0,🌱 Potential Customers
12638,33,1,671.69,671.69,577.0,39,1,0,0.0,Sweden,342.545,0.029411764705882353,671.69,1,🏆 High Value Customers
12639,239,1,486.1,486.1,201.0,22,1,0,0.0,Sweden,229.15,0.004166666666666667,486.1,3,⚠️ At Risk Customers
12640,24,3,1174.58,391.5266666666667,103.66666666666667,47,3,57,1.0961538461538463,France,614.89,0.12,20.251379310344827,3,⚠️ At Risk Customers
12641,115,1,185.9,185.9,72.0,10,1,0,0.0,Sweden,91.45,0.008620689655172414,185.9,3,⚠️ At Risk Customers
12642,25,3,1013.26,337.75333333333333,184.0,39,3,82,1.7826086956521738,Germany,534.13,0.11538461538461539,12.207951807228916,3,⚠️ At Risk Customers
12643,128,6,3344.64,557.44,301.3333333333333,11,6,204,8.782608695652174,France,1719.52,0.046511627906976744,16.315317073170732,0,🌱 Potential Customers
12644,130,1,477.91,477.91,325.0,31,1,0,0.0,Germany,235.955,0.007633587786259542,477.91,3,⚠️ At Risk Customers
12645,34,4,1775.18,443.795,271.0,58,4,282,3.9027777777777777,Germany,924.19,0.11428571428571428,6.2727208480565375,0,🌱 Potential Customers
12646,5,2,1346.97,673.4849999999999,448.5,43,2,44,1.0,USA,692.985,0.3333333333333333,29.932666666666666,0,🌱 Potential Customers
12647,22,12,3722.82,310.23499999999996,119.25,78,12,346,2.8333333333333335,Germany,1979.21,0.5217391304347826,10.728587896253602,0,🌱 Potential Customers
12648,155,1,318.05,318.05,160.0,21,1,0,0.0,Germany,153.525,0.00641025641025641,318.05,3,⚠️ At Risk Customers
12649,107,3,623.51,207.83666666666667,195.33333333333334,28,3,105,3.5,Germany,331.055,0.027777777777777776,5.882169811320755,3,⚠️ At Risk Customers
12650,3,1,314.44,314.44,254.0,20,1,0,0.0,France,166.92,0.25,314.44,3,⚠️ At Risk Customers
12651,335,1,114.0,114.0,78.0,9,1,0,0.0,France,33.5,0.002976190476190476,114.0,3,⚠️ At Risk Customers
12652,331,1,919.98,919.98,505.0,48,1,0,0.0,France,436.89,0.0030120481927710845,919.98,1,🏆 High Value Customers
12653,149,2,2209.85,1104.925,459.5,37,2,147,3.5,Israel,1110.0249999999999,0.013333333333333334,14.931418918918919,0,🌱 Potential Customers
12654,11,5,601.98,120.396,52.8,31,5,284,7.648648648648648,Germany,349.89,0.4166666666666667,2.1122105263157893,0,🌱 Potential Customers
12656,17,5,4051.17,810.234,344.6,89,5,216,1.72,France,2073.885,0.2777777777777778,18.668986175115208,0,🌱 Potential Customers
12657,11,4,1643.18,410.795,261.0,35,4,67,1.434782608695652,France,860.49,0.3333333333333333,24.164411764705882,0,🌱 Potential Customers
12658,19,1,686.05,686.05,320.0,36,1,0,0.0,Germany,351.125,0.05,686.05,3,⚠️ At Risk Customers
12659,30,1,91.68,91.68,105.0,5,1,0,0.0,France,52.84,0.03225806451612903,91.68,3,⚠️ At Risk Customers
12660,11,1,245.1,245.1,127.0,13,1,0,0.0,France,131.45000000000002,0.08333333333333333,245.1,3,⚠️ At Risk Customers
12662,1,11,3849.78,349.98,187.0909090909091,129,11,372,1.6069868995633187,Germany,2034.7900000000002,5.5,10.321126005361931,2,💎 Premium Customers
12664,8,9,4881.88,542.4311111111111,133.66666666666666,10,9,314,8.61111111111111,Finland,2530.14,1.0,15.498031746031746,0,🌱 Potential Customers
12665,325,1,63.0,63.0,37.0,3,1,0,0.0,Germany,9.0,0.003067484662576687,63.0,3,⚠️ At Risk Customers
12667,58,1,620.13,620.13,395.0,33,1,0,0.0,Finland,314.265,0.01694915254237288,620.13,3,⚠️ At Risk Customers
12668,12,4,3807.15,951.7874999999999,408.5,115,4,343,2.14375,Germany,1942.375,0.3076923076923077,11.067296511627907,0,🌱 Potential Customers
12669,151,3,2744.0299999999997,914.6766666666666,371.6666666666667,98,3,105,1.05,France,1386.915,0.019736842105263157,25.88707547169811,0,🌱 Potential Customers
12670,10,5,2996.05,599.2099999999999,279.4,58,5,222,2.4285714285714284,France,1547.025,0.45454545454545453,13.435201793721975,0,🌱 Potential Customers
12672,330,1,225.89999999999998,225.89999999999998,78.0,10,1,0,0.0,France,89.94999999999999,0.0030211480362537764,225.89999999999998,3,⚠️ At Risk Customers
12673,5,2,610.52,305.26,175.5,42,2,321,7.829268292682927,Germany,324.76,0.3333333333333333,1.8960248447204968,0,🌱 Potential Customers
12674,39,4,1970.6,492.65,283.25,52,4,169,2.0609756097560976,France,1021.4,0.1,11.591764705882353,0,🌱 Potential Customers
12676,25,6,1331.39,221.89833333333334,111.66666666666667,33,6,286,6.454545454545454,Sweden,723.195,0.23076923076923078,4.638989547038328,0,🌱 Potential Customers
12678,42,12,17628.46,1469.0383333333332,910.25,105,12,311,1.8597560975609757,France,8930.029999999999,0.27906976744186046,56.501474358974356,2,💎 Premium Customers
12679,59,4,1113.02,278.255,138.5,43,4,225,4.74468085106383,France,590.61,0.06666666666666667,4.924867256637168,0,🌱 Potential Customers
12680,1,4,862.81,215.7025,110.75,33,4,112,2.176470588235294,France,471.30499999999995,2.0,7.635486725663716,0,🌱 Potential Customers
12681,15,22,13787.54,626.7063636363636,342.54545454545456,267,22,353,0.5368916797488226,France,7112.27,1.375,38.947853107344635,2,💎 Premium Customers
12682,4,31,12279.82,396.1232258064516,179.19354838709677,209,31,367,0.6749521988527725,France,6449.51,6.2,33.36907608695652,2,💎 Premium Customers
12683,4,15,8476.57,565.1046666666666,332.46666666666664,177,15,361,1.0408163265306123,France,4387.885,3.0,23.415939226519335,2,💎 Premium Customers
12684,8,7,2283.63,326.23285714285714,283.57142857142856,61,7,205,1.9519230769230769,France,1211.015,0.7777777777777778,11.085582524271846,0,🌱 Potential Customers
12685,28,6,2863.08,477.18,253.83333333333334,117,6,65,0.40384615384615385,France,1488.74,0.20689655172413793,43.379999999999995,0,🌱 Potential Customers
12686,372,1,89.14,89.14,107.0,7,1,0,0.0,France,17.369999999999997,0.002680965147453083,89.14,3,⚠️ At Risk Customers
12688,114,1,4873.8099999999995,4873.8099999999995,3028.0,171,1,0,0.0,Israel,2435.5049999999997,0.008695652173913044,4873.8099999999995,1,🏆 High Value Customers
12689,26,2,1247.61,623.805,314.0,57,2,101,1.4225352112676057,France,641.2049999999999,0.07407407407407407,12.231470588235293,0,🌱 Potential Customers
12690,206,1,389.01,389.01,106.0,16,1,0,0.0,France,183.905,0.004830917874396135,389.01,3,⚠️ At Risk Customers
12691,28,6,1035.8,172.63333333333333,65.66666666666667,21,6,329,10.548387096774194,France,575.1,0.20689655172413793,3.1387878787878787,0,🌱 Potential Customers
12693,127,4,855.91,213.97750000000002,63.75,35,4,192,5.026315789473684,Germany,455.255,0.03125,4.434766839378238,0,🌱 Potential Customers
12694,70,2,869.67,434.83500000000004,254.5,32,2,112,3.111111111111111,France,447.835,0.028169014084507043,7.696194690265487,3,⚠️ At Risk Customers
12695,7,4,582.1,145.525,55.0,23,4,203,7.730769230769231,France,330.35,0.5,2.8534313725490197,0,🌱 Potential Customers
12697,29,3,957.59,319.19666666666666,169.33333333333334,37,3,140,3.475,Sweden,505.89500000000004,0.1,6.791418439716312,0,🌱 Potential Customers
12700,8,4,4939.99,1234.9975,741.75,193,4,207,0.7715355805243446,France,2509.1949999999997,0.4444444444444444,23.74995192307692,1,🏆 High Value Customers
12701,80,2,797.71,398.855,339.0,50,2,162,3.1153846153846154,Germany,410.855,0.024691358024691357,4.893926380368098,0,🌱 Potential Customers
12702,20,1,219.0,219.0,53.0,12,1,0,0.0,Germany,117.5,0.047619047619047616,219.0,3,⚠️ At Risk Customers
12703,71,1,283.55,283.55,164.0,21,1,0,0.0,Germany,144.675,0.013888888888888888,283.55,3,⚠️ At Risk Customers
12704,7,8,2340.84,292.605,125.75,64,8,162,1.8160919540229885,Finland,1249.72,1.0,14.360981595092026,0,🌱 Potential Customers
12705,15,9,6868.29,763.1433333333333,444.1111111111111,228,9,341,1.015015015015015,Germany,3522.645,0.5625,20.082719298245614,0,🌱 Potential Customers
12707,292,1,603.42,603.42,256.0,33,1,0,0.0,France,282.51,0.0034129692832764505,603.42,3,⚠️ At Risk Customers
12708,30,10,2712.91,271.291,130.7,86,10,338,2.141025641025641,Germany,1453.455,0.3225806451612903,8.002684365781711,0,🌱 Potential Customers
12709,15,15,9706.52,647.1013333333334,260.8,93,15,351,1.674757281553398,Germany,5001.76,0.9375,27.57534090909091,2,💎 Premium Customers
12710,97,3,1149.02,383.00666666666666,283.6666666666667,75,3,104,1.355263157894737,Germany,594.81,0.030612244897959183,10.943047619047618,0,🌱 Potential Customers
12712,29,13,4396.13,338.1638461538462,81.6923076923077,58,13,342,2.5454545454545454,Germany,2325.165,0.43333333333333335,12.816705539358601,0,🌱 Potential Customers
12713,1,1,848.55,848.55,508.0,38,1,0,0.0,Germany,434.17499999999995,0.5,848.55,1,🏆 High Value Customers
12714,9,5,4708.86,941.7719999999999,613.8,216,5,285,1.0968992248062015,France,2403.5299999999997,0.5,16.464545454545455,0,🌱 Potential Customers
12715,106,1,343.36,343.36,192.0,20,1,0,0.0,Sweden,171.08,0.009345794392523364,343.36,3,⚠️ At Risk Customers
12716,4,2,1053.49,526.745,354.0,60,2,129,1.8970588235294117,France,546.345,0.4,8.103769230769231,0,🌱 Potential Customers
12717,151,2,1030.98,515.49,253.0,49,2,94,1.7407407407407407,Greece,520.39,0.013157894736842105,10.852421052631579,3,⚠️ At Risk Customers
12718,71,1,238.25,238.25,203.0,19,1,0,0.0,France,122.025,0.013888888888888888,238.25,3,⚠️ At Risk Customers
12719,5,2,644.95,322.475,187.0,34,2,59,1.5526315789473684,France,341.975,0.3333333333333333,10.749166666666667,3,⚠️ At Risk Customers
12720,3,25,5781.73,231.26919999999998,186.88,211,25,366,1.0141643059490084,Germany,3140.5649999999996,6.25,15.754032697547682,2,💎 Premium Customers
12721,32,6,2656.13,442.68833333333333,326.5,133,6,323,2.0,France,1384.865,0.18181818181818182,8.197932098765433,0,🌱 Potential Customers
12722,85,4,997.63,249.4075,141.5,50,4,65,1.2115384615384615,France,530.315,0.046511627906976744,15.11560606060606,3,⚠️ At Risk Customers
12723,4,5,725.07,145.01399999999998,86.8,53,5,61,0.8823529411764706,France,412.13500000000005,1.0,11.69467741935484,0,🌱 Potential Customers
12724,5,4,1031.41,257.8525,111.25,47,4,327,6.25,France,555.205,0.6666666666666666,3.1445426829268297,0,🌱 Potential Customers
12725,371,1,427.8,427.8,164.0,24,1,0,0.0,Italy,186.8,0.002688172043010753,427.8,3,⚠️ At Risk Customers
12726,28,7,2609.1,372.7285714285714,449.0,57,7,329,2.6422764227642275,France,1371.75,0.2413793103448276,7.906363636363636,0,🌱 Potential Customers
12727,11,7,3980.7,568.6714285714286,299.7142857142857,109,7,309,2.2246376811594204,France,2059.25,0.5833333333333334,12.840967741935483,0,🌱 Potential Customers
12728,71,4,836.33,209.08249999999998,104.75,38,4,261,5.777777777777778,France,451.065,0.05555555555555555,3.1920992366412215,0,🌱 Potential Customers
12729,114,1,453.01,453.01,233.0,26,1,0,0.0,France,225.105,0.008695652173913044,453.01,3,⚠️ At Risk Customers
12731,24,12,18895.91,1574.6591666666666,703.0833333333334,109,12,341,1.2344322344322345,France,9565.555,0.48,55.25119883040936,2,💎 Premium Customers
12732,180,1,236.26000000000002,236.26000000000002,111.0,12,1,0,0.0,France,110.13,0.0055248618784530384,236.26000000000002,3,⚠️ At Risk Customers
12733,234,1,383.95,383.95,137.0,22,1,0,0.0,USA,178.575,0.00425531914893617,383.95,3,⚠️ At Risk Customers
12734,353,1,110.39999999999999,110.39999999999999,88.0,4,1,0,0.0,France,29.899999999999984,0.002824858757062147,110.39999999999999,3,⚠️ At Risk Customers
12735,315,2,779.5699999999999,389.78499999999997,184.0,38,2,21,0.5,France,378.28499999999997,0.006329113924050633,35.434999999999995,3,⚠️ At Risk Customers
12736,333,1,234.0,234.0,173.0,4,1,0,0.0,France,93.69999999999999,0.0029940119760479044,234.0,3,⚠️ At Risk Customers
12738,372,1,155.35,155.35,148.0,11,1,0,0.0,Germany,50.474999999999994,0.002680965147453083,155.35,3,⚠️ At Risk Customers
12739,78,2,1013.04,506.52,243.0,38,2,20,0.5405405405405406,United Arab Emirates,518.72,0.02531645569620253,48.239999999999995,3,⚠️ At Risk Customers
12740,64,1,427.6,427.6,342.0,27,1,0,0.0,France,217.4,0.015384615384615385,427.6,3,⚠️ At Risk Customers
12743,134,2,540.13,270.065,157.5,114,2,0,0.0,Unspecified,276.665,0.014814814814814815,540.13,3,⚠️ At Risk Customers
12744,52,7,21279.29,3039.8985714285714,748.7142857142857,178,7,266,1.1945701357466063,Singapore,10704.445,0.1320754716981132,79.69771535580524,2,💎 Premium Customers
12747,2,11,4196.01,381.4554545454546,115.9090909090909,42,11,366,3.5588235294117645,United Kingdom,2207.8050000000003,3.6666666666666665,11.433269754768393,0,🌱 Potential Customers
12748,1,209,33053.19,158.14923444976077,120.99043062200957,1768,210,372,0.06755837678530946,United Kingdom,18616.495000000003,105.0,88.61445040214478,2,💎 Premium Customers
12749,4,5,4090.88,818.176,294.2,160,5,209,1.0454545454545454,United Kingdom,2095.04,1.0,19.48038095238095,0,🌱 Potential Customers
12750,129,1,275.88,275.88,137.0,15,1,0,0.0,Poland,135.04,0.007692307692307693,275.88,3,⚠️ At Risk Customers
12752,81,1,4366.78,4366.78,2262.0,53,1,0,0.0,Norway,2185.29,0.012195121951219513,4366.78,1,🏆 High Value Customers
12753,23,6,21429.39,3571.565,1903.5,132,6,339,1.719387755102041,Japan,10772.395,0.25,63.02761764705882,2,💎 Premium Customers
12754,236,3,3010.74,1003.5799999999999,2160.3333333333335,49,4,72,1.1612903225806452,Japan,1511.77,0.016877637130801686,41.243013698630136,1,🏆 High Value Customers
12755,281,2,3811.95,1905.975,745.5,4,2,85,28.333333333333332,Japan,1897.875,0.0070921985815602835,44.324999999999996,1,🏆 High Value Customers
12756,87,1,112.07999999999998,112.07999999999998,144.0,4,1,0,0.0,Japan,57.33999999999999,0.011363636363636364,112.07999999999998,3,⚠️ At Risk Customers
12757,16,13,7834.650000000001,602.6653846153847,184.23076923076923,237,13,195,0.5234159779614325,Portugal,4045.7250000000004,0.7647058823529411,39.972704081632656,2,💎 Premium Customers
12758,117,2,2791.59,1395.795,1067.5,84,2,159,1.65625,Portugal,1404.095,0.01694915254237288,17.4474375,1,🏆 High Value Customers
12759,52,3,1531.44,510.48,300.6666666666667,81,3,223,2.372340425531915,Netherlands,790.52,0.05660377358490566,6.836785714285715,0,🌱 Potential Customers
12762,8,2,1898.52,949.26,613.5,62,2,17,0.25,Portugal,968.46,0.2222222222222222,105.47333333333333,1,🏆 High Value Customers
12763,138,2,494.08,247.04,158.0,16,2,230,13.529411764705882,Japan,253.23999999999995,0.014388489208633094,2.138874458874459,0,🌱 Potential Customers
12764,317,1,1693.88,1693.88,386.0,45,1,0,0.0,Lebanon,825.24,0.0031446540880503146,1693.88,1,🏆 High Value Customers
12766,4,7,6989.63,998.5185714285715,520.8571428571429,205,7,362,1.1650485436893203,Portugal,3564.415,1.4,19.25517906336088,0,🌱 Potential Customers
12769,239,1,1143.6,1143.6,356.0,32,1,0,0.0,Brazil,557.9,0.004166666666666667,1143.6,1,🏆 High Value Customers
12770,211,1,1351.45,1351.45,743.0,12,1,0,0.0,Japan,664.625,0.0047169811320754715,1351.45,1,🏆 High Value Customers
12772,60,1,892.47,892.47,556.0,55,1,0,0.0,Portugal,450.235,0.01639344262295082,892.47,1,🏆 High Value Customers
12775,17,5,1386.04,277.20799999999997,175.4,47,5,294,4.492307692307692,Netherlands,741.3199999999999,0.2777777777777778,4.698440677966102,0,🌱 Potential Customers
12778,20,6,822.23,137.03833333333333,137.5,40,6,292,5.918367346938775,Netherlands,469.115,0.2857142857142857,2.806245733788396,0,🌱 Potential Customers
12779,38,8,3981.36,497.66999999999996,253.0,88,8,333,2.22972972972973,Poland,2066.88,0.20512820512820512,11.920239520958084,0,🌱 Potential Customers
12781,64,2,826.74,413.37,335.5,25,2,221,9.208333333333334,Czech Republic,426.97,0.03076923076923077,3.724054054054054,0,🌱 Potential Customers
12782,5,5,2330.92,466.184,217.2,81,5,352,3.4313725490196076,Portugal,1214.96,0.8333333333333334,6.603172804532578,0,🌱 Potential Customers
12783,2,6,2225.91,370.98499999999996,104.0,76,6,73,0.8554216867469879,Portugal,1172.7549999999999,2.0,30.079864864864863,0,🌱 Potential Customers
12784,9,2,532.8199999999999,266.40999999999997,140.0,54,2,6,0.10714285714285714,Portugal,285.51,0.2,76.11714285714285,3,⚠️ At Risk Customers
12785,364,1,311.95,311.95,131.0,14,1,0,0.0,Portugal,129.575,0.0027397260273972603,311.95,3,⚠️ At Risk Customers
12787,10,3,463.66,154.5533333333333,87.0,17,3,182,9.578947368421053,Netherlands,260.83000000000004,0.2727272727272727,2.5336612021857925,0,🌱 Potential Customers
12789,65,1,91.85,91.85,4.0,4,1,0,0.0,Netherlands,49.425,0.015151515151515152,91.85,3,⚠️ At Risk Customers
12790,192,1,324.92,324.92,166.0,21,1,0,0.0,Netherlands,153.26,0.0051813471502590676,324.92,3,⚠️ At Risk Customers
12791,374,1,192.60000000000002,192.60000000000002,97.0,2,1,0,0.0,Netherlands,68.9,0.0026666666666666666,192.60000000000002,3,⚠️ At Risk Customers
12792,257,1,400.53999999999996,400.53999999999996,217.0,25,1,0,0.0,Portugal,184.57,0.003875968992248062,400.53999999999996,3,⚠️ At Risk Customers
12793,335,2,545.48,272.74,147.5,21,2,36,1.565217391304348,Portugal,259.24,0.005952380952380952,14.742702702702703,3,⚠️ At Risk Customers
12794,53,2,860.41,430.205,296.0,43,2,45,1.0227272727272727,Portugal,444.905,0.037037037037037035,18.704565217391302,3,⚠️ At Risk Customers
12795,19,1,430.48,430.48,68.0,14,1,0,0.0,Portugal,223.34,0.05,430.48,3,⚠️ At Risk Customers
12797,366,1,254.03,254.03,118.0,13,1,0,0.0,Portugal,100.41499999999999,0.0027247956403269754,254.03,3,⚠️ At Risk Customers
12798,10,3,6977.04,2325.68,1752.0,6,3,160,22.857142857142858,Japan,3517.52,0.2727272727272727,43.33565217391304,1,🏆 High Value Customers
12802,187,1,427.58,427.58,314.0,25,1,0,0.0,Netherlands,205.09,0.005319148936170213,427.58,3,⚠️ At Risk Customers
12808,37,3,483.65000000000003,161.21666666666667,62.666666666666664,27,3,331,12.25925925925926,Portugal,268.12500000000006,0.07894736842105263,1.456777108433735,0,🌱 Potential Customers
12809,178,1,489.31,489.31,220.0,25,1,0,0.0,Portugal,236.855,0.00558659217877095,489.31,3,⚠️ At Risk Customers
12811,261,3,514.85,171.61666666666667,76.66666666666667,27,3,23,0.7333333333333333,Portugal,261.325,0.011450381679389313,21.452083333333334,3,⚠️ At Risk Customers
12812,45,1,229.64000000000001,229.64000000000001,164.0,15,1,0,0.0,Japan,120.32000000000001,0.021739130434782608,229.64000000000001,3,⚠️ At Risk Customers
12814,102,1,125.92,125.92,49.0,2,1,0,0.0,Poland,62.760000000000005,0.009708737864077669,125.92,3,⚠️ At Risk Customers
12815,148,2,1063.46,531.73,189.5,38,2,50,1.0869565217391304,Poland,536.9300000000001,0.013422818791946308,20.852156862745097,3,⚠️ At Risk Customers
12816,96,2,572.2,286.1,64.0,27,2,80,2.857142857142857,Poland,296.5,0.020618556701030927,7.064197530864198,3,⚠️ At Risk Customers
12817,281,1,166.04,166.04,53.0,4,1,0,0.0,Austria,64.91999999999999,0.0035460992907801418,166.04,3,⚠️ At Risk Customers
12818,262,1,1542.08,1542.08,929.0,14,1,0,0.0,Austria,754.8399999999999,0.0038022813688212928,1542.08,1,🏆 High Value Customers
12820,3,4,942.34,235.585,180.5,55,4,323,5.551724137931035,United Kingdom,510.87,1.0,2.908456790123457,0,🌱 Potential Customers
12821,214,1,92.72,92.72,70.0,6,1,0,0.0,United Kingdom,34.959999999999994,0.004651162790697674,92.72,3,⚠️ At Risk Customers
12822,71,2,948.88,474.44,275.0,41,2,16,0.35555555555555557,United Kingdom,487.34,0.027777777777777776,55.81647058823529,3,⚠️ At Risk Customers
12823,75,5,1759.5,351.9,46.0,1,5,221,55.0,United Kingdom,922.25,0.06578947368421052,7.925675675675675,0,🌱 Potential Customers
12824,60,1,397.12,397.12,232.0,25,1,0,0.0,United Kingdom,202.56,0.01639344262295082,397.12,3,⚠️ At Risk Customers
12826,3,7,1474.72,210.67428571428573,151.14285714285714,58,7,362,3.988888888888889,United Kingdom,807.0600000000001,1.75,4.062589531680441,0,🌱 Potential Customers
12827,6,3,430.15000000000003,143.38333333333333,65.66666666666667,19,3,38,1.5833333333333333,United Kingdom,244.47500000000002,0.42857142857142855,11.02948717948718,3,⚠️ At Risk Customers
12828,3,6,1018.71,169.785,82.33333333333333,46,6,127,2.272727272727273,United Kingdom,569.0550000000001,1.5,7.958671875,0,🌱 Potential Customers
12829,337,2,293.0,146.5,188.0,9,2,23,2.3,United Kingdom,132.8,0.005917159763313609,12.208333333333334,3,⚠️ At Risk Customers
12830,38,6,6814.64,1135.7733333333333,1641.3333333333333,13,6,134,3.5405405405405403,United Kingdom,3463.52,0.15384615384615385,50.47881481481482,1,🏆 High Value Customers
12831,262,1,215.05,215.05,135.0,9,1,0,0.0,United Kingdom,91.325,0.0038022813688212928,215.05,3,⚠️ At Risk Customers
12832,32,2,383.03,191.51500000000001,97.5,27,2,65,2.5,United Kingdom,208.315,0.06060606060606061,5.803484848484848,3,⚠️ At Risk Customers
12833,145,1,417.38,417.38,156.0,24,1,0,0.0,United Kingdom,204.19,0.00684931506849315,417.38,3,⚠️ At Risk Customers
12834,283,1,312.38,312.38,110.0,18,1,0,0.0,United Kingdom,137.89,0.0035211267605633804,312.38,3,⚠️ At Risk Customers
12836,59,4,2610.36,652.59,265.5,148,5,252,1.4508670520231215,United Kingdom,1339.28,0.08333333333333333,10.317628458498024,0,🌱 Potential Customers
12837,173,1,134.1,134.1,24.0,12,1,0,0.0,United Kingdom,59.75,0.005747126436781609,134.1,3,⚠️ At Risk Customers
12838,34,2,671.95,335.975,177.5,115,2,340,2.857142857142857,United Kingdom,352.57500000000005,0.05714285714285714,1.9705278592375368,0,🌱 Potential Customers
12839,3,14,5591.42,399.38714285714286,271.92857142857144,95,14,364,1.1501597444089458,United Kingdom,2935.41,3.5,15.31895890410959,2,💎 Premium Customers
12840,144,4,2726.77,681.6925,377.75,67,4,82,0.7232142857142857,United Kingdom,1388.985,0.027586206896551724,32.85265060240964,0,🌱 Potential Customers
12841,5,25,3991.58,159.6632,108.8,229,24,367,0.8619854721549637,United Kingdom,2245.29,4.0,10.846684782608696,2,💎 Premium Customers
12842,70,2,1118.99,559.495,273.5,34,2,238,7.212121212121212,United Kingdom,572.495,0.028169014084507043,4.681966527196653,0,🌱 Potential Customers
12843,66,8,1702.26,212.7825,97.625,69,8,198,1.9019607843137254,United Kingdom,924.53,0.11940298507462686,8.554070351758794,0,🌱 Potential Customers
12844,29,2,325.96000000000004,162.98000000000002,62.5,47,2,101,1.9803921568627452,United Kingdom,180.08,0.06666666666666667,3.1956862745098045,3,⚠️ At Risk Customers
12845,267,4,354.09,88.5225,51.0,26,4,22,0.8461538461538461,United Kingdom,190.34499999999997,0.014925373134328358,15.395217391304346,3,⚠️ At Risk Customers
12847,22,1,843.64,843.64,873.0,72,1,0,0.0,United Kingdom,429.62,0.043478260869565216,843.64,1,🏆 High Value Customers
12849,31,2,1010.29,505.145,298.5,47,2,237,5.042553191489362,United Kingdom,522.045,0.0625,4.2449159663865546,0,🌱 Potential Customers
12851,97,1,131.81,131.81,106.0,43,1,0,0.0,United Kingdom,66.205,0.01020408163265306,131.81,3,⚠️ At Risk Customers
12852,295,1,311.55,311.55,149.0,17,1,0,0.0,United Kingdom,136.275,0.0033783783783783786,311.55,3,⚠️ At Risk Customers
12853,135,6,1957.1000000000001,326.18333333333334,133.33333333333334,66,6,181,2.3376623376623376,United Kingdom,1025.0500000000002,0.04411764705882353,10.753296703296703,0,🌱 Potential Customers
12854,79,3,1316.25,438.75,208.66666666666666,95,3,239,2.212962962962963,United Kingdom,680.225,0.0375,5.484375,0,🌱 Potential Customers
12855,373,1,38.1,38.1,30.0,3,1,0,0.0,United Kingdom,-8.250000000000004,0.00267379679144385,38.1,3,⚠️ At Risk Customers
12856,8,6,2170.78,361.7966666666667,179.33333333333334,155,6,55,0.17419354838709677,United Kingdom,1144.5900000000001,0.6666666666666666,38.76392857142857,0,🌱 Potential Customers
12857,211,2,1106.4,553.2,171.5,37,2,91,2.022222222222222,United Kingdom,552.1,0.009433962264150943,12.02608695652174,3,⚠️ At Risk Customers
12863,52,1,521.2,521.2,188.0,5,1,0,0.0,United Kingdom,265.40000000000003,0.018867924528301886,521.2,3,⚠️ At Risk Customers
12864,138,1,147.12,147.12,216.0,3,1,0,0.0,United Kingdom,69.76,0.007194244604316547,147.12,3,⚠️ At Risk Customers
12865,26,2,1568.23,784.115,462.5,86,2,97,1.0319148936170213,Austria,801.515,0.07407407407407407,16.00234693877551,0,🌱 Potential Customers
12866,283,1,559.12,559.12,171.0,26,1,0,0.0,Belgium,261.26,0.0035211267605633804,559.12,3,⚠️ At Risk Customers
12867,26,7,4009.34,572.7628571428571,612.0,240,7,333,0.6191369606003753,United Kingdom,2072.07,0.25925925925925924,12.004011976047904,0,🌱 Potential Customers
12868,186,6,1607.0600000000002,267.84333333333336,154.66666666666666,72,6,187,1.7452830188679245,United Kingdom,844.9300000000001,0.03208556149732621,8.548191489361702,0,🌱 Potential Customers
12871,84,2,380.64,190.32,100.0,8,2,123,12.3,United Kingdom,201.92,0.023529411764705882,3.0696774193548384,0,🌱 Potential Customers
12872,327,2,599.97,299.985,159.5,58,2,38,0.5846153846153846,United Kingdom,287.285,0.006097560975609756,15.383846153846154,3,⚠️ At Risk Customers
12873,282,1,374.0,374.0,128.0,4,1,0,0.0,United Kingdom,168.8,0.0035335689045936395,374.0,3,⚠️ At Risk Customers
12875,143,2,343.2300000000001,171.61500000000004,1009.5,1,2,219,219.0,United Kingdom,177.31500000000003,0.013888888888888888,1.5601363636363639,0,🌱 Potential Customers
12876,58,2,2218.02,1109.01,970.5,67,2,138,1.6428571428571428,Belgium,1123.21,0.03389830508474576,15.956978417266187,1,🏆 High Value Customers
12877,4,12,1535.77,127.98083333333334,98.16666666666667,100,12,354,2.2745098039215685,United Kingdom,887.485,2.4,4.326112676056338,0,🌱 Potential Customers
12878,236,2,854.99,427.495,273.5,38,2,29,0.6304347826086957,United Kingdom,423.895,0.008438818565400843,28.499666666666666,3,⚠️ At Risk Customers
12879,45,3,573.22,191.07333333333335,123.33333333333333,7,3,47,5.111111111111111,United Kingdom,312.11,0.06521739130434782,11.942083333333334,3,⚠️ At Risk Customers
12881,276,1,298.0,298.0,21.0,7,1,0,0.0,United Kingdom,131.4,0.0036101083032490976,298.0,3,⚠️ At Risk Customers
12882,9,2,1463.04,731.52,123.0,12,2,24,2.0,United Kingdom,750.62,0.2,58.5216,3,⚠️ At Risk Customers
12883,25,4,703.47,175.8675,49.0,39,4,64,1.5609756097560976,United Kingdom,389.235,0.15384615384615385,10.822615384615386,3,⚠️ At Risk Customers
12884,88,1,309.05,309.05,43.0,7,1,0,0.0,United Kingdom,155.725,0.011235955056179775,309.05,3,⚠️ At Risk Customers
12885,63,3,1175.22,391.74,218.33333333333334,66,3,60,0.8571428571428571,United Kingdom,611.3100000000001,0.046875,19.265901639344264,3,⚠️ At Risk Customers
12886,68,2,1378.4,689.2,385.0,75,2,151,1.8641975308641976,United Kingdom,702.4000000000001,0.028985507246376812,9.06842105263158,0,🌱 Potential Customers
12888,214,2,354.12,177.06,38.0,4,2,41,10.25,United Kingdom,175.66,0.009302325581395349,8.431428571428572,3,⚠️ At Risk Customers
12890,24,1,376.71999999999997,376.71999999999997,256.0,78,1,0,0.0,United Kingdom,195.95999999999998,0.04,376.71999999999997,3,⚠️ At Risk Customers
12891,186,3,331.0,110.33333333333333,316.6666666666667,2,3,107,53.5,United Kingdom,176.9,0.016042780748663103,3.064814814814815,0,🌱 Potential Customers
12893,31,1,176.55,176.55,90.0,27,1,0,0.0,United Kingdom,95.17500000000001,0.03125,176.55,3,⚠️ At Risk Customers
12895,42,2,372.8,186.4,105.0,22,2,44,2.0952380952380953,United Kingdom,202.20000000000002,0.046511627906976744,8.284444444444444,3,⚠️ At Risk Customers
12897,205,2,216.5,108.25,55.0,3,2,97,32.333333333333336,United Kingdom,107.75,0.009708737864077669,2.2091836734693877,0,🌱 Potential Customers
12901,9,28,17654.54,630.5192857142857,824.1071428571429,30,28,261,2.1652173913043478,United Kingdom,9106.37,2.8,67.38374045801527,2,💎 Premium Customers
12902,265,1,138.68,138.68,66.0,10,1,0,0.0,United Kingdom,52.84,0.0037593984962406013,138.68,3,⚠️ At Risk Customers
12904,18,2,496.06,248.03,147.0,59,2,154,2.2,United Kingdom,266.22999999999996,0.10526315789473684,3.2003870967741936,0,🌱 Potential Customers
12906,12,5,2919.81,583.962,349.8,55,4,66,1.064516129032258,United Kingdom,1508.705,0.3076923076923077,43.579253731343286,0,🌱 Potential Customers
12908,176,2,750.0,375.0,600.0,1,2,136,136.0,United Kingdom,377.4,0.011299435028248588,5.474452554744525,0,🌱 Potential Customers
12909,40,5,2178.67,435.73400000000004,256.0,78,5,213,2.3666666666666667,United Kingdom,1135.335,0.12195121951219512,10.18070093457944,0,🌱 Potential Customers
12910,23,8,3075.04,384.38,211.5,48,8,218,2.9324324324324325,United Kingdom,1615.22,0.3333333333333333,14.041278538812785,0,🌱 Potential Customers
12912,3,5,1662.3,332.46,134.0,17,5,37,1.5217391304347827,United Kingdom,880.85,1.25,43.74473684210526,0,🌱 Potential Customers
12913,5,5,2483.63,496.726,283.8,37,5,363,7.36734693877551,United Kingdom,1291.315,0.8333333333333334,6.823159340659341,0,🌱 Potential Customers
12915,149,2,363.65,181.825,46.5,19,2,223,10.619047619047619,United Kingdom,186.92499999999998,0.013333333333333334,1.6234374999999999,0,🌱 Potential Customers
12916,139,4,2944.95,736.2375,270.75,53,4,181,1.7647058823529411,United Kingdom,1498.5749999999998,0.02857142857142857,16.181043956043954,0,🌱 Potential Customers
12917,128,1,594.0,594.0,120.0,2,1,0,0.0,United Kingdom,294.2,0.007751937984496124,594.0,3,⚠️ At Risk Customers
12919,8,6,1335.19,222.53166666666667,112.16666666666667,34,6,161,3.2448979591836733,United Kingdom,726.7950000000001,0.6666666666666666,8.241913580246914,0,🌱 Potential Customers
12920,17,1,162.78,162.78,128.0,27,1,0,0.0,United Kingdom,89.69,0.05555555555555555,162.78,3,⚠️ At Risk Customers
12921,9,37,16587.09,448.29972972972973,257.4594594594595,233,36,364,0.4909596662030598,United Kingdom,8662.645,3.6,45.44408219178082,2,💎 Premium Customers
12922,161,1,405.38,405.38,370.0,28,1,0,0.0,United Kingdom,196.59,0.006172839506172839,405.38,3,⚠️ At Risk Customers
12923,64,1,172.82,172.82,68.0,28,1,0,0.0,United Kingdom,90.00999999999999,0.015384615384615385,172.82,3,⚠️ At Risk Customers
12924,88,4,933.7,233.425,120.25,22,4,239,8.206896551724139,United Kingdom,498.05,0.0449438202247191,3.890416666666667,0,🌱 Potential Customers
12925,5,2,694.05,347.025,270.5,42,2,70,1.5909090909090908,United Kingdom,366.525,0.3333333333333333,9.775352112676055,3,⚠️ At Risk Customers
12928,35,5,2062.7000000000003,412.53999999999996,294.4,59,5,323,3.8795180722891565,United Kingdom,1077.8500000000001,0.1388888888888889,6.366358024691359,0,🌱 Potential Customers
12929,312,1,117.85,117.85,37.0,8,1,0,0.0,United Kingdom,37.724999999999994,0.003194888178913738,117.85,3,⚠️ At Risk Customers
12930,78,2,415.8,207.9,126.0,20,2,93,3.875,United Kingdom,220.1,0.02531645569620253,4.4234042553191495,3,⚠️ At Risk Customers
12931,22,15,42055.96,2803.730666666667,1866.9333333333334,28,15,336,4.074074074074074,United Kingdom,21175.78,0.6521739130434783,124.79513353115726,2,💎 Premium Customers
12933,24,3,607.53,202.51,166.33333333333334,102,3,259,2.466666666666667,United Kingdom,331.365,0.12,2.336653846153846,0,🌱 Potential Customers
12935,2,7,2160.7,308.6714285714285,264.7142857142857,80,7,317,2.453125,United Kingdom,1150.1499999999999,2.3333333333333335,6.794654088050314,0,🌱 Potential Customers
12936,17,4,1063.9,265.975,139.75,56,4,61,0.9836065573770492,United Kingdom,570.25,0.2222222222222222,17.15967741935484,0,🌱 Potential Customers
12937,15,4,1504.27,376.0675,251.75,81,4,252,2.1092436974789917,United Kingdom,790.635,0.25,5.945731225296442,0,🌱 Potential Customers
12938,26,1,114.14,114.14,140.0,9,1,0,0.0,United Kingdom,64.47,0.037037037037037035,114.14,3,⚠️ At Risk Customers
12939,64,8,11581.8,1447.725,609.5,21,8,270,5.826086956521739,United Kingdom,5864.5,0.12307692307692308,42.737269372693724,1,🏆 High Value Customers
12940,55,2,899.69,449.84499999999997,202.0,87,2,33,0.3473684210526316,United Kingdom,464.345,0.03571428571428571,26.461470588235297,3,⚠️ At Risk Customers
12942,131,3,675.6,225.20000000000002,66.0,68,3,234,3.391304347826087,United Kingdom,354.7,0.022727272727272728,2.874893617021277,0,🌱 Potential Customers
12944,36,2,604.51,302.255,144.5,29,2,319,11.0,United Kingdom,318.655,0.05405405405405406,1.88909375,0,🌱 Potential Customers
12945,288,1,462.95,462.95,165.0,23,1,0,0.0,United Kingdom,212.67499999999998,0.0034602076124567475,462.95,3,⚠️ At Risk Customers
12947,144,6,1603.99,267.33166666666665,194.16666666666666,83,6,229,2.375,United Kingdom,847.595,0.041379310344827586,6.973869565217392,0,🌱 Potential Customers
12948,16,7,2064.95,294.99285714285713,154.28571428571428,82,7,248,2.1478260869565218,United Kingdom,1100.875,0.4117647058823529,8.2929718875502,0,🌱 Potential Customers
12949,31,8,4167.22,520.9025,297.625,166,8,221,1.02803738317757,United Kingdom,2160.51,0.25,18.771261261261262,0,🌱 Potential Customers
12950,2,3,1843.0,614.3333333333334,460.0,13,3,21,0.9545454545454546,United Kingdom,951.3,1.0,83.77272727272727,3,⚠️ At Risk Customers
12951,9,6,1064.07,177.34500000000003,83.83333333333333,53,6,322,5.145161290322581,United Kingdom,591.135,0.6,3.2943343653250774,0,🌱 Potential Customers
12952,6,4,1387.79,346.9475,163.25,64,4,72,0.9230769230769231,United Kingdom,733.295,0.5714285714285714,19.01082191780822,0,🌱 Potential Customers
12953,10,1,329.85,329.85,84.0,17,1,0,0.0,United Kingdom,173.925,0.09090909090909091,329.85,3,⚠️ At Risk Customers
12955,1,11,4757.16,432.4690909090909,333.09090909090907,81,11,266,1.4692737430167597,United Kingdom,2488.48,5.5,17.817078651685392,2,💎 Premium Customers
12956,306,1,108.07,108.07,34.0,19,1,0,0.0,United Kingdom,33.434999999999995,0.003257328990228013,108.07,3,⚠️ At Risk Customers
12957,10,8,4017.54,502.1925,318.625,208,8,329,1.379746835443038,United Kingdom,2087.77,0.7272727272727273,12.174363636363637,0,🌱 Potential Customers
12962,7,2,266.39,133.19500000000002,64.5,15,2,106,7.066666666666666,United Kingdom,152.495,0.25,2.489626168224299,0,🌱 Potential Customers
12963,8,8,1856.63,232.07875,110.125,75,8,357,3.75531914893617,United Kingdom,1007.5150000000001,0.8888888888888888,5.1861173184357545,0,🌱 Potential Customers
12965,89,1,769.8100000000001,769.8100000000001,282.0,108,1,0,0.0,United Kingdom,386.00500000000005,0.011111111111111112,769.8100000000001,1,🏆 High Value Customers
12966,10,1,160.18,160.18,75.0,10,1,0,0.0,United Kingdom,89.09,0.09090909090909091,160.18,3,⚠️ At Risk Customers
12967,358,2,1660.9,830.45,219.0,19,2,13,0.7222222222222222,United Kingdom,814.6500000000001,0.005571030640668524,118.63571428571429,3,⚠️ At Risk Customers
12968,112,1,135.95,135.95,73.0,5,1,0,0.0,United Kingdom,66.77499999999999,0.008849557522123894,135.95,3,⚠️ At Risk Customers
12970,7,4,405.47,101.36749999999999,67.0,116,4,315,2.4609375,United Kingdom,242.03500000000003,0.5,1.283132911392405,0,🌱 Potential Customers
12971,4,86,11189.91,130.11523255813952,108.01162790697674,94,83,368,1.0953947368421053,United Kingdom,6454.555,16.6,30.324959349593495,2,💎 Premium Customers
12974,198,1,144.8,144.8,24.0,8,1,0,0.0,United Kingdom,62.60000000000001,0.005025125628140704,144.8,3,⚠️ At Risk Customers
12976,212,1,738.6,738.6,561.0,22,1,0,0.0,United Kingdom,358.1,0.004694835680751174,738.6,1,🏆 High Value Customers
12977,156,1,39.239999999999995,39.239999999999995,12.0,9,1,0,0.0,United Kingdom,14.019999999999996,0.006369426751592357,39.239999999999995,3,⚠️ At Risk Customers
12980,158,9,7374.900000000001,819.4333333333334,98.44444444444444,6,9,200,10.263157894736842,United Kingdom,3761.65,0.05660377358490566,36.691044776119405,0,🌱 Potential Customers
12981,30,2,372.21999999999997,186.11,121.0,12,2,103,5.421052631578948,United Kingdom,203.10999999999999,0.06451612903225806,3.5790384615384614,3,⚠️ At Risk Customers
12982,243,1,390.54,390.54,288.0,28,1,0,0.0,United Kingdom,180.97,0.004098360655737705,390.54,3,⚠️ At Risk Customers
12984,19,1,97.5,97.5,26.0,4,1,0,0.0,United Kingdom,56.85,0.05,97.5,3,⚠️ At Risk Customers
12985,1,2,1239.38,619.69,766.5,73,2,27,0.36,United Kingdom,639.59,1.0,44.26357142857143,0,🌱 Potential Customers
12987,74,2,558.7,279.35,109.5,27,2,124,4.592592592592593,United Kingdom,291.95000000000005,0.02666666666666667,4.469600000000001,3,⚠️ At Risk Customers
12988,292,1,505.82,505.82,126.0,75,1,0,0.0,United Kingdom,233.70999999999998,0.0034129692832764505,505.82,3,⚠️ At Risk Customers
12989,3,15,6924.110000000001,461.6073333333333,196.2,41,15,361,5.634920634920635,United Kingdom,3611.755,3.75,19.127375690607735,2,💎 Premium Customers
12990,31,3,409.5,136.5,66.66666666666667,8,3,278,23.083333333333332,United Kingdom,231.65,0.09375,1.467741935483871,0,🌱 Potential Customers
12991,23,2,503.76,251.88,202.5,31,2,89,2.966666666666667,United Kingdom,269.58,0.08333333333333333,5.597333333333333,3,⚠️ At Risk Customers
12993,23,4,414.76,103.69,60.0,26,4,275,10.538461538461538,United Kingdom,245.07999999999998,0.16666666666666666,1.5027536231884058,0,🌱 Potential Customers
12994,4,3,974.4200000000001,324.8066666666667,153.0,52,3,264,4.383333333333334,United Kingdom,516.8100000000001,0.6,3.6770566037735852,0,🌱 Potential Customers
12995,85,1,211.32,211.32,108.0,3,1,0,0.0,United Kingdom,107.16,0.011627906976744186,211.32,3,⚠️ At Risk Customers
12997,22,4,1226.89,306.7225,166.0,45,4,294,5.051724137931035,United Kingdom,651.245,0.17391304347826086,4.158949152542373,0,🌱 Potential Customers
12999,196,3,455.88,151.96,114.0,25,3,49,1.7777777777777777,United Kingdom,238.34,0.015228426395939087,9.1176,3,⚠️ At Risk Customers
13000,107,3,534.85,178.28333333333333,126.33333333333333,30,3,258,8.566666666666666,United Kingdom,286.725,0.027777777777777776,2.065057915057915,0,🌱 Potential Customers
13001,4,13,9785.970000000001,752.7669230769231,422.3076923076923,166,13,322,0.9404761904761905,United Kingdom,5022.585000000001,2.6,30.29712074303406,2,💎 Premium Customers
13002,318,1,120.94999999999999,120.94999999999999,73.0,7,1,0,0.0,United Kingdom,38.675,0.003134796238244514,120.94999999999999,3,⚠️ At Risk Customers
13003,106,3,149.05,49.68333333333334,34.333333333333336,4,3,109,21.6,United Kingdom,93.92500000000001,0.028037383177570093,1.3550000000000002,0,🌱 Potential Customers
13004,12,18,5655.91,314.21722222222223,267.8888888888889,277,18,346,0.8387096774193549,United Kingdom,3006.755,1.3846153846153846,16.299452449567724,2,💎 Premium Customers
13005,174,2,513.7,256.85,86.0,21,2,72,2.88,United Kingdom,259.45000000000005,0.011428571428571429,7.036986301369864,3,⚠️ At Risk Customers
13006,56,1,81.57,81.57,55.0,4,1,0,0.0,United Kingdom,45.184999999999995,0.017543859649122806,81.57,3,⚠️ At Risk Customers
13008,323,1,229.46999999999997,229.46999999999997,175.0,14,1,0,0.0,United Kingdom,92.43499999999997,0.0030864197530864196,229.46999999999997,3,⚠️ At Risk Customers
13011,372,1,50.550000000000004,50.550000000000004,13.0,3,1,0,0.0,United Kingdom,-1.9249999999999972,0.002680965147453083,50.550000000000004,3,⚠️ At Risk Customers
13012,9,8,1646.8400000000001,205.85500000000002,102.5,67,8,285,3.2298850574712645,United Kingdom,902.5200000000001,0.8,5.758181818181819,0,🌱 Potential Customers
13013,1,13,4810.9400000000005,370.07230769230773,171.07692307692307,155,13,370,1.6697247706422018,United Kingdom,2535.3700000000003,6.5,12.967493261455527,2,💎 Premium Customers
13014,11,10,3466.2799999999997,346.628,90.5,67,10,270,2.4722222222222223,United Kingdom,1832.04,0.8333333333333334,12.790701107011069,0,🌱 Potential Customers
13015,53,5,3339.64,667.928,321.8,156,5,195,1.1149425287356323,United Kingdom,1714.52,0.09259259259259259,17.038979591836735,0,🌱 Potential Customers
13016,73,3,789.89,263.2966666666667,175.66666666666666,39,3,49,1.065217391304348,United Kingdom,417.645,0.04054054054054054,15.7978,3,⚠️ At Risk Customers
13017,7,1,204.0,204.0,48.0,1,1,0,0.0,United Kingdom,111.3,0.125,204.0,3,⚠️ At Risk Customers
13018,16,28,7277.7,259.91785714285714,194.10714285714286,313,26,279,0.5908096280087527,United Kingdom,3917.25,1.5294117647058822,25.991785714285715,2,💎 Premium Customers
13021,4,9,2616.38,290.7088888888889,150.22222222222223,101,9,354,2.7,United Kingdom,1397.79,1.8,7.370084507042254,0,🌱 Potential Customers
13023,64,2,689.9,344.95000000000005,143.0,36,2,65,1.6666666666666667,United Kingdom,358.55,0.03076923076923077,10.453030303030303,3,⚠️ At Risk Customers
13026,1,5,975.36,195.072,324.0,32,5,274,6.948717948717949,United Kingdom,537.58,2.5,3.5467636363636363,0,🌱 Potential Customers
13027,114,6,6912.0,1152.0,2880.0,6,6,240,9.52,United Kingdom,3504.6,0.05217391304347826,28.680497925311204,1,🏆 High Value Customers
13028,23,2,661.3199999999999,330.65999999999997,399.0,40,2,22,0.5,United Kingdom,348.35999999999996,0.08333333333333333,28.753043478260867,3,⚠️ At Risk Customers
13029,31,3,1247.5,415.8333333333333,44.666666666666664,8,3,322,35.666666666666664,United Kingdom,650.65,0.09375,3.862229102167183,0,🌱 Potential Customers
13030,11,2,752.4399999999999,376.22,174.0,76,2,356,3.912087912087912,United Kingdom,395.11999999999995,0.16666666666666666,2.107675070028011,0,🌱 Potential Customers
13032,52,2,1010.18,505.09000000000003,187.5,55,2,34,0.4857142857142857,United Kingdom,519.8899999999999,0.03773584905660377,28.86228571428571,3,⚠️ At Risk Customers
13033,357,1,190.55,190.55,83.0,11,1,0,0.0,United Kingdom,69.575,0.002793296089385475,190.55,3,⚠️ At Risk Customers
13034,55,2,642.77,321.385,184.5,37,2,314,8.722222222222221,United Kingdom,335.885,0.03571428571428571,2.0405396825396824,0,🌱 Potential Customers
13035,74,2,921.88,460.94,322.0,23,2,186,7.153846153846154,United Kingdom,473.54,0.02666666666666667,4.929839572192513,0,🌱 Potential Customers
13037,138,3,881.07,293.69,143.66666666666666,44,3,118,2.4893617021276597,United Kingdom,456.735,0.02158273381294964,7.4039495798319335,3,⚠️ At Risk Customers
13038,80,3,908.46,302.82,120.0,24,3,210,7.7407407407407405,United Kingdom,476.23,0.037037037037037035,4.305497630331754,0,🌱 Potential Customers
13040,9,2,676.99,338.495,177.5,38,2,24,0.5714285714285714,United Kingdom,357.595,0.2,27.0796,3,⚠️ At Risk Customers
13043,273,1,516.42,516.42,254.0,13,1,0,0.0,United Kingdom,240.90999999999997,0.0036496350364963502,516.42,3,⚠️ At Risk Customers
13044,291,1,560.47,560.47,429.0,33,1,0,0.0,United Kingdom,261.135,0.003424657534246575,560.47,3,⚠️ At Risk Customers
13045,99,1,305.28000000000003,305.28000000000003,221.0,18,1,0,0.0,United Kingdom,152.74,0.01,305.28000000000003,3,⚠️ At Risk Customers
13046,31,2,629.31,314.655,132.0,33,2,235,6.911764705882353,United Kingdom,331.55499999999995,0.0625,2.666567796610169,0,🌱 Potential Customers
13047,32,10,3237.54,323.754,139.1,106,9,342,1.9883040935672514,United Kingdom,1715.57,0.2727272727272727,9.438892128279884,0,🌱 Potential Customers
13048,14,4,1819.41,454.8525,307.0,77,4,312,2.3208955223880596,United Kingdom,948.3050000000001,0.26666666666666666,5.812811501597444,0,🌱 Potential Customers
13049,64,2,656.6800000000001,328.34000000000003,134.0,14,2,253,19.46153846153846,United Kingdom,341.94000000000005,0.03076923076923077,2.5853543307086615,0,🌱 Potential Customers
13050,15,17,5836.86,343.3447058823529,220.47058823529412,246,17,351,0.8507462686567164,United Kingdom,3086.93,1.0625,16.581988636363636,2,💎 Premium Customers
13052,212,1,348.15000000000003,348.15000000000003,222.0,18,1,0,0.0,United Kingdom,162.875,0.004694835680751174,348.15000000000003,3,⚠️ At Risk Customers
13055,78,3,1214.41,404.80333333333334,298.0,74,3,135,1.8,United Kingdom,629.4050000000001,0.0379746835443038,8.929485294117647,0,🌱 Potential Customers
13058,25,3,271.40000000000003,90.46666666666665,17.333333333333332,5,3,127,18.0,United Kingdom,163.20000000000002,0.11538461538461539,2.1203125000000003,0,🌱 Potential Customers
13059,250,1,183.4,183.4,35.0,8,1,0,0.0,United Kingdom,76.7,0.00398406374501992,183.4,3,⚠️ At Risk Customers
13060,254,1,307.53,307.53,123.0,15,1,0,0.0,United Kingdom,138.36499999999998,0.00392156862745098,307.53,3,⚠️ At Risk Customers
13061,72,1,248.61,248.61,107.0,10,1,0,0.0,United Kingdom,127.105,0.0136986301369863,248.61,3,⚠️ At Risk Customers
13062,191,1,346.98,346.98,343.0,11,1,0,0.0,United Kingdom,164.39000000000001,0.005208333333333333,346.98,3,⚠️ At Risk Customers
13064,13,4,1105.59,276.39750000000004,128.5,51,4,314,4.6716417910447765,United Kingdom,591.495,0.2857142857142857,3.5098095238095235,0,🌱 Potential Customers
13065,373,1,205.86,205.86,74.0,14,1,0,0.0,United Kingdom,75.63,0.00267379679144385,205.86,3,⚠️ At Risk Customers
13066,24,2,470.8,235.4,161.0,48,2,7,0.14893617021276595,United Kingdom,253.0,0.08,58.85,3,⚠️ At Risk Customers
13067,82,1,115.46000000000001,115.46000000000001,32.0,14,1,0,0.0,United Kingdom,59.53,0.012048192771084338,115.46000000000001,3,⚠️ At Risk Customers
13068,10,2,344.0,172.0,100.0,1,2,309,309.0,United Kingdom,191.0,0.18181818181818182,1.1096774193548387,0,🌱 Potential Customers
13069,1,24,4431.44,184.64333333333332,244.70833333333334,281,24,368,0.851063829787234,United Kingdom,2455.62,12.0,12.00932249322493,2,💎 Premium Customers
13070,192,1,228.8,228.8,110.0,9,1,0,0.0,United Kingdom,105.2,0.0051813471502590676,228.8,3,⚠️ At Risk Customers
13072,267,1,177.15,177.15,69.0,7,1,0,0.0,United Kingdom,71.875,0.0037313432835820895,177.15,3,⚠️ At Risk Customers
13075,130,1,919.61,919.61,485.0,22,1,0,0.0,United Kingdom,456.805,0.007633587786259542,919.61,1,🏆 High Value Customers
13077,1,4,728.02,182.005,215.5,99,4,365,3.3181818181818183,United Kingdom,403.90999999999997,2.0,1.9891256830601092,0,🌱 Potential Customers
13078,3,26,12627.94,485.69,216.53846153846155,95,26,363,0.9915966386554622,United Kingdom,6573.67,6.5,34.69214285714286,2,💎 Premium Customers
13079,4,5,220.10000000000002,44.02,12.4,2,5,136,26.8,United Kingdom,159.65,1.0,1.6065693430656935,0,🌱 Potential Customers
13080,179,1,58.08,58.08,120.0,6,1,0,0.0,United Kingdom,21.139999999999997,0.005555555555555556,58.08,3,⚠️ At Risk Customers
13081,12,11,28337.38,2576.1254545454544,1733.4545454545455,503,11,359,0.3460410557184751,United Kingdom,14277.49,0.8461538461538461,78.71494444444444,2,💎 Premium Customers
13082,126,9,3613.63,401.51444444444445,480.44444444444446,63,9,212,2.9027777777777777,United Kingdom,1884.2150000000001,0.07086614173228346,16.965399061032866,0,🌱 Potential Customers
13083,4,2,303.75,151.875,93.5,15,2,71,4.176470588235294,United Kingdom,171.475,0.4,4.21875,3,⚠️ At Risk Customers
13085,158,2,416.08000000000004,208.04000000000002,108.0,17,2,137,6.523809523809524,United Kingdom,212.24,0.012578616352201259,3.0150724637681163,3,⚠️ At Risk Customers
13089,3,97,58762.08,605.7946391752578,319.8453608247423,636,93,366,0.1836734693877551,United Kingdom,30350.74,23.25,160.11465940054495,2,💎 Premium Customers
13090,9,14,8910.82,636.4871428571429,161.64285714285714,98,14,364,2.324675324675325,United Kingdom,4594.51,1.4,24.413205479452053,2,💎 Premium Customers
13091,28,1,345.82,345.82,466.0,21,1,0,0.0,United Kingdom,180.10999999999999,0.034482758620689655,345.82,3,⚠️ At Risk Customers
13092,71,5,477.83,95.566,55.8,19,5,288,11.958333333333334,United Kingdom,281.81499999999994,0.06944444444444445,1.6533910034602075,0,🌱 Potential Customers
13093,276,8,7832.47,979.05875,495.125,97,8,97,0.5949367088607594,United Kingdom,3968.635,0.02888086642599278,79.92316326530613,0,🌱 Potential Customers
13094,21,12,1927.3200000000002,160.61,143.0,4,12,347,14.869565217391305,United Kingdom,1081.5600000000002,0.5454545454545454,5.538275862068966,0,🌱 Potential Customers
13095,71,1,74.39999999999999,74.39999999999999,144.0,6,1,0,0.0,United Kingdom,40.099999999999994,0.013888888888888888,74.39999999999999,3,⚠️ At Risk Customers
13097,33,10,6003.22,600.322,236.0,214,10,327,0.7714285714285715,United Kingdom,3098.31,0.29411764705882354,18.302500000000002,0,🌱 Potential Customers
13098,1,28,28882.44,1031.5157142857142,570.2857142857143,156,28,316,0.5306479859894921,United Kingdom,14721.119999999999,14.0,91.11179810725551,2,💎 Premium Customers
13099,99,1,207.35999999999999,207.35999999999999,288.0,1,1,0,0.0,United Kingdom,103.77999999999999,0.01,207.35999999999999,3,⚠️ At Risk Customers
13101,234,1,101.19,101.19,113.0,8,1,0,0.0,United Kingdom,37.19499999999999,0.00425531914893617,101.19,3,⚠️ At Risk Customers
13102,1,24,6424.09,267.67041666666665,175.16666666666666,140,24,363,1.1716171617161717,United Kingdom,3451.945,12.0,17.6485989010989,2,💎 Premium Customers
13103,40,1,243.94,243.94,82.0,8,1,0,0.0,United Kingdom,127.97,0.024390243902439025,243.94,3,⚠️ At Risk Customers
13104,3,6,1098.48,183.08,84.0,14,6,351,18.36842105263158,United Kingdom,608.94,1.5,3.120681818181818,0,🌱 Potential Customers
13106,133,1,76.5,76.5,18.0,1,1,0,0.0,United Kingdom,34.95,0.007462686567164179,76.5,3,⚠️ At Risk Customers
13107,44,4,1531.6200000000001,382.90500000000003,323.25,54,4,289,5.052631578947368,United Kingdom,801.4100000000001,0.08888888888888889,5.281448275862069,0,🌱 Potential Customers
13108,373,1,350.06,350.06,298.0,10,1,0,0.0,United Kingdom,147.73,0.00267379679144385,350.06,3,⚠️ At Risk Customers
13109,60,2,786.54,393.27,260.0,41,2,97,2.108695652173913,United Kingdom,407.27,0.03278688524590164,8.025918367346938,3,⚠️ At Risk Customers
13110,31,7,1488.67,212.66714285714286,55.42857142857143,109,7,279,1.9236111111111112,United Kingdom,811.235,0.21875,5.316678571428572,0,🌱 Potential Customers
13113,1,24,12245.960000000001,510.2483333333333,126.875,95,24,365,1.7738693467336684,United Kingdom,6362.88,12.0,33.45890710382514,2,💎 Premium Customers
13115,12,4,2294.78,573.695,391.75,88,4,172,1.4369747899159664,United Kingdom,1186.19,0.3076923076923077,13.26462427745665,0,🌱 Potential Customers
13116,138,1,501.14,501.14,291.0,30,1,0,0.0,United Kingdom,246.76999999999998,0.007194244604316547,501.14,3,⚠️ At Risk Customers
13117,22,8,984.91,123.11375,118.125,66,8,350,4.64,United Kingdom,570.2549999999999,0.34782608695652173,2.806011396011396,0,🌱 Potential Customers
13118,20,5,1197.81,239.56199999999998,82.0,68,5,269,3.423076923076923,United Kingdom,646.905,0.23809523809523808,4.436333333333333,0,🌱 Potential Customers
13120,239,1,30.599999999999998,30.599999999999998,12.0,1,1,0,0.0,United Kingdom,1.399999999999995,0.004166666666666667,30.599999999999998,3,⚠️ At Risk Customers
13121,269,1,283.73,283.73,252.0,50,1,0,0.0,United Kingdom,124.965,0.003703703703703704,283.73,3,⚠️ At Risk Customers
13122,94,2,922.39,461.195,292.5,54,2,146,2.7037037037037037,United Kingdom,471.795,0.021052631578947368,6.274761904761904,0,🌱 Potential Customers
13124,90,3,3756.33,1252.11,706.3333333333334,185,3,269,1.2126696832579185,United Kingdom,1899.165,0.03296703296703297,13.912333333333333,1,🏆 High Value Customers
13126,5,8,2099.64,262.455,267.875,124,8,361,2.58273381294964,United Kingdom,1129.32,1.3333333333333333,5.8001104972375686,0,🌱 Potential Customers
13127,78,1,259.17,259.17,127.0,15,1,0,0.0,United Kingdom,131.785,0.012658227848101266,259.17,3,⚠️ At Risk Customers
13130,94,1,64.0,64.0,32.0,2,1,0,0.0,United Kingdom,32.6,0.010526315789473684,64.0,3,⚠️ At Risk Customers
13131,23,3,1073.3,357.76666666666665,149.0,30,3,164,3.7906976744186047,United Kingdom,564.35,0.125,6.504848484848485,0,🌱 Potential Customers
13132,262,1,77.3,77.3,20.0,3,1,0,0.0,United Kingdom,22.449999999999996,0.0038022813688212928,77.3,3,⚠️ At Risk Customers
13133,274,2,109.8,54.900000000000006,16.0,7,2,30,5.0,United Kingdom,47.5,0.007272727272727273,3.541935483870968,3,⚠️ At Risk Customers
13134,86,4,1793.58,448.395,264.75,94,4,154,1.577319587628866,United Kingdom,928.1899999999999,0.04597701149425287,11.571483870967741,0,🌱 Potential Customers
13135,197,1,3096.0,3096.0,4300.0,1,1,0,0.0,United Kingdom,1538.3,0.005050505050505051,3096.0,1,🏆 High Value Customers
13136,56,5,2607.61,521.5219999999999,265.6,94,5,156,1.2222222222222223,United Kingdom,1348.2050000000002,0.08771929824561403,16.608980891719746,0,🌱 Potential Customers
13137,11,8,3603.29,450.41125,275.5,345,8,298,0.42857142857142855,United Kingdom,1880.545,0.6666666666666666,12.05113712374582,0,🌱 Potential Customers
13138,22,6,962.39,160.39833333333334,78.83333333333333,31,6,350,5.612903225806452,United Kingdom,538.9949999999999,0.2608695652173913,2.7418518518518518,0,🌱 Potential Customers
13139,16,7,5064.94,723.5628571428571,346.42857142857144,132,7,243,1.4260355029585798,United Kingdom,2600.87,0.4117647058823529,20.75795081967213,0,🌱 Potential Customers
13140,108,3,422.47,140.82333333333335,61.666666666666664,40,3,258,5.840909090909091,United Kingdom,230.435,0.027522935779816515,1.6311583011583013,0,🌱 Potential Customers
13141,85,5,2388.75,477.75,309.6,113,5,230,1.708955223880597,United Kingdom,1235.875,0.05813953488372093,10.340909090909092,0,🌱 Potential Customers
13142,19,1,307.09,307.09,258.0,23,1,0,0.0,United Kingdom,161.64499999999998,0.05,307.09,3,⚠️ At Risk Customers
13144,333,1,110.95,110.95,21.0,3,1,0,0.0,United Kingdom,32.17499999999999,0.0029940119760479044,110.95,3,⚠️ At Risk Customers
13145,40,4,618.52,154.63,36.25,5,4,332,66.4,United Kingdom,345.26,0.0975609756097561,1.8574174174174174,0,🌱 Potential Customers
13146,26,1,228.91,228.91,154.0,16,1,0,0.0,United Kingdom,121.855,0.037037037037037035,228.91,3,⚠️ At Risk Customers
13147,10,4,712.8000000000001,178.20000000000002,36.0,1,4,89,29.333333333333332,United Kingdom,395.40000000000003,0.36363636363636365,7.920000000000001,0,🌱 Potential Customers
13148,29,12,3683.26,306.93833333333333,163.75,231,12,335,1.067524115755627,United Kingdom,1958.73,0.4,10.962083333333334,0,🌱 Potential Customers
13149,14,4,1676.06,419.015,320.0,76,4,274,3.211764705882353,United Kingdom,876.63,0.26666666666666666,6.094763636363636,0,🌱 Potential Customers
13151,296,1,1257.8700000000001,1257.8700000000001,363.0,73,1,0,0.0,United Kingdom,609.335,0.003367003367003367,1257.8700000000001,1,🏆 High Value Customers
13153,6,1,486.22,486.22,418.0,15,1,0,0.0,United Kingdom,252.51000000000002,0.14285714285714285,486.22,3,⚠️ At Risk Customers
13155,33,4,971.76,242.94,124.25,67,4,335,3.9642857142857144,United Kingdom,522.58,0.11764705882352941,2.892142857142857,0,🌱 Potential Customers
13157,49,4,1741.22,435.305,359.75,69,4,248,2.883720930232558,United Kingdom,905.71,0.08,6.99285140562249,0,🌱 Potential Customers
13158,95,4,1201.06,300.265,196.0,59,4,224,2.858974358974359,United Kingdom,631.03,0.041666666666666664,5.338044444444444,0,🌱 Potential Customers
13159,9,4,1429.35,357.3375,264.5,114,4,106,0.8823529411764706,United Kingdom,753.775,0.4,13.35841121495327,0,🌱 Potential Customers
13160,22,1,91.8,91.8,56.0,4,1,0,0.0,United Kingdom,53.699999999999996,0.043478260869565216,91.8,3,⚠️ At Risk Customers
13161,313,1,112.75,112.75,29.0,8,1,0,0.0,United Kingdom,35.075,0.0031847133757961785,112.75,3,⚠️ At Risk Customers
13162,122,4,1688.29,422.0725,428.25,74,4,212,2.717948717948718,United Kingdom,871.9449999999999,0.032520325203252036,7.926244131455399,0,🌱 Potential Customers
13165,46,2,1021.48,510.74,688.0,40,2,305,7.439024390243903,United Kingdom,526.14,0.0425531914893617,3.338169934640523,0,🌱 Potential Customers
13166,283,1,417.2,417.2,216.0,39,1,0,0.0,United Kingdom,190.29999999999998,0.0035211267605633804,417.2,3,⚠️ At Risk Customers
13167,19,4,791.33,197.83249999999998,196.25,51,4,125,1.921875,United Kingdom,433.76500000000004,0.2,6.280396825396826,0,🌱 Potential Customers
13168,36,4,1299.59,324.89750000000004,167.5,102,4,281,2.24,United Kingdom,686.1949999999999,0.10810810810810811,4.608475177304964,0,🌱 Potential Customers
13169,64,2,712.88,356.44,136.0,11,2,188,15.666666666666666,United Kingdom,370.04,0.03076923076923077,3.771851851851852,0,🌱 Potential Customers
13170,27,1,108.81,108.81,141.0,29,1,0,0.0,United Kingdom,61.705,0.03571428571428571,108.81,3,⚠️ At Risk Customers
13171,22,3,468.41,156.13666666666666,76.33333333333333,37,3,277,6.155555555555556,United Kingdom,262.00500000000005,0.13043478260869565,1.684928057553957,0,🌱 Potential Customers
13173,4,2,353.65,176.825,138.5,41,2,363,8.642857142857142,United Kingdom,196.42499999999998,0.4,0.9715659340659341,0,🌱 Potential Customers
13174,16,3,2742.82,914.2733333333332,450.6666666666667,228,3,352,1.202054794520548,United Kingdom,1399.8100000000002,0.17647058823529413,7.7700283286118985,0,🌱 Potential Customers
13176,46,1,481.49,481.49,448.0,66,1,0,0.0,United Kingdom,246.145,0.02127659574468085,481.49,3,⚠️ At Risk Customers
13177,65,1,282.45,282.45,91.0,17,1,0,0.0,United Kingdom,144.725,0.015151515151515152,282.45,3,⚠️ At Risk Customers
13178,26,11,5725.47,520.4972727272727,324.54545454545456,95,11,334,1.246212121212121,United Kingdom,2970.135,0.4074074074074074,17.0909552238806,0,🌱 Potential Customers
13182,45,1,121.18,121.18,201.0,11,1,0,0.0,United Kingdom,66.09,0.021739130434782608,121.18,3,⚠️ At Risk Customers
13183,8,9,3957.78,439.75333333333333,245.33333333333334,51,9,326,3.4623655913978495,United Kingdom,2068.09,1.0,12.103302752293578,0,🌱 Potential Customers
13184,15,10,1668.95,166.895,166.2,138,10,275,1.5224719101123596,United Kingdom,932.975,0.625,6.0469202898550725,0,🌱 Potential Customers
13185,268,1,71.4,71.4,12.0,1,1,0,0.0,United Kingdom,18.900000000000002,0.0037174721189591076,71.4,3,⚠️ At Risk Customers
13186,40,3,1575.89,525.2966666666667,273.3333333333333,69,3,89,1.1282051282051282,United Kingdom,813.945,0.07317073170731707,17.50988888888889,0,🌱 Potential Customers
13187,337,1,236.02,236.02,95.0,37,1,0,0.0,United Kingdom,94.30999999999999,0.0029585798816568047,236.02,3,⚠️ At Risk Customers
13188,11,1,114.60000000000001,114.60000000000001,25.0,2,1,0,0.0,United Kingdom,66.20000000000002,0.08333333333333333,114.60000000000001,3,⚠️ At Risk Customers
13189,19,2,260.68,130.34,421.0,29,2,96,3.4285714285714284,United Kingdom,148.44,0.1,2.687422680412371,3,⚠️ At Risk Customers
13192,95,2,911.94,455.97,297.5,57,2,109,1.7580645161290323,United Kingdom,466.47,0.020833333333333332,8.290363636363637,3,⚠️ At Risk Customers
13193,61,1,112.08,112.08,46.0,22,1,0,0.0,United Kingdom,59.93999999999999,0.016129032258064516,112.08,3,⚠️ At Risk Customers
13194,136,1,60.7,60.7,26.0,3,1,0,0.0,United Kingdom,26.75,0.0072992700729927005,60.7,3,⚠️ At Risk Customers
13196,11,4,1797.78,449.445,306.0,97,4,250,2.293577981651376,United Kingdom,937.79,0.3333333333333333,7.162470119521912,0,🌱 Potential Customers
13198,10,6,3401.2400000000002,566.8733333333333,441.3333333333333,199,6,351,1.5555555555555556,United Kingdom,1759.6200000000001,0.5454545454545454,9.662613636363638,0,🌱 Potential Customers
13199,4,38,9817.12,258.34526315789475,162.52631578947367,48,36,363,2.9322033898305087,United Kingdom,5288.160000000001,7.2,26.970109890109892,2,💎 Premium Customers
13200,19,4,870.09,217.5225,129.0,42,4,107,2.3333333333333335,United Kingdom,473.14500000000004,0.2,8.05638888888889,0,🌱 Potential Customers
13203,10,4,869.46,217.365,200.0,56,4,232,4.125,United Kingdom,473.73,0.36363636363636365,3.731587982832618,0,🌱 Potential Customers
13207,15,2,250.26000000000002,125.13000000000002,65.0,7,2,135,19.285714285714285,United Kingdom,143.63,0.125,1.8401470588235296,0,🌱 Potential Customers
13208,59,6,1217.65,202.9416666666667,133.83333333333334,124,6,250,1.6870748299319729,United Kingdom,662.9250000000001,0.1,4.851195219123507,0,🌱 Potential Customers
13209,30,8,5891.61,736.45125,531.625,255,8,331,1.028125,United Kingdom,3022.805,0.25806451612903225,17.74581325301205,0,🌱 Potential Customers
13210,94,1,353.48,353.48,316.0,22,1,0,0.0,United Kingdom,177.34,0.010526315789473684,353.48,3,⚠️ At Risk Customers
13211,10,3,1095.42,365.14000000000004,278.0,45,3,350,6.481481481481482,United Kingdom,576.71,0.2727272727272727,3.120854700854701,0,🌱 Potential Customers
13212,20,3,786.83,262.2766666666667,103.0,128,3,41,0.29285714285714287,United Kingdom,421.415,0.14285714285714285,18.73404761904762,0,🌱 Potential Customers
13213,57,5,1520.58,304.11600000000004,272.0,82,5,142,1.5842696629213484,United Kingdom,804.5899999999999,0.08620689655172414,10.633426573426572,0,🌱 Potential Customers
13216,268,1,333.74,333.74,297.0,5,1,0,0.0,United Kingdom,150.07,0.0037174721189591076,333.74,3,⚠️ At Risk Customers
13217,122,3,533.98,177.99333333333334,87.33333333333333,3,3,34,11.0,United Kingdom,284.79,0.024390243902439025,15.256571428571428,3,⚠️ At Risk Customers
13218,127,1,62.63999999999999,62.63999999999999,88.0,5,1,0,0.0,United Kingdom,28.61999999999999,0.0078125,62.63999999999999,3,⚠️ At Risk Customers
13220,78,4,819.2900000000001,204.8225,49.0,18,4,158,7.85,United Kingdom,441.845,0.05063291139240506,5.152767295597485,0,🌱 Potential Customers
13221,240,2,847.41,423.70500000000004,122.0,62,2,119,1.8307692307692307,United Kingdom,419.705,0.008298755186721992,7.06175,3,⚠️ At Risk Customers
13223,200,2,163.20000000000002,81.60000000000001,44.0,5,2,31,7.75,United Kingdom,81.60000000000001,0.009950248756218905,5.1000000000000005,3,⚠️ At Risk Customers
13224,60,2,2155.95,1077.975,759.0,101,2,91,0.8504672897196262,United Kingdom,1091.975,0.03278688524590164,23.43423913043478,1,🏆 High Value Customers
13225,3,7,6463.84,923.4057142857143,488.0,23,7,358,11.451612903225806,United Kingdom,3301.62,1.75,18.005125348189416,0,🌱 Potential Customers
13226,273,1,108.21000000000001,108.21000000000001,80.0,16,1,0,0.0,United Kingdom,36.80500000000001,0.0036496350364963502,108.21000000000001,3,⚠️ At Risk Customers
13227,202,1,257.7,257.7,99.0,9,1,0,0.0,United Kingdom,118.64999999999999,0.0049261083743842365,257.7,3,⚠️ At Risk Customers
13228,81,1,358.0,358.0,200.0,2,1,0,0.0,United Kingdom,180.9,0.012195121951219513,358.0,3,⚠️ At Risk Customers
13229,226,1,160.95,160.95,63.0,10,1,0,0.0,United Kingdom,67.875,0.004405286343612335,160.95,3,⚠️ At Risk Customers
13230,4,14,2755.63,196.8307142857143,117.0,393,16,360,0.6040955631399317,United Kingdom,1517.415,3.2,7.633324099722992,2,💎 Premium Customers
13232,13,7,1328.35,189.7642857142857,110.42857142857143,147,7,230,1.1343283582089552,United Kingdom,732.875,0.5,5.7504329004329,0,🌱 Potential Customers
13233,74,2,605.12,302.56,502.0,43,2,261,6.214285714285714,United Kingdom,315.16,0.02666666666666667,2.309618320610687,0,🌱 Potential Customers
13235,212,1,1031.07,1031.07,441.0,53,1,0,0.0,United Kingdom,504.335,0.004694835680751174,1031.07,1,🏆 High Value Customers
13236,25,2,744.85,372.425,208.0,34,2,82,2.342857142857143,United Kingdom,389.925,0.07692307692307693,8.974096385542168,3,⚠️ At Risk Customers
13238,17,4,700.73,175.1825,74.5,20,4,343,11.366666666666667,United Kingdom,388.665,0.2222222222222222,2.0370058139534883,0,🌱 Potential Customers
13239,262,1,329.56,329.56,327.0,21,1,0,0.0,United Kingdom,148.57999999999998,0.0038022813688212928,329.56,3,⚠️ At Risk Customers
13240,96,4,663.65,165.9125,74.5,59,4,269,4.0606060606060606,United Kingdom,362.22499999999997,0.041237113402061855,2.457962962962963,0,🌱 Potential Customers
13242,112,3,270.40000000000003,90.13333333333333,43.333333333333336,12,3,101,8.416666666666666,United Kingdom,154.00000000000003,0.02654867256637168,2.650980392156863,3,⚠️ At Risk Customers
13243,203,1,585.12,585.12,232.0,56,1,0,0.0,United Kingdom,282.26,0.004901960784313725,585.12,3,⚠️ At Risk Customers
13244,93,1,121.74000000000001,121.74000000000001,38.0,27,1,0,0.0,United Kingdom,61.57000000000001,0.010638297872340425,121.74000000000001,3,⚠️ At Risk Customers
13245,51,1,430.5,430.5,125.0,16,1,0,0.0,United Kingdom,220.15,0.019230769230769232,430.5,3,⚠️ At Risk Customers
13246,18,6,1961.52,326.92,264.5,110,6,312,2.303703703703704,United Kingdom,1038.96,0.3157894736842105,6.266837060702875,0,🌱 Potential Customers
13247,18,4,501.12,125.28,82.0,18,4,64,2.625,United Kingdom,288.76,0.21052631578947367,7.709538461538462,3,⚠️ At Risk Customers
13248,125,2,465.68,232.83999999999997,152.5,25,2,64,2.56,United Kingdom,240.34,0.015873015873015872,7.164307692307692,3,⚠️ At Risk Customers
13249,92,3,711.41,237.13666666666668,182.0,21,3,168,7.636363636363637,United Kingdom,376.505,0.03225806451612903,4.209526627218935,0,🌱 Potential Customers
13253,157,2,1030.4,515.2,786.0,35,2,182,5.2,United Kingdom,519.5,0.012658227848101266,5.630601092896176,0,🌱 Potential Customers
13255,9,2,399.51,199.755,88.5,13,2,364,30.333333333333332,United Kingdom,218.855,0.2,1.0945479452054794,0,🌱 Potential Customers
13258,12,3,672.83,224.27666666666667,94.0,28,3,193,5.514285714285714,United Kingdom,365.21500000000003,0.23076923076923078,3.46819587628866,0,🌱 Potential Customers
13259,62,1,283.18,283.18,126.0,77,1,0,0.0,United Kingdom,145.39000000000001,0.015873015873015872,283.18,3,⚠️ At Risk Customers
13260,61,1,557.62,557.62,142.0,8,1,0,0.0,United Kingdom,282.71,0.016129032258064516,557.62,3,⚠️ At Risk Customers
13261,269,2,944.1,472.05,105.0,8,2,17,2.125,United Kingdom,465.15000000000003,0.007407407407407408,52.45,3,⚠️ At Risk Customers
13262,263,1,200.29,200.29,125.0,11,1,0,0.0,United Kingdom,83.845,0.003787878787878788,200.29,3,⚠️ At Risk Customers
13263,1,35,7436.93,212.48371428571429,136.22857142857143,450,35,323,0.1836734693877551,United Kingdom,4068.3650000000002,17.5,22.953487654320988,2,💎 Premium Customers
13265,53,5,2092.66,418.53200000000004,348.0,66,5,220,2.460674157303371,United Kingdom,1091.03,0.09259259259259259,9.469049773755655,0,🌱 Potential Customers
13266,11,12,3834.2599999999998,319.5216666666667,369.0,82,12,245,1.2956989247311828,United Kingdom,2036.03,1.0,15.586422764227642,0,🌱 Potential Customers
13267,3,19,4521.49,237.97315789473683,103.63157894736842,88,18,364,1.7047619047619047,United Kingdom,2450.4449999999997,4.5,12.387643835616437,2,💎 Premium Customers
13268,18,11,3174.75,288.6136363636364,329.45454545454544,257,11,249,0.5694444444444444,United Kingdom,1695.575,0.5789473684210527,12.699,0,🌱 Potential Customers
13269,1,15,5343.28,356.21866666666665,234.2,177,15,368,1.1592356687898089,United Kingdom,2821.54,7.5,14.480433604336042,2,💎 Premium Customers
13270,366,1,590.0,590.0,200.0,1,1,0,0.0,United Kingdom,268.4,0.0027247956403269754,590.0,3,⚠️ At Risk Customers
13271,37,1,211.49,211.49,240.0,79,1,0,0.0,United Kingdom,112.045,0.02631578947368421,211.49,3,⚠️ At Risk Customers
13272,31,2,276.56,138.28,48.0,15,2,58,4.142857142857143,United Kingdom,155.18,0.0625,4.687457627118644,3,⚠️ At Risk Customers
13273,113,1,138.98,138.98,153.0,16,1,0,0.0,United Kingdom,68.19,0.008771929824561403,138.98,3,⚠️ At Risk Customers
13276,64,2,590.9300000000001,295.46500000000003,80.5,30,2,36,1.2413793103448276,United Kingdom,309.06500000000005,0.03076923076923077,15.971081081081083,3,⚠️ At Risk Customers
13277,16,4,258.4,64.6,44.0,5,4,117,16.571428571428573,United Kingdom,167.6,0.23529411764705882,2.189830508474576,0,🌱 Potential Customers
13278,41,1,542.73,542.73,537.0,46,1,0,0.0,United Kingdom,277.265,0.023809523809523808,542.73,3,⚠️ At Risk Customers
13279,78,1,137.75,137.75,73.0,9,1,0,0.0,United Kingdom,71.075,0.012658227848101266,137.75,3,⚠️ At Risk Customers
13280,122,3,798.46,266.15333333333336,172.66666666666666,67,3,214,2.6296296296296298,United Kingdom,417.03000000000003,0.024390243902439025,3.7137674418604654,0,🌱 Potential Customers
13282,18,3,1132.14,377.38000000000005,102.33333333333333,29,3,202,5.611111111111111,United Kingdom,594.2700000000001,0.15789473684210525,5.57704433497537,0,🌱 Potential Customers
13283,60,2,93.66,46.83,45.0,7,2,125,20.833333333333332,United Kingdom,60.83,0.03278688524590164,0.7433333333333333,0,🌱 Potential Customers
13284,331,1,201.19,201.19,91.0,13,1,0,0.0,United Kingdom,77.495,0.0030120481927710845,201.19,3,⚠️ At Risk Customers
13285,23,4,2709.12,677.28,512.75,157,4,266,1.424731182795699,United Kingdom,1392.26,0.16666666666666666,10.146516853932583,0,🌱 Potential Customers
13291,156,1,361.11,361.11,233.0,41,1,0,0.0,United Kingdom,174.955,0.006369426751592357,361.11,3,⚠️ At Risk Customers
13292,39,2,578.9399999999999,289.47,173.5,29,2,245,8.166666666666666,United Kingdom,305.57,0.05,2.353414634146341,0,🌱 Potential Customers
13294,190,2,873.74,436.87,226.5,48,2,59,1.1132075471698113,United Kingdom,437.87,0.010471204188481676,14.562333333333333,3,⚠️ At Risk Customers
13295,360,1,201.20000000000002,201.20000000000002,82.0,10,1,0,0.0,United Kingdom,74.60000000000001,0.002770083102493075,201.20000000000002,3,⚠️ At Risk Customers
13296,137,1,87.4,87.4,78.0,5,1,0,0.0,United Kingdom,40.0,0.007246376811594203,87.4,3,⚠️ At Risk Customers
13297,8,4,2089.85,522.4625,240.75,52,4,59,1.0172413793103448,United Kingdom,1084.125,0.4444444444444444,34.83083333333333,0,🌱 Potential Customers
13298,1,1,360.0,360.0,96.0,2,1,0,0.0,United Kingdom,189.9,0.5,360.0,3,⚠️ At Risk Customers
13299,268,1,142.5,142.5,30.0,5,1,0,0.0,United Kingdom,54.45,0.0037174721189591076,142.5,3,⚠️ At Risk Customers
13300,169,1,371.89,371.89,203.0,20,1,0,0.0,United Kingdom,179.045,0.0058823529411764705,371.89,3,⚠️ At Risk Customers
13301,104,4,618.09,154.5225,86.25,75,4,188,2.3375,United Kingdom,338.64500000000004,0.0380952380952381,3.2703174603174605,0,🌱 Potential Customers
13302,155,1,63.75,63.75,5.0,1,1,0,0.0,United Kingdom,26.375,0.00641025641025641,63.75,3,⚠️ At Risk Customers
13304,351,1,300.42,300.42,238.0,21,1,0,0.0,United Kingdom,125.11000000000001,0.002840909090909091,300.42,3,⚠️ At Risk Customers
13305,4,10,2000.86,200.08599999999998,123.2,50,10,368,4.55,United Kingdom,1100.0299999999997,2.0,5.422384823848239,0,🌱 Potential Customers
13307,120,1,15.0,15.0,4.0,1,1,0,0.0,United Kingdom,5.5,0.008264462809917356,15.0,3,⚠️ At Risk Customers
13308,23,3,1385.51,461.83666666666664,281.0,49,3,180,3.3962264150943398,United Kingdom,720.455,0.125,7.65475138121547,0,🌱 Potential Customers
13309,7,5,1456.79,291.358,308.8,82,5,301,2.830188679245283,United Kingdom,777.6949999999999,0.625,4.823807947019867,0,🌱 Potential Customers
13310,28,3,1132.03,377.3433333333333,195.66666666666666,65,3,296,4.154929577464789,United Kingdom,593.215,0.10344827586206896,3.8115488215488216,0,🌱 Potential Customers
13311,4,2,598.57,299.285,152.5,25,2,145,5.8,United Kingdom,318.88500000000005,0.4,4.099794520547945,0,🌱 Potential Customers
13313,22,5,1555.32,311.064,170.2,47,5,317,4.103896103896104,United Kingdom,825.4599999999999,0.21739130434782608,4.890943396226415,0,🌱 Potential Customers
13314,2,3,775.94,258.6466666666667,186.66666666666666,55,3,72,1.1639344262295082,United Kingdom,417.77000000000004,1.0,10.62931506849315,0,🌱 Potential Customers
13316,37,4,5732.93,1433.2325,1377.0,66,4,217,2.541176470588235,United Kingdom,2902.7650000000003,0.10526315789473684,26.29784403669725,1,🏆 High Value Customers
13317,66,6,2273.68,378.9466666666667,172.5,100,5,292,2.3658536585365852,United Kingdom,1190.24,0.07462686567164178,7.76,0,🌱 Potential Customers
13318,1,3,640.76,213.58666666666667,101.33333333333333,14,3,36,1.8421052631578947,United Kingdom,350.28,1.5,17.31783783783784,3,⚠️ At Risk Customers
13319,5,26,10845.550000000001,417.1365384615384,181.69230769230768,209,25,360,0.7410526315789474,United Kingdom,5682.275000000001,4.166666666666667,30.04307479224377,2,💎 Premium Customers
13320,78,4,1532.2,383.05,271.5,77,4,135,1.2980769230769231,United Kingdom,798.3000000000001,0.05063291139240506,11.266176470588235,0,🌱 Potential Customers
13321,72,2,567.36,283.68,186.0,10,2,14,1.4,United Kingdom,296.48,0.0273972602739726,37.824,3,⚠️ At Risk Customers
13322,17,1,199.48000000000002,199.48000000000002,117.0,25,1,0,0.0,United Kingdom,108.04,0.05555555555555555,199.48000000000002,3,⚠️ At Risk Customers
13323,3,5,787.85,157.57,35.0,6,5,81,4.0,United Kingdom,443.625,1.25,9.607926829268292,0,🌱 Potential Customers
13324,36,10,7121.95,712.1949999999999,520.5,25,10,324,4.351351351351352,United Kingdom,3657.375,0.2702702702702703,21.91369230769231,0,🌱 Potential Customers
13325,82,1,675.3,675.3,240.0,12,1,0,0.0,United Kingdom,339.45,0.012048192771084338,675.3,3,⚠️ At Risk Customers
13327,39,8,3627.77,453.47125,200.0,74,8,326,3.0186915887850465,United Kingdom,1889.985,0.2,11.094097859327217,0,🌱 Potential Customers
13328,316,1,1308.48,1308.48,680.0,17,1,0,0.0,United Kingdom,632.64,0.0031545741324921135,1308.48,1,🏆 High Value Customers
13329,32,2,789.0,394.5,231.5,16,2,335,20.9375,United Kingdom,411.3,0.06060606060606061,2.3482142857142856,0,🌱 Potential Customers
13330,93,3,1140.93,380.30999999999995,250.33333333333334,37,3,223,4.288461538461538,United Kingdom,591.1650000000001,0.031914893617021274,5.0934375,0,🌱 Potential Customers
13332,14,1,350.9,350.9,179.0,21,1,0,0.0,United Kingdom,184.04999999999998,0.06666666666666667,350.9,3,⚠️ At Risk Customers
13334,82,3,3502.32,1167.44,588.0,207,3,223,0.8409090909090909,United Kingdom,1772.96,0.03614457831325301,15.635357142857144,0,🌱 Potential Customers
13336,77,1,795.12,795.12,559.0,51,1,0,0.0,United Kingdom,399.86,0.01282051282051282,795.12,1,🏆 High Value Customers
13338,158,1,487.02,487.02,256.0,19,1,0,0.0,United Kingdom,237.70999999999998,0.006289308176100629,487.02,3,⚠️ At Risk Customers
13339,201,1,860.12,860.12,326.0,54,1,0,0.0,United Kingdom,419.96,0.0049504950495049506,860.12,1,🏆 High Value Customers
13340,45,7,10736.48,1533.782857142857,824.2857142857143,128,7,231,1.7293233082706767,United Kingdom,5433.74,0.15217391304347827,46.277931034482755,1,🏆 High Value Customers
13341,261,1,775.85,775.85,301.0,42,1,0,0.0,United Kingdom,371.825,0.003816793893129771,775.85,1,🏆 High Value Customers
13343,178,1,353.43,353.43,135.0,19,1,0,0.0,United Kingdom,168.915,0.00558659217877095,353.43,3,⚠️ At Risk Customers
13344,68,3,2511.69,837.23,317.3333333333333,115,3,209,1.817391304347826,United Kingdom,1279.045,0.043478260869565216,11.960428571428572,0,🌱 Potential Customers
13345,288,1,389.5,389.5,141.0,20,1,0,0.0,United Kingdom,175.95,0.0034602076124567475,389.5,3,⚠️ At Risk Customers
13347,70,1,341.36,341.36,205.0,8,1,0,0.0,United Kingdom,173.68,0.014084507042253521,341.36,3,⚠️ At Risk Customers
13348,64,1,233.76,233.76,136.0,14,1,0,0.0,United Kingdom,120.47999999999999,0.015384615384615385,233.76,3,⚠️ At Risk Customers
13349,11,1,247.32,247.32,225.0,16,1,0,0.0,United Kingdom,132.56,0.08333333333333333,247.32,3,⚠️ At Risk Customers
13350,16,2,979.12,489.56000000000006,143.5,36,2,63,1.6153846153846154,United Kingdom,507.96,0.11764705882352941,15.29875,3,⚠️ At Risk Customers
13351,66,1,373.94,373.94,117.0,16,1,0,0.0,United Kingdom,190.37,0.014925373134328358,373.94,3,⚠️ At Risk Customers
13352,60,1,397.97999999999996,397.97999999999996,321.0,24,1,0,0.0,United Kingdom,202.98999999999998,0.01639344262295082,397.97999999999996,3,⚠️ At Risk Customers
13354,71,1,743.53,743.53,604.0,51,1,0,0.0,United Kingdom,374.66499999999996,0.013888888888888888,743.53,1,🏆 High Value Customers
13355,122,1,674.7,674.7,314.0,32,1,0,0.0,United Kingdom,335.15000000000003,0.008130081300813009,674.7,3,⚠️ At Risk Customers
13356,80,1,768.24,768.24,325.0,42,1,0,0.0,United Kingdom,386.12,0.012345679012345678,768.24,1,🏆 High Value Customers
13357,257,1,609.4,609.4,321.0,85,1,0,0.0,United Kingdom,289.0,0.003875968992248062,609.4,3,⚠️ At Risk Customers
13358,269,1,439.03,439.03,285.0,29,1,0,0.0,United Kingdom,202.61499999999998,0.003703703703703704,439.03,3,⚠️ At Risk Customers
13359,64,1,439.56,439.56,161.0,23,1,0,0.0,United Kingdom,223.38,0.015384615384615385,439.56,3,⚠️ At Risk Customers
13362,9,4,3090.7400000000002,772.6850000000001,345.5,128,4,278,1.6787878787878787,United Kingdom,1584.47,0.4,11.077921146953406,0,🌱 Potential Customers
13363,18,2,992.5,496.25,355.0,47,2,26,0.4406779661016949,United Kingdom,514.45,0.10526315789473684,36.75925925925926,3,⚠️ At Risk Customers
13364,71,1,134.95999999999998,134.95999999999998,71.0,10,1,0,0.0,United Kingdom,70.38,0.013888888888888888,134.95999999999998,3,⚠️ At Risk Customers
13365,34,2,2225.37,1112.685,623.5,122,2,184,1.4488188976377954,United Kingdom,1129.2849999999999,0.05714285714285714,12.029027027027027,0,🌱 Potential Customers
13366,50,1,56.160000000000004,56.160000000000004,144.0,1,1,0,0.0,United Kingdom,33.08,0.0196078431372549,56.160000000000004,3,⚠️ At Risk Customers
13368,257,2,623.4,311.7,163.5,29,2,80,2.857142857142857,United Kingdom,306.0,0.007751937984496124,7.696296296296296,3,⚠️ At Risk Customers
13369,366,1,308.28000000000003,308.28000000000003,149.0,14,1,0,0.0,United Kingdom,127.54000000000002,0.0027247956403269754,308.28000000000003,3,⚠️ At Risk Customers
13370,372,1,754.87,754.87,343.0,39,1,0,0.0,United Kingdom,350.235,0.002680965147453083,754.87,1,🏆 High Value Customers
13372,90,1,378.64,378.64,159.0,23,1,0,0.0,United Kingdom,190.32,0.01098901098901099,378.64,3,⚠️ At Risk Customers
13373,61,3,3312.25,1104.0833333333333,550.3333333333334,135,3,215,1.3630573248407643,United Kingdom,1680.025,0.04838709677419355,15.33449074074074,0,🌱 Potential Customers
13375,89,1,778.65,778.65,442.0,37,1,0,0.0,United Kingdom,390.425,0.011111111111111112,778.65,1,🏆 High Value Customers
13376,99,3,1019.76,339.92,164.33333333333334,45,3,135,2.576923076923077,United Kingdom,529.98,0.03,7.498235294117647,0,🌱 Potential Customers
13379,26,3,572.56,190.85333333333332,200.33333333333334,85,3,110,1.1354166666666667,United Kingdom,313.67999999999995,0.1111111111111111,5.158198198198198,0,🌱 Potential Customers
13381,32,6,3639.31,606.5516666666666,338.1666666666667,77,6,267,1.5497076023391814,United Kingdom,1876.455,0.18181818181818182,13.579514925373134,0,🌱 Potential Customers
13382,281,1,222.99,222.99,131.0,15,1,0,0.0,United Kingdom,93.39500000000001,0.0035460992907801418,222.99,3,⚠️ At Risk Customers
13384,31,7,4151.93,593.1328571428572,346.0,123,7,147,0.9602649006622517,United Kingdom,2142.8650000000002,0.21875,28.053581081081084,0,🌱 Potential Customers
13385,330,1,534.57,534.57,281.0,35,1,0,0.0,United Kingdom,244.28500000000003,0.0030211480362537764,534.57,3,⚠️ At Risk Customers
13388,131,2,677.1,338.54999999999995,141.0,35,1,0,0.0,United Kingdom,345.45,0.007575757575757576,677.1,3,⚠️ At Risk Customers
13389,11,3,797.96,265.9866666666667,143.0,50,3,221,4.4,United Kingdom,427.88,0.25,3.594414414414415,0,🌱 Potential Customers
13390,75,1,544.08,544.08,224.0,13,1,0,0.0,United Kingdom,274.54,0.013157894736842105,544.08,3,⚠️ At Risk Customers
13391,204,1,59.8,59.8,4.0,1,1,0,0.0,United Kingdom,19.499999999999996,0.004878048780487805,59.8,3,⚠️ At Risk Customers
13394,2,8,2520.02,315.0025,299.0,124,8,308,1.9805194805194806,United Kingdom,1339.81,2.6666666666666665,8.155404530744336,0,🌱 Potential Customers
13395,185,1,307.72,307.72,336.0,21,1,0,0.0,United Kingdom,145.36,0.005376344086021506,307.72,3,⚠️ At Risk Customers
13396,29,2,1360.99,680.495,300.0,42,2,290,6.904761904761905,United Kingdom,697.595,0.06666666666666667,4.676941580756014,0,🌱 Potential Customers
13397,73,5,1544.13,308.826,86.0,28,5,266,7.135135135135135,United Kingdom,814.7650000000001,0.06756756756756757,5.7832584269662926,0,🌱 Potential Customers
13398,192,1,457.34,457.34,281.0,26,1,0,0.0,United Kingdom,219.46999999999997,0.0051813471502590676,457.34,3,⚠️ At Risk Customers
13402,127,2,621.23,310.615,239.5,32,2,244,6.421052631578948,United Kingdom,317.915,0.015625,2.5356326530612248,0,🌱 Potential Customers
13403,18,1,75.0,75.0,44.0,3,1,0,0.0,United Kingdom,45.7,0.05263157894736842,75.0,3,⚠️ At Risk Customers
13404,1,2,252.49,126.245,55.5,11,2,211,21.1,United Kingdom,146.145,1.0,1.1909905660377358,0,🌱 Potential Customers
13405,74,3,572.451,190.817,55.0,25,3,243,9.346153846153847,United Kingdom,308.82550000000003,0.04,2.346110655737705,0,🌱 Potential Customers
13408,2,62,28117.04,453.5006451612903,261.80645161290323,234,58,371,0.740041928721174,United Kingdom,14678.32,19.333333333333332,75.58344086021506,2,💎 Premium Customers
13410,24,5,1003.06,200.61200000000002,103.6,15,5,267,9.851851851851851,United Kingdom,549.13,0.2,3.7427611940298506,0,🌱 Potential Customers
13411,107,1,213.55,213.55,72.0,17,1,0,0.0,United Kingdom,106.075,0.009259259259259259,213.55,3,⚠️ At Risk Customers
13414,134,3,1390.5,463.5,524.6666666666666,23,3,162,7.043478260869565,United Kingdom,711.85,0.022222222222222223,8.530674846625766,0,🌱 Potential Customers
13416,44,2,712.5,356.25,71.0,11,2,37,2.0555555555555554,United Kingdom,371.85,0.044444444444444446,18.75,3,⚠️ At Risk Customers
13417,5,2,640.83,320.41499999999996,81.0,26,2,200,7.407407407407407,United Kingdom,339.915,0.3333333333333333,3.188208955223881,0,🌱 Potential Customers
13418,12,18,6127.43,340.4127777777778,217.66666666666666,223,18,360,1.1683168316831682,United Kingdom,3242.5150000000003,1.3846153846153846,16.97349030470914,2,💎 Premium Customers
13419,64,1,221.06,221.06,275.0,16,1,0,0.0,United Kingdom,114.13,0.015384615384615385,221.06,3,⚠️ At Risk Customers
13420,150,2,159.85,79.925,50.5,8,2,20,2.857142857142857,United Kingdom,84.925,0.013245033112582781,7.6119047619047615,3,⚠️ At Risk Customers
13421,40,2,1833.71,916.855,564.0,88,2,249,2.4653465346534653,United Kingdom,932.855,0.04878048780487805,7.33484,0,🌱 Potential Customers
13422,64,1,2626.3,2626.3,1326.0,127,1,0,0.0,United Kingdom,1316.75,0.015384615384615385,2626.3,1,🏆 High Value Customers
13425,108,3,1624.21,541.4033333333333,374.3333333333333,66,3,186,2.4155844155844157,United Kingdom,831.3050000000001,0.027522935779816515,8.685614973262032,0,🌱 Potential Customers
13426,1,10,3641.32,364.132,224.5,103,10,358,2.269230769230769,United Kingdom,1920.5600000000002,5.0,10.142952646239555,0,🌱 Potential Customers
13427,19,3,582.6,194.20000000000002,181.66666666666666,25,3,195,6.964285714285714,United Kingdom,319.40000000000003,0.15,2.972448979591837,0,🌱 Potential Customers
13428,10,1,201.78,201.78,151.0,70,1,0,0.0,United Kingdom,109.89,0.09090909090909091,201.78,3,⚠️ At Risk Customers
13429,11,4,1006.8,251.70000000000002,347.5,55,4,64,0.9393939393939394,United Kingdom,542.3,0.3333333333333333,15.489230769230769,0,🌱 Potential Customers
13430,19,2,679.45,339.725,375.5,48,2,67,1.3958333333333333,United Kingdom,357.82500000000005,0.1,9.991911764705883,3,⚠️ At Risk Customers
13431,67,2,1269.1,634.55,336.0,44,2,21,0.4666666666666667,United Kingdom,647.8499999999999,0.029411764705882353,57.68636363636363,3,⚠️ At Risk Customers
13434,74,2,534.24,267.12,150.0,9,2,22,2.4444444444444446,United Kingdom,279.72,0.02666666666666667,23.227826086956522,3,⚠️ At Risk Customers
13435,5,7,3809.8900000000003,544.27,304.14285714285717,68,7,183,1.81,United Kingdom,1974.4450000000002,1.1666666666666667,20.70592391304348,0,🌱 Potential Customers
13436,2,1,196.89,196.89,76.0,12,1,0,0.0,United Kingdom,108.24499999999999,0.3333333333333333,196.89,3,⚠️ At Risk Customers
13437,14,7,3408.06,486.86571428571426,183.28571428571428,143,7,175,1.0421686746987953,United Kingdom,1772.6299999999999,0.4666666666666667,19.363977272727272,0,🌱 Potential Customers
13439,255,1,283.71,283.71,242.0,54,1,0,0.0,United Kingdom,126.35499999999999,0.00390625,283.71,3,⚠️ At Risk Customers
13441,92,1,296.64,296.64,204.0,13,1,0,0.0,United Kingdom,149.12,0.010752688172043012,296.64,3,⚠️ At Risk Customers
13447,23,3,1129.14,376.38000000000005,194.66666666666666,55,3,12,0.20689655172413793,United Kingdom,592.2700000000001,0.125,86.85692307692308,3,⚠️ At Risk Customers
13448,17,6,3534.69,589.115,274.6666666666667,137,6,357,1.839378238341969,United Kingdom,1825.645,0.3333333333333333,9.873435754189945,0,🌱 Potential Customers
13449,24,1,291.88,291.88,222.0,19,1,0,0.0,United Kingdom,153.54,0.04,291.88,3,⚠️ At Risk Customers
13450,27,6,2043.7199999999998,340.62,330.3333333333333,32,6,191,2.7,United Kingdom,1079.1599999999999,0.21428571428571427,10.644374999999998,0,🌱 Potential Customers
13451,26,5,2898.2599999999998,579.652,425.6,315,5,308,0.7083333333333334,United Kingdom,1496.53,0.18518518518518517,9.379482200647248,0,🌱 Potential Customers
13452,259,2,590.0,295.0,1.0,1,2,11,11.0,United Kingdom,289.1,0.007692307692307693,49.166666666666664,3,⚠️ At Risk Customers
13453,166,2,356.97999999999996,178.49,67.0,16,2,123,7.6875,United Kingdom,181.89,0.011976047904191617,2.878870967741935,3,⚠️ At Risk Customers
13455,25,2,1058.34,529.1700000000001,177.0,42,2,341,7.5777777777777775,United Kingdom,546.67,0.07692307692307693,3.094561403508772,0,🌱 Potential Customers
13456,18,6,1766.72,294.4533333333333,127.5,43,6,189,3.0161290322580645,United Kingdom,941.5600000000001,0.3157894736842105,9.298526315789474,0,🌱 Potential Customers
13458,7,14,9646.57,689.0407142857142,393.42857142857144,242,14,352,0.9081364829396326,United Kingdom,4962.585,1.75,27.32739376770538,2,💎 Premium Customers
13460,29,2,183.44,91.72,143.0,16,2,20,1.25,United Kingdom,108.82,0.06666666666666667,8.735238095238095,3,⚠️ At Risk Customers
13461,39,3,1445.0,481.6666666666667,390.0,14,3,124,4.769230769230769,United Kingdom,748.6,0.075,11.56,0,🌱 Potential Customers
13462,253,1,151.5,151.5,62.0,9,1,0,0.0,United Kingdom,60.45,0.003937007874015748,151.5,3,⚠️ At Risk Customers
13464,58,1,674.68,674.68,403.0,41,1,0,0.0,United Kingdom,341.53999999999996,0.01694915254237288,674.68,1,🏆 High Value Customers
13466,184,1,307.9,307.9,259.0,17,1,0,0.0,United Kingdom,145.54999999999998,0.005405405405405406,307.9,3,⚠️ At Risk Customers
13467,11,2,1071.91,535.9549999999999,290.0,89,2,25,0.25773195876288657,United Kingdom,554.855,0.16666666666666666,41.2273076923077,3,⚠️ At Risk Customers
13468,2,37,5704.97,154.1883783783784,69.97297297297297,184,37,371,1.169435215946844,United Kingdom,3222.2850000000003,12.333333333333334,15.335940860215054,2,💎 Premium Customers
13470,99,2,165.0,82.5,50.0,7,2,15,1.6666666666666667,United Kingdom,92.6,0.02,10.3125,3,⚠️ At Risk Customers
13471,1,4,2501.84,625.46,395.75,214,4,46,0.17786561264822134,United Kingdom,1290.8200000000002,2.0,53.230638297872346,0,🌱 Potential Customers
13473,61,2,422.64,211.32,133.0,21,2,272,13.6,United Kingdom,225.22,0.03225806451612903,1.548131868131868,0,🌱 Potential Customers
13474,236,1,226.84,226.84,129.0,59,1,0,0.0,United Kingdom,99.82,0.004219409282700422,226.84,3,⚠️ At Risk Customers
13475,191,4,1431.78,357.945,253.0,64,4,107,1.2470588235294118,United Kingdom,736.79,0.020833333333333332,13.257222222222222,3,⚠️ At Risk Customers
13476,179,2,1238.47,619.235,208.5,56,2,102,1.7894736842105263,United Kingdom,621.335,0.011111111111111112,12.023980582524272,3,⚠️ At Risk Customers
13477,38,6,1454.58,242.42999999999998,170.16666666666666,57,6,253,3.230769230769231,United Kingdom,783.49,0.15384615384615385,5.726692913385826,0,🌱 Potential Customers
13479,201,2,300.95,150.475,67.0,14,2,33,2.357142857142857,United Kingdom,150.375,0.009900990099009901,8.851470588235294,3,⚠️ At Risk Customers
13481,46,5,1804.56,360.912,228.4,98,5,211,1.9351851851851851,United Kingdom,947.68,0.10638297872340426,8.512075471698113,0,🌱 Potential Customers
13482,232,1,184.64,184.64,116.0,11,1,0,0.0,United Kingdom,79.11999999999999,0.004291845493562232,184.64,3,⚠️ At Risk Customers
13483,66,1,140.34,140.34,160.0,10,1,0,0.0,United Kingdom,73.57000000000001,0.014925373134328358,140.34,3,⚠️ At Risk Customers
13484,241,1,313.8,313.8,44.0,8,1,0,0.0,United Kingdom,142.8,0.004132231404958678,313.8,3,⚠️ At Risk Customers
13485,233,1,454.24,454.24,277.0,23,1,0,0.0,United Kingdom,213.82,0.004273504273504274,454.24,3,⚠️ At Risk Customers
13486,78,3,1122.41,374.1366666666666,223.0,69,3,76,1.1176470588235294,United Kingdom,583.4050000000001,0.0379746835443038,14.576753246753247,3,⚠️ At Risk Customers
13487,58,3,575.4,191.79999999999998,88.33333333333333,26,3,295,8.93939393939394,United Kingdom,311.9,0.05084745762711865,1.9439189189189188,0,🌱 Potential Customers
13488,17,13,8968.31,689.87,347.53846153846155,271,13,350,0.8218527315914489,United Kingdom,4612.455,0.7222222222222222,25.55074074074074,2,💎 Premium Customers
13489,105,4,449.52,112.38,140.0,11,4,189,14.461538461538462,United Kingdom,254.26,0.03773584905660377,2.365894736842105,0,🌱 Potential Customers
13491,52,10,1215.82,121.582,90.3,73,10,320,3.7058823529411766,United Kingdom,702.7099999999999,0.18867924528301888,3.7876012461059188,0,🌱 Potential Customers
13492,136,3,1269.84,423.28000000000003,136.0,38,3,78,1.5714285714285714,Switzerland,651.3199999999999,0.021897810218978103,16.07392405063291,3,⚠️ At Risk Customers
13493,275,2,618.63,309.315,190.0,6,2,11,1.5714285714285714,Switzerland,301.815,0.007246376811594203,51.5525,3,⚠️ At Risk Customers
13494,312,1,316.26000000000005,316.26000000000005,162.0,18,1,0,0.0,United Kingdom,136.93,0.003194888178913738,316.26000000000005,3,⚠️ At Risk Customers
13495,8,5,2044.8700000000001,408.974,165.8,34,5,360,7.638297872340425,United Kingdom,1071.635,0.5555555555555556,5.664459833795014,0,🌱 Potential Customers
13496,11,2,653.33,326.66499999999996,170.5,28,2,349,10.264705882352942,United Kingdom,345.565,0.16666666666666666,1.866657142857143,0,🌱 Potential Customers
13497,283,2,348.05,174.025,81.5,19,2,85,4.722222222222222,United Kingdom,165.725,0.007042253521126761,4.047093023255814,3,⚠️ At Risk Customers
13499,18,5,1159.11,231.82200000000003,273.0,31,5,252,6.097560975609756,United Kingdom,627.755,0.2631578947368421,4.581462450592885,0,🌱 Potential Customers
13500,23,3,1166.77,388.92333333333335,203.0,60,3,99,1.53125,United Kingdom,611.085,0.125,11.6677,0,🌱 Potential Customers
13501,288,1,1340.32,1340.32,560.0,52,1,0,0.0,Switzerland,651.36,0.0034602076124567475,1340.32,1,🏆 High Value Customers
13502,17,3,292.0,97.33333333333333,88.0,17,3,307,18.0,United Kingdom,174.3,0.16666666666666666,0.948051948051948,0,🌱 Potential Customers
13503,71,1,216.85,216.85,248.0,17,1,0,0.0,United Kingdom,111.325,0.013888888888888888,216.85,3,⚠️ At Risk Customers
13504,64,1,295.93,295.93,178.0,22,1,0,0.0,United Kingdom,151.565,0.015384615384615385,295.93,3,⚠️ At Risk Customers
13505,73,4,4393.63,1098.4075,621.5,182,4,159,0.7383177570093458,Switzerland,2229.515,0.05405405405405406,27.4601875,0,🌱 Potential Customers
13506,316,2,458.52,229.26,162.0,26,2,53,2.12,United Kingdom,217.66,0.006309148264984227,8.491111111111111,3,⚠️ At Risk Customers
13507,3,4,2479.16,619.79,399.25,146,4,142,0.8757763975155279,United Kingdom,1279.28,1.0,17.336783216783214,0,🌱 Potential Customers
13508,244,1,110.97,110.97,24.0,12,1,0,0.0,United Kingdom,41.084999999999994,0.004081632653061225,110.97,3,⚠️ At Risk Customers
13509,9,7,979.72,139.96,158.0,27,7,275,6.325581395348837,United Kingdom,558.96,0.7,3.5497101449275363,0,🌱 Potential Customers
13510,1,4,1791.56,447.89,346.5,86,4,182,1.5789473684210527,United Kingdom,935.68,2.0,9.789945355191257,0,🌱 Potential Customers
13512,261,1,251.21,251.21,143.0,15,1,0,0.0,United Kingdom,109.50500000000002,0.003816793893129771,251.21,3,⚠️ At Risk Customers
13513,127,1,205.1,205.1,109.0,10,1,0,0.0,United Kingdom,99.85,0.0078125,205.1,3,⚠️ At Risk Customers
13514,74,1,152.20000000000002,152.20000000000002,40.0,4,1,0,0.0,United Kingdom,78.7,0.013333333333333334,152.20000000000002,3,⚠️ At Risk Customers
13515,73,4,891.12,222.78,170.25,50,4,175,2.9827586206896552,United Kingdom,478.26,0.05405405405405406,5.0631818181818184,0,🌱 Potential Customers
13516,21,3,1389.41,463.1366666666667,328.3333333333333,43,3,217,5.046511627906977,United Kingdom,722.605,0.13636363636363635,6.373440366972478,0,🌱 Potential Customers
13517,60,3,2128.42,709.4733333333334,456.3333333333333,125,3,120,0.8571428571428571,United Kingdom,1088.21,0.04918032786885246,17.5902479338843,0,🌱 Potential Customers
13518,86,1,627.16,627.16,382.0,36,1,0,0.0,United Kingdom,314.97999999999996,0.011494252873563218,627.16,3,⚠️ At Risk Customers
13519,78,1,122.75,122.75,23.0,8,1,0,0.0,United Kingdom,63.575,0.012658227848101266,122.75,3,⚠️ At Risk Customers
13520,59,6,3624.35,604.0583333333333,274.8333333333333,49,6,312,3.380434782608696,Switzerland,1866.2749999999999,0.1,11.579392971246007,0,🌱 Potential Customers
13521,1,3,1071.73,357.24333333333334,239.33333333333334,313,3,8,0.016786570743405275,United Kingdom,565.765,1.5,119.08111111111111,0,🌱 Potential Customers
13522,30,1,125.80000000000001,125.80000000000001,44.0,5,1,0,0.0,United Kingdom,69.9,0.03225806451612903,125.80000000000001,3,⚠️ At Risk Customers
13523,33,5,3964.88,792.976,350.4,157,5,333,1.9415204678362572,United Kingdom,2029.14,0.14705882352941177,11.870898203592814,0,🌱 Potential Customers
13524,41,5,680.1800000000001,136.036,64.8,17,5,179,6.8076923076923075,United Kingdom,385.99,0.11904761904761904,3.778777777777778,0,🌱 Potential Customers
13525,15,2,628.78,314.39,197.0,5,2,233,46.6,United Kingdom,332.89,0.125,2.687094017094017,0,🌱 Potential Customers
13527,34,7,2242.36,320.33714285714285,240.42857142857142,153,7,293,1.3472222222222223,United Kingdom,1187.78,0.2,7.627074829931973,0,🌱 Potential Customers
13529,79,2,307.76,153.88,37.0,15,2,125,8.928571428571429,United Kingdom,165.98,0.025,2.4425396825396826,3,⚠️ At Risk Customers
13531,205,2,483.8,241.89999999999998,87.0,17,2,161,7.666666666666667,United Kingdom,241.39999999999998,0.009708737864077669,2.9864197530864196,3,⚠️ At Risk Customers
13532,34,1,210.31,210.31,129.0,66,1,0,0.0,United Kingdom,111.755,0.02857142857142857,210.31,3,⚠️ At Risk Customers
13533,183,3,269.09,89.69666666666666,67.33333333333333,61,3,84,1.135135135135135,United Kingdom,146.24499999999998,0.016304347826086956,3.165764705882353,3,⚠️ At Risk Customers
13534,2,25,5870.08,234.8032,118.44,119,22,355,1.176271186440678,United Kingdom,3184.84,7.333333333333333,16.488988764044944,2,💎 Premium Customers
13536,1,7,3444.39,492.0557142857143,303.7142857142857,91,7,74,0.4011299435028249,United Kingdom,1792.095,3.5,45.9252,0,🌱 Potential Customers
13538,43,7,1280.85,182.97857142857146,25.0,10,7,272,11.25,United Kingdom,706.125,0.1590909090909091,4.691758241758241,0,🌱 Potential Customers
13539,86,3,631.34,210.4466666666667,106.66666666666667,35,3,223,6.166666666666667,United Kingdom,337.07,0.034482758620689655,2.818482142857143,0,🌱 Potential Customers
13544,40,2,276.06,138.03,56.0,76,2,200,2.5974025974025974,United Kingdom,154.03,0.04878048780487805,1.3734328358208956,0,🌱 Potential Customers
13546,12,3,621.09,207.03,119.0,72,3,188,1.9479166666666667,United Kingdom,339.345,0.23076923076923078,3.2861904761904763,0,🌱 Potential Customers
13548,96,2,678.16,339.08,218.0,114,2,147,1.2049180327868851,United Kingdom,349.47999999999996,0.020618556701030927,4.582162162162162,0,🌱 Potential Customers
13549,26,7,918.2,131.17142857142858,65.42857142857143,37,7,216,4.28,United Kingdom,526.5,0.25925925925925924,4.231336405529954,0,🌱 Potential Customers
13551,319,1,91.80000000000001,91.80000000000001,12.0,4,1,0,0.0,United Kingdom,24.000000000000004,0.003125,91.80000000000001,3,⚠️ At Risk Customers
13552,66,12,3740.07,311.6725,118.08333333333333,82,12,249,2.287037037037037,United Kingdom,1983.4350000000002,0.1791044776119403,14.960280000000001,0,🌱 Potential Customers
13555,74,4,4098.88,1024.72,659.0,128,4,128,0.9552238805970149,United Kingdom,2082.04,0.05333333333333334,31.774263565891474,0,🌱 Potential Customers
13557,28,2,584.06,292.03,273.0,31,2,252,7.636363636363637,United Kingdom,309.22999999999996,0.06896551724137931,2.3085375494071143,0,🌱 Potential Customers
13558,6,4,594.52,148.63,84.5,123,4,62,0.3630952380952381,United Kingdom,336.65999999999997,0.5714285714285714,9.436825396825396,0,🌱 Potential Customers
13560,7,1,171.42000000000002,171.42000000000002,63.0,32,1,0,0.0,United Kingdom,95.01,0.125,171.42000000000002,3,⚠️ At Risk Customers
13561,216,1,141.85999999999999,141.85999999999999,83.0,14,1,0,0.0,United Kingdom,59.32999999999999,0.004608294930875576,141.85999999999999,3,⚠️ At Risk Customers
13562,82,3,1799.33,599.7766666666666,252.33333333333334,50,3,163,2.0123456790123457,United Kingdom,921.4649999999999,0.03614457831325301,10.971524390243902,0,🌱 Potential Customers
13563,84,2,777.53,388.765,104.5,49,2,55,1.1458333333333333,United Kingdom,400.365,0.023529411764705882,13.884464285714285,3,⚠️ At Risk Customers
13564,144,3,1724.67,574.89,212.0,68,3,223,2.775,United Kingdom,877.9350000000001,0.020689655172413793,7.699419642857143,0,🌱 Potential Customers
13565,19,2,240.22,120.10999999999999,86.0,35,2,315,8.513513513513514,United Kingdom,138.21,0.1,0.7601898734177215,0,🌱 Potential Customers
13566,41,2,856.84,428.41999999999996,283.5,134,2,41,0.24404761904761904,United Kingdom,444.32,0.047619047619047616,20.400952380952383,0,🌱 Potential Customers
13568,173,1,187.05,187.05,66.0,41,1,0,0.0,United Kingdom,86.22500000000001,0.005747126436781609,187.05,3,⚠️ At Risk Customers
13569,17,2,338.62,169.31,78.0,73,2,350,4.487179487179487,United Kingdom,187.61,0.1111111111111111,0.9647293447293448,0,🌱 Potential Customers
13570,243,1,239.49,239.49,161.0,27,1,0,0.0,United Kingdom,105.44500000000001,0.004098360655737705,239.49,3,⚠️ At Risk Customers
13571,13,12,2088.94,174.07833333333335,146.41666666666666,157,12,240,0.696165191740413,United Kingdom,1163.17,0.8571428571428571,8.66780082987552,0,🌱 Potential Customers
13572,206,1,1384.25,1384.25,534.0,32,1,0,0.0,United Kingdom,681.525,0.004830917874396135,1384.25,1,🏆 High Value Customers
13573,50,2,290.25,145.125,151.0,24,2,202,8.416666666666666,United Kingdom,160.125,0.0392156862745098,1.4298029556650247,0,🌱 Potential Customers
13575,23,5,732.0699999999999,146.414,89.8,41,5,152,3.3555555555555556,United Kingdom,413.73499999999996,0.20833333333333334,4.7847712418300645,0,🌱 Potential Customers
13576,10,18,6717.34,373.18555555555554,147.0,78,18,362,2.832,United Kingdom,3537.67,1.6363636363636365,18.505068870523417,2,💎 Premium Customers
13577,25,4,1687.6000000000001,421.9,197.75,61,4,216,2.6219512195121952,United Kingdom,881.3000000000001,0.15384615384615385,7.776958525345623,0,🌱 Potential Customers
13579,15,2,467.04,233.51999999999998,88.0,19,2,354,16.09090909090909,United Kingdom,252.02,0.125,1.315605633802817,0,🌱 Potential Customers
13581,309,1,118.0,118.0,30.0,10,1,0,0.0,United Kingdom,38.099999999999994,0.0032258064516129032,118.0,3,⚠️ At Risk Customers
13583,156,1,781.03,781.03,725.0,53,1,0,0.0,United Kingdom,384.91499999999996,0.006369426751592357,781.03,1,🏆 High Value Customers
13584,307,1,142.4,142.4,37.0,24,1,0,0.0,United Kingdom,50.5,0.003246753246753247,142.4,3,⚠️ At Risk Customers
13587,64,1,712.4,712.4,180.0,8,1,0,0.0,United Kingdom,359.8,0.015384615384615385,712.4,3,⚠️ At Risk Customers
13588,16,9,2478.95,275.43888888888887,289.55555555555554,131,9,239,1.3641618497109826,United Kingdom,1327.875,0.5294117647058824,10.328958333333333,0,🌱 Potential Customers
13589,15,2,379.65,189.825,57.0,21,2,164,8.2,United Kingdom,208.325,0.125,2.300909090909091,0,🌱 Potential Customers
13590,11,6,1981.92,330.32,308.0,70,6,291,3.383720930232558,United Kingdom,1049.8600000000001,0.5,6.7873972602739725,0,🌱 Potential Customers
13591,65,3,1117.13,372.3766666666666,161.66666666666666,56,3,202,3.526315789473684,United Kingdom,582.065,0.045454545454545456,5.503103448275863,0,🌱 Potential Customers
13592,36,4,247.95999999999998,61.989999999999995,21.0,15,4,228,15.2,United Kingdom,160.38,0.10810810810810811,1.0827947598253274,0,🌱 Potential Customers
13593,108,5,2011.88,402.37600000000003,143.8,77,5,227,1.8015873015873016,United Kingdom,1045.14,0.045871559633027525,8.824035087719299,0,🌱 Potential Customers
13594,53,1,396.97,396.97,359.0,26,1,0,0.0,United Kingdom,203.185,0.018518518518518517,396.97,3,⚠️ At Risk Customers
13596,6,2,664.11,332.055,192.0,133,2,7,0.04827586206896552,United Kingdom,351.455,0.2857142857142857,83.01375,3,⚠️ At Risk Customers
13598,47,1,160.04,160.04,52.0,33,1,0,0.0,United Kingdom,85.32,0.020833333333333332,160.04,3,⚠️ At Risk Customers
13599,1,21,5149.92,245.2342857142857,156.8095238095238,171,19,365,1.4653061224489796,United Kingdom,2784.86,9.5,14.070819672131147,2,💎 Premium Customers
13600,312,1,219.52,219.52,324.0,19,1,0,0.0,United Kingdom,88.56,0.003194888178913738,219.52,3,⚠️ At Risk Customers
13601,45,2,693.32,346.65999999999997,274.0,90,2,166,1.6938775510204083,United Kingdom,362.16,0.043478260869565216,4.1516167664670665,0,🌱 Potential Customers
13602,65,1,428.89,428.89,267.0,23,1,0,0.0,United Kingdom,217.945,0.015151515151515152,428.89,3,⚠️ At Risk Customers
13603,26,1,164.34,164.34,164.0,27,1,0,0.0,United Kingdom,89.57000000000001,0.037037037037037035,164.34,3,⚠️ At Risk Customers
13606,29,3,276.75,92.24999999999999,92.0,40,3,282,7.230769230769231,United Kingdom,165.475,0.1,0.9779151943462897,0,🌱 Potential Customers
13607,40,1,675.51,675.51,288.0,93,1,0,0.0,United Kingdom,343.755,0.024390243902439025,675.51,3,⚠️ At Risk Customers
13610,12,7,1082.33,154.6185714285714,69.71428571428571,165,7,273,1.2570093457943925,United Kingdom,609.9649999999999,0.5384615384615384,3.9501094890510946,0,🌱 Potential Customers
13611,89,3,1154.4,384.8,251.33333333333334,67,3,270,3.8028169014084505,United Kingdom,598.3000000000001,0.03333333333333333,4.259778597785978,0,🌱 Potential Customers
13614,24,4,1585.46,396.365,141.0,171,4,306,1.5721649484536082,United Kingdom,830.33,0.16,5.164364820846906,0,🌱 Potential Customers
13615,319,1,417.69,417.69,189.0,23,1,0,0.0,United Kingdom,186.945,0.003125,417.69,3,⚠️ At Risk Customers
13617,40,3,544.18,181.39333333333335,100.0,31,3,140,3.255813953488372,United Kingdom,298.09,0.07317073170731707,3.8594326241134747,0,🌱 Potential Customers
13618,174,1,177.34,177.34,246.0,13,1,0,0.0,United Kingdom,81.27,0.005714285714285714,177.34,3,⚠️ At Risk Customers
13621,117,1,213.85,213.85,343.0,19,1,0,0.0,United Kingdom,105.225,0.00847457627118644,213.85,3,⚠️ At Risk Customers
13623,31,5,727.74,145.548,57.2,75,5,266,3.4415584415584415,United Kingdom,410.77,0.15625,2.7256179775280898,0,🌱 Potential Customers
13626,253,1,257.23,257.23,209.0,19,1,0,0.0,United Kingdom,113.31500000000001,0.003937007874015748,257.23,3,⚠️ At Risk Customers
13627,59,5,1638.47,327.694,253.8,84,5,298,3.2527472527472527,United Kingdom,863.335,0.08333333333333333,5.479832775919733,0,🌱 Potential Customers
13629,23,11,7792.36,708.3963636363636,397.45454545454544,28,11,315,5.344827586206897,United Kingdom,4003.8799999999997,0.4583333333333333,24.659367088607596,0,🌱 Potential Customers
13630,5,7,2031.78,290.2542857142857,198.71428571428572,51,7,280,3.9571428571428573,United Kingdom,1085.3899999999999,1.1666666666666667,7.230533807829182,0,🌱 Potential Customers
13631,100,11,3070.42,279.1290909090909,42.45454545454545,6,11,167,16.5,United Kingdom,1635.21,0.10891089108910891,18.276309523809523,0,🌱 Potential Customers
13632,25,5,2118.93,423.78599999999994,206.2,121,5,218,1.5069444444444444,United Kingdom,1106.965,0.19230769230769232,9.675479452054795,0,🌱 Potential Customers
13634,33,5,1547.3600000000001,309.47200000000004,140.0,156,5,293,1.5783783783783785,United Kingdom,820.3800000000001,0.14705882352941177,5.263129251700681,0,🌱 Potential Customers
13635,68,1,1071.03,1071.03,677.0,62,1,0,0.0,United Kingdom,538.715,0.014492753623188406,1071.03,1,🏆 High Value Customers
13636,37,5,949.12,189.824,118.4,57,5,248,3.9838709677419355,United Kingdom,520.8599999999999,0.13157894736842105,3.811726907630522,0,🌱 Potential Customers
13637,52,3,804.3,268.09999999999997,135.0,79,3,174,1.7755102040816326,United Kingdom,426.95,0.05660377358490566,4.596,0,🌱 Potential Customers
13638,16,1,122.64,122.64,93.0,8,1,0,0.0,United Kingdom,69.72,0.058823529411764705,122.64,3,⚠️ At Risk Customers
13639,74,1,1033.34,1033.34,800.0,39,1,0,0.0,United Kingdom,519.27,0.013333333333333334,1033.34,1,🏆 High Value Customers
13642,216,1,312.28,312.28,151.0,57,1,0,0.0,United Kingdom,144.54,0.004608294930875576,312.28,3,⚠️ At Risk Customers
13643,31,3,519.44,173.14666666666668,91.0,24,3,154,5.666666666666667,United Kingdom,286.62,0.09375,3.3512258064516134,0,🌱 Potential Customers
13644,16,4,2624.26,656.065,516.75,144,4,89,0.6068965517241379,United Kingdom,1350.5300000000002,0.23529411764705882,29.15844444444445,0,🌱 Potential Customers
13645,120,1,252.1,252.1,158.0,5,1,0,0.0,United Kingdom,124.05000000000001,0.008264462809917356,252.1,3,⚠️ At Risk Customers
13647,10,4,1648.1200000000001,412.03000000000003,221.75,65,4,225,2.909090909090909,United Kingdom,863.0600000000001,0.36363636363636365,7.292566371681416,0,🌱 Potential Customers
13649,257,2,346.6,173.3,69.5,23,2,109,4.954545454545454,United Kingdom,167.60000000000002,0.007751937984496124,3.1509090909090913,3,⚠️ At Risk Customers
13650,17,6,1836.34,306.0566666666667,153.66666666666666,79,5,250,2.6210526315789475,United Kingdom,976.4699999999999,0.2777777777777778,7.31609561752988,0,🌱 Potential Customers
13651,35,2,94.2,47.1,16.5,6,2,4,0.8,United Kingdom,63.599999999999994,0.05555555555555555,18.84,3,⚠️ At Risk Customers
13652,46,3,1095.08,365.02666666666664,192.66666666666666,48,3,322,5.193548387096774,United Kingdom,572.9399999999999,0.06382978723404255,3.3903405572755414,0,🌱 Potential Customers
13654,43,6,2707.33,451.22166666666664,363.6666666666667,157,6,230,1.387878787878788,United Kingdom,1409.365,0.13636363636363635,11.72004329004329,0,🌱 Potential Customers
13655,114,2,932.97,466.485,302.5,52,2,127,2.309090909090909,United Kingdom,475.08500000000004,0.017391304347826087,7.288828125,3,⚠️ At Risk Customers
13656,165,2,379.65,189.825,245.0,49,2,172,3.5833333333333335,United Kingdom,193.325,0.012048192771084338,2.1945086705202312,3,⚠️ At Risk Customers
13657,11,2,382.14,191.07,104.5,16,2,190,12.666666666666666,United Kingdom,209.97,0.16666666666666666,2.000732984293194,0,🌱 Potential Customers
13658,10,5,2639.17,527.8340000000001,203.8,91,5,194,1.8037383177570094,United Kingdom,1368.585,0.45454545454545453,13.534205128205128,0,🌱 Potential Customers
13659,206,2,1563.0,781.5,441.0,92,2,115,1.1274509803921569,United Kingdom,780.9,0.00966183574879227,13.474137931034482,3,⚠️ At Risk Customers
13662,86,3,881.26,293.75333333333333,177.66666666666666,50,3,173,3.392156862745098,United Kingdom,462.03,0.034482758620689655,5.064712643678161,0,🌱 Potential Customers
13663,179,1,189.47,189.47,91.0,13,1,0,0.0,United Kingdom,86.835,0.005555555555555556,189.47,3,⚠️ At Risk Customers
13666,60,3,84.65,28.21666666666667,13.666666666666666,12,3,227,20.636363636363637,United Kingdom,66.325,0.04918032786885246,0.3712719298245614,0,🌱 Potential Customers
13667,149,1,299.05,299.05,149.0,82,1,0,0.0,United Kingdom,144.625,0.006666666666666667,299.05,3,⚠️ At Risk Customers
13668,3,21,6309.83,300.46809523809526,177.23809523809524,284,21,359,0.7575757575757576,United Kingdom,3364.615,5.25,17.527305555555554,2,💎 Premium Customers
13669,51,2,218.55,109.27499999999999,118.5,9,2,98,12.25,United Kingdom,124.17500000000001,0.038461538461538464,2.2075757575757575,0,🌱 Potential Customers
13670,75,1,349.7,349.7,282.0,25,1,0,0.0,United Kingdom,177.35,0.013157894736842105,349.7,3,⚠️ At Risk Customers
13672,301,2,186.39000000000001,93.19500000000001,28.5,4,2,30,6.0,United Kingdom,83.095,0.006622516556291391,6.01258064516129,3,⚠️ At Risk Customers
13673,19,2,387.44,193.72,57.0,47,2,13,0.22033898305084745,United Kingdom,211.82,0.1,27.674285714285713,3,⚠️ At Risk Customers
13675,151,2,486.82000000000005,243.41000000000003,165.0,25,2,133,5.541666666666667,United Kingdom,248.31000000000003,0.013157894736842105,3.632985074626866,3,⚠️ At Risk Customers
13678,152,1,232.6,232.6,924.0,16,1,0,0.0,United Kingdom,111.1,0.006535947712418301,232.6,3,⚠️ At Risk Customers
13680,1,4,3719.12,929.7800000000001,483.5,164,4,337,1.7461139896373057,United Kingdom,1899.46,2.0,11.003313609467455,0,🌱 Potential Customers
13681,18,4,827.83,206.9575,90.0,37,4,137,2.4285714285714284,United Kingdom,452.115,0.21052631578947367,5.998768115942029,0,🌱 Potential Customers
13682,187,1,59.5,59.5,10.0,3,1,0,0.0,United Kingdom,21.05,0.005319148936170213,59.5,3,⚠️ At Risk Customers
13684,286,1,65.13,65.13,38.0,29,1,0,0.0,United Kingdom,13.964999999999996,0.003484320557491289,65.13,3,⚠️ At Risk Customers
13685,3,7,3119.44,445.63428571428574,722.2857142857143,29,7,57,1.4473684210526316,United Kingdom,1629.42,1.75,53.78344827586207,0,🌱 Potential Customers
13686,183,1,72.0,72.0,70.0,8,1,0,0.0,United Kingdom,27.7,0.005434782608695652,72.0,3,⚠️ At Risk Customers
13689,63,1,910.0,910.0,512.0,6,1,0,0.0,United Kingdom,458.7,0.015625,910.0,1,🏆 High Value Customers
13690,59,1,172.25,172.25,67.0,9,1,0,0.0,United Kingdom,90.225,0.016666666666666666,172.25,3,⚠️ At Risk Customers
13692,25,3,1488.32,496.10666666666674,408.6666666666667,48,3,211,4.0576923076923075,United Kingdom,771.66,0.11538461538461539,7.020377358490566,0,🌱 Potential Customers
13694,4,50,65039.62,1300.7924,1266.24,366,50,369,0.6172839506172839,United Kingdom,33019.409999999996,10.0,175.78275675675675,2,💎 Premium Customers
13695,31,15,2504.13,166.942,106.86666666666666,46,15,228,2.50561797752809,United Kingdom,1398.9650000000001,0.46875,10.935065502183406,0,🌱 Potential Customers
13697,39,1,151.29999999999998,151.29999999999998,177.0,12,1,0,0.0,United Kingdom,81.74999999999999,0.025,151.29999999999998,3,⚠️ At Risk Customers
13699,155,1,308.58000000000004,308.58000000000004,66.0,14,1,0,0.0,United Kingdom,148.79000000000002,0.00641025641025641,308.58000000000004,3,⚠️ At Risk Customers
13700,26,10,2248.63,224.863,228.1,139,10,300,1.544041450777202,United Kingdom,1221.7150000000001,0.37037037037037035,7.470531561461795,0,🌱 Potential Customers
13703,318,1,99.5,99.5,10.0,1,1,0,0.0,United Kingdom,27.95,0.003134796238244514,99.5,3,⚠️ At Risk Customers
13704,5,9,2308.06,256.4511111111111,170.11111111111111,111,9,83,0.6090225563909775,United Kingdom,1243.53,1.5,27.476904761904763,0,🌱 Potential Customers
13705,8,3,711.86,237.28666666666666,121.0,25,3,366,13.518518518518519,United Kingdom,385.13,0.3333333333333333,1.9396730245231608,0,🌱 Potential Customers
13706,303,1,330.79,330.79,189.0,20,1,0,0.0,United Kingdom,145.095,0.003289473684210526,330.79,3,⚠️ At Risk Customers
13707,267,2,806.41,403.205,175.5,48,2,48,1.0212765957446808,United Kingdom,396.505,0.007462686567164179,16.45734693877551,3,⚠️ At Risk Customers
13708,271,1,285.33,285.33,301.0,49,1,0,0.0,United Kingdom,125.565,0.003676470588235294,285.33,3,⚠️ At Risk Customers
13709,4,13,6307.650000000001,485.20384615384614,269.84615384615387,244,13,311,0.9221556886227545,United Kingdom,3283.425,2.6,20.216826923076926,2,💎 Premium Customers
13710,32,1,180.48,180.48,176.0,8,1,0,0.0,United Kingdom,97.03999999999999,0.030303030303030304,180.48,3,⚠️ At Risk Customers
13711,219,2,252.06,126.03,70.0,11,2,0,0.0,United Kingdom,124.13,0.00909090909090909,252.06,3,⚠️ At Risk Customers
13712,247,1,228.84,228.84,352.0,10,1,0,0.0,United Kingdom,99.72,0.004032258064516129,228.84,3,⚠️ At Risk Customers
13715,281,5,1077.39,215.478,112.4,89,5,91,0.8737864077669902,United Kingdom,560.595,0.01773049645390071,11.710760869565219,3,⚠️ At Risk Customers
13716,269,1,138.28,138.28,138.0,21,1,0,0.0,United Kingdom,52.239999999999995,0.003703703703703704,138.28,3,⚠️ At Risk Customers
13717,32,6,1445.01,240.835,326.5,92,6,266,2.603960396039604,United Kingdom,779.305,0.18181818181818182,5.412022471910112,0,🌱 Potential Customers
13718,246,2,306.55,153.275,86.5,9,2,49,4.454545454545454,United Kingdom,148.675,0.008097165991902834,6.131,3,⚠️ At Risk Customers
13719,15,5,1041.68,208.336,121.8,56,5,219,3.6779661016949152,United Kingdom,569.34,0.3125,4.734909090909091,0,🌱 Potential Customers
13720,117,4,799.9,199.975,125.25,42,4,138,3.238095238095238,United Kingdom,428.25,0.03389830508474576,5.754676258992806,0,🌱 Potential Customers
13721,36,1,524.14,524.14,316.0,28,1,0,0.0,United Kingdom,268.46999999999997,0.02702702702702703,524.14,3,⚠️ At Risk Customers
13722,132,3,2375.41,791.8033333333333,467.0,75,3,151,1.7976190476190477,United Kingdom,1204.5049999999999,0.022556390977443608,15.627697368421051,0,🌱 Potential Customers
13723,217,1,199.85000000000002,199.85000000000002,43.0,6,1,0,0.0,United Kingdom,88.22500000000001,0.0045871559633027525,199.85000000000002,3,⚠️ At Risk Customers
13725,50,8,1980.56,247.57,100.75,95,8,258,2.4854368932038833,United Kingdom,1065.28,0.1568627450980392,7.646949806949807,0,🌱 Potential Customers
13726,39,2,1079.6599999999999,539.83,527.0,39,2,61,1.4878048780487805,United Kingdom,555.93,0.05,17.413870967741932,3,⚠️ At Risk Customers
13727,29,2,333.48,166.74,81.0,19,2,4,0.21052631578947367,United Kingdom,183.84,0.06666666666666667,66.696,3,⚠️ At Risk Customers
13728,37,6,1016.14,169.35666666666665,76.33333333333333,38,6,273,4.354838709677419,United Kingdom,564.3699999999999,0.15789473684210525,3.7085401459854013,0,🌱 Potential Customers
13730,136,2,752.6,376.29999999999995,244.0,38,2,25,0.5952380952380952,United Kingdom,382.7,0.014598540145985401,28.946153846153848,3,⚠️ At Risk Customers
13731,219,2,610.59,305.295,139.0,36,2,27,0.7297297297297297,United Kingdom,303.39500000000004,0.00909090909090909,21.806785714285716,3,⚠️ At Risk Customers
13732,28,1,491.86,491.86,498.0,33,1,0,0.0,United Kingdom,253.13,0.034482758620689655,491.86,3,⚠️ At Risk Customers
13735,25,4,2883.54,720.885,282.0,158,4,209,1.0721649484536082,United Kingdom,1479.27,0.15384615384615385,13.731142857142856,0,🌱 Potential Customers
13736,5,2,729.8,364.9,248.0,166,2,255,1.3492063492063493,United Kingdom,384.4,0.3333333333333333,2.85078125,0,🌱 Potential Customers
13737,200,1,339.59999999999997,339.59999999999997,125.0,29,1,0,0.0,United Kingdom,159.79999999999998,0.004975124378109453,339.59999999999997,3,⚠️ At Risk Customers
13739,18,1,216.9,216.9,54.0,3,1,0,0.0,United Kingdom,116.65,0.05263157894736842,216.9,3,⚠️ At Risk Customers
13740,241,1,350.75,350.75,425.0,23,1,0,0.0,United Kingdom,161.275,0.004132231404958678,350.75,3,⚠️ At Risk Customers
13741,72,3,668.4300000000001,222.81000000000003,72.66666666666667,34,3,145,4.393939393939394,United Kingdom,357.01500000000004,0.0410958904109589,4.578287671232877,0,🌱 Potential Customers
13742,17,12,3107.87,258.9891666666667,92.91666666666667,200,12,303,0.9551282051282052,United Kingdom,1672.235,0.6666666666666666,10.223256578947368,0,🌱 Potential Customers
13743,3,7,1341.6,191.65714285714284,253.71428571428572,8,7,256,6.325,United Kingdom,740.5,1.75,5.220233463035019,0,🌱 Potential Customers
13744,95,2,1080.52,540.26,576.5,54,2,197,3.1774193548387095,United Kingdom,550.76,0.020833333333333332,5.457171717171717,0,🌱 Potential Customers
13745,162,1,300.04,300.04,496.0,25,1,0,0.0,United Kingdom,143.82000000000002,0.006134969325153374,300.04,3,⚠️ At Risk Customers
13747,374,1,79.6,79.6,8.0,1,1,0,0.0,United Kingdom,12.399999999999999,0.0026666666666666666,79.6,3,⚠️ At Risk Customers
13748,96,5,948.25,189.65,87.8,24,4,278,10.25925925925926,United Kingdom,514.525,0.041237113402061855,3.3987455197132617,0,🌱 Potential Customers
13750,54,5,1647.26,329.452,103.2,20,5,283,12.173913043478262,United Kingdom,868.23,0.09090909090909091,5.800211267605634,0,🌱 Potential Customers
13751,288,1,296.25,296.25,152.0,9,1,0,0.0,United Kingdom,129.325,0.0034602076124567475,296.25,3,⚠️ At Risk Customers
13752,124,6,1175.38,195.89666666666668,145.66666666666666,64,6,122,1.6216216216216217,United Kingdom,635.2900000000001,0.048,9.555934959349594,0,🌱 Potential Customers
13753,288,1,741.26,741.26,512.0,35,1,0,0.0,United Kingdom,351.83,0.0034602076124567475,741.26,1,🏆 High Value Customers
13754,152,2,282.59999999999997,141.3,107.0,11,2,165,15.0,United Kingdom,146.1,0.013071895424836602,1.7024096385542167,0,🌱 Potential Customers
13755,4,9,2108.06,234.2288888888889,138.0,232,9,59,0.175,United Kingdom,1143.6299999999999,1.8,35.13433333333333,0,🌱 Potential Customers
13756,2,14,5189.52,370.68,227.71428571428572,66,14,365,2.5390070921985815,United Kingdom,2734.5600000000004,4.666666666666667,14.179016393442625,2,💎 Premium Customers
13758,12,7,3190.55,455.79285714285714,263.42857142857144,104,7,361,3.0948275862068964,United Kingdom,1664.075,0.5384615384615384,8.813674033149171,0,🌱 Potential Customers
13759,33,2,659.4100000000001,329.70500000000004,143.5,24,2,37,1.5416666666666667,United Kingdom,346.40500000000003,0.058823529411764705,17.352894736842106,3,⚠️ At Risk Customers
13760,54,2,286.79,143.395,98.5,50,2,202,3.607142857142857,United Kingdom,157.995,0.03636363636363636,1.4127586206896552,0,🌱 Potential Customers
13761,50,2,1070.65,535.325,321.0,68,2,129,1.8695652173913044,United Kingdom,550.325,0.0392156862745098,8.23576923076923,0,🌱 Potential Customers
13762,219,1,306.72,306.72,272.0,7,1,0,0.0,United Kingdom,141.46,0.004545454545454545,306.72,3,⚠️ At Risk Customers
13763,63,1,1714.96,1714.96,728.0,15,1,0,0.0,United Kingdom,861.1800000000001,0.015625,1714.96,1,🏆 High Value Customers
13764,71,3,1519.42,506.47333333333336,308.6666666666667,183,3,266,1.2912621359223302,United Kingdom,782.61,0.041666666666666664,5.690711610486892,0,🌱 Potential Customers
13767,2,37,17220.36,465.41513513513513,197.8918918918919,55,36,371,0.9673024523160763,United Kingdom,8979.98,12.0,46.29129032258065,2,💎 Premium Customers
13769,2,10,2796.51,279.651,116.3,73,10,365,2.701492537313433,United Kingdom,1498.055,3.3333333333333335,7.640737704918033,0,🌱 Potential Customers
13771,64,4,2634.45,658.6125,369.25,114,4,182,1.5423728813559323,United Kingdom,1350.8249999999998,0.06153846153846154,14.395901639344261,0,🌱 Potential Customers
13772,34,3,1122.63,374.21000000000004,180.0,141,3,205,1.191860465116279,United Kingdom,587.9150000000001,0.08571428571428572,5.449660194174758,0,🌱 Potential Customers
13774,82,1,345.0,345.0,192.0,22,1,0,0.0,United Kingdom,174.3,0.012048192771084338,345.0,3,⚠️ At Risk Customers
13777,1,33,25977.16,787.1866666666666,390.8181818181818,36,32,372,1.8418367346938775,United Kingdom,13318.48,16.0,69.64386058981233,2,💎 Premium Customers
13778,103,1,178.7,178.7,70.0,9,1,0,0.0,United Kingdom,89.05,0.009615384615384616,178.7,3,⚠️ At Risk Customers
13780,7,2,360.01,180.00500000000002,159.0,56,2,163,2.9107142857142856,United Kingdom,199.305,0.25,2.1951829268292684,0,🌱 Potential Customers
13781,251,1,127.84,127.84,30.0,17,1,0,0.0,United Kingdom,48.82,0.003968253968253968,127.84,3,⚠️ At Risk Customers
13782,13,6,908.86,151.47666666666666,61.5,96,6,315,2.7857142857142856,United Kingdom,513.1300000000001,0.42857142857142855,2.8761392405063293,0,🌱 Potential Customers
13784,10,11,2462.79,223.89,226.63636363636363,9,11,322,10.6,United Kingdom,1340.395,1.0,7.624736842105263,0,🌱 Potential Customers
13786,367,1,230.39999999999998,230.39999999999998,136.0,7,1,0,0.0,United Kingdom,88.49999999999999,0.002717391304347826,230.39999999999998,3,⚠️ At Risk Customers
13787,76,2,309.04,154.52,168.5,24,2,288,9.6,United Kingdom,166.92000000000002,0.025974025974025976,1.0693425605536333,0,🌱 Potential Customers
13790,4,1,348.8,348.8,748.0,45,1,0,0.0,United Kingdom,184.0,0.2,348.8,3,⚠️ At Risk Customers
13791,128,2,1516.0,758.0,600.0,7,2,40,4.0,United Kingdom,765.2,0.015503875968992248,36.97560975609756,3,⚠️ At Risk Customers
13792,66,2,195.55,97.775,46.0,13,2,221,18.416666666666668,United Kingdom,111.17500000000001,0.029850746268656716,0.8808558558558559,0,🌱 Potential Customers
13798,1,57,37153.85,651.8219298245614,420.140350877193,113,57,370,0.9913793103448276,United Kingdom,19146.825,28.5,100.14514824797843,2,💎 Premium Customers
13799,117,2,688.86,344.42999999999995,201.0,32,2,177,4.657894736842105,United Kingdom,352.73,0.01694915254237288,3.87,0,🌱 Potential Customers
13800,310,1,558.32,558.32,331.0,33,1,0,0.0,United Kingdom,258.16,0.003215434083601286,558.32,3,⚠️ At Risk Customers
13801,67,1,324.8,324.8,168.0,23,1,0,0.0,United Kingdom,165.70000000000002,0.014705882352941176,324.8,3,⚠️ At Risk Customers
13802,139,3,4599.42,1533.14,857.3333333333334,55,3,172,2.9152542372881354,United Kingdom,2315.81,0.02142857142857143,26.586242774566475,1,🏆 High Value Customers
13803,255,1,277.07,277.07,121.0,17,1,0,0.0,United Kingdom,123.035,0.00390625,277.07,3,⚠️ At Risk Customers
13804,31,7,2588.39,369.77,208.85714285714286,124,7,259,1.9253731343283582,United Kingdom,1361.095,0.21875,9.955346153846154,0,🌱 Potential Customers
13805,52,2,924.6,462.3,950.0,10,2,76,6.333333333333333,United Kingdom,477.1,0.03773584905660377,12.007792207792209,0,🌱 Potential Customers
13806,64,1,256.38,256.38,56.0,10,1,0,0.0,United Kingdom,131.79,0.015384615384615385,256.38,3,⚠️ At Risk Customers
13807,367,1,112.6,112.6,36.0,7,1,0,0.0,United Kingdom,29.599999999999994,0.002717391304347826,112.6,3,⚠️ At Risk Customers
13808,6,5,1747.66,349.53200000000004,156.4,70,5,91,1.1866666666666668,United Kingdom,923.23,0.7142857142857143,18.996304347826086,0,🌱 Potential Customers
13809,305,1,155.05,155.05,29.0,11,1,0,0.0,Cyprus,57.025000000000006,0.0032679738562091504,155.05,3,⚠️ At Risk Customers
13810,29,3,1499.01,499.67,104.0,32,3,27,0.7941176470588235,Germany,776.605,0.1,53.536071428571425,3,⚠️ At Risk Customers
13811,184,3,814.5,271.5,22.666666666666668,7,3,55,4.5,Germany,418.85,0.016216216216216217,14.544642857142858,3,⚠️ At Risk Customers
13812,42,3,539.0,179.66666666666666,111.0,33,3,63,1.7714285714285714,Germany,295.3,0.06976744186046512,8.421875,3,⚠️ At Risk Customers
13813,40,4,1366.8600000000001,341.71500000000003,138.0,54,4,95,1.3823529411764706,Germany,719.4300000000001,0.0975609756097561,14.238125000000002,0,🌱 Potential Customers
13814,92,2,1579.12,789.56,432.0,37,2,44,0.7857142857142857,Germany,800.3599999999999,0.021505376344086023,35.09155555555555,3,⚠️ At Risk Customers
13815,22,4,4027.36,1006.84,640.0,132,4,296,1.6914285714285715,Germany,2051.4800000000005,0.17391304347826086,13.56013468013468,0,🌱 Potential Customers
13816,24,2,571.6700000000001,285.83500000000004,134.5,25,2,40,1.4814814814814814,Germany,303.43500000000006,0.08,13.943170731707319,3,⚠️ At Risk Customers
13817,29,2,382.98,191.49,105.5,20,2,322,14.0,Germany,208.59,0.06666666666666667,1.1856965944272446,0,🌱 Potential Customers
13819,302,3,1140.35,380.1166666666666,369.6666666666667,26,3,18,0.4857142857142857,United Kingdom,569.9749999999999,0.009900990099009901,60.018421052631574,3,⚠️ At Risk Customers
13821,145,2,385.64,192.82,76.5,51,2,116,2.0,United Kingdom,198.32,0.0136986301369863,3.296068376068376,3,⚠️ At Risk Customers
13822,6,2,632.0,316.0,305.5,90,2,34,0.35789473684210527,United Kingdom,335.4,0.2857142857142857,18.057142857142857,3,⚠️ At Risk Customers
13823,19,2,957.66,478.83,219.5,39,2,72,1.8461538461538463,United Kingdom,496.93,0.1,13.118630136986301,3,⚠️ At Risk Customers
13824,33,5,1698.94,339.788,153.6,34,5,277,6.133333333333334,United Kingdom,896.1700000000001,0.14705882352941177,6.111294964028777,0,🌱 Potential Customers
13826,176,1,189.5,189.5,82.0,10,1,0,0.0,United Kingdom,87.15,0.005649717514124294,189.5,3,⚠️ At Risk Customers
13827,58,3,409.8,136.6,46.0,83,3,85,0.9340659340659341,United Kingdom,229.1,0.05084745762711865,4.765116279069767,3,⚠️ At Risk Customers
13828,22,1,209.49,209.49,311.0,15,1,0,0.0,United Kingdom,112.545,0.043478260869565216,209.49,3,⚠️ At Risk Customers
13831,16,6,2198.45,366.4083333333333,123.83333333333333,58,6,353,4.929577464788732,United Kingdom,1157.625,0.35294117647058826,6.210310734463277,0,🌱 Potential Customers
13832,19,1,52.199999999999996,52.199999999999996,28.0,3,1,0,0.0,United Kingdom,34.199999999999996,0.05,52.199999999999996,3,⚠️ At Risk Customers
13833,159,1,383.85,383.85,117.0,28,1,0,0.0,United Kingdom,186.025,0.00625,383.85,3,⚠️ At Risk Customers
13835,25,4,834.57,208.64249999999998,110.5,48,4,190,3.4814814814814814,United Kingdom,454.785,0.15384615384615385,4.369476439790576,0,🌱 Potential Customers
13837,212,2,266.59000000000003,133.29500000000002,91.0,17,2,105,6.176470588235294,United Kingdom,132.09500000000003,0.009389671361502348,2.515,3,⚠️ At Risk Customers
13838,6,4,674.82,168.70499999999998,63.5,144,4,364,2.2195121951219514,United Kingdom,376.81,0.5714285714285714,1.8488219178082193,0,🌱 Potential Customers
13841,253,1,85.0,85.0,100.0,1,1,0,0.0,United Kingdom,27.2,0.003937007874015748,85.0,3,⚠️ At Risk Customers
13842,59,9,3385.62,376.18,196.44444444444446,155,9,308,1.4780487804878049,United Kingdom,1776.9099999999999,0.15,10.956699029126213,0,🌱 Potential Customers
13844,11,1,361.62,361.62,196.0,20,1,0,0.0,United Kingdom,189.71,0.08333333333333333,361.62,3,⚠️ At Risk Customers
13845,65,1,312.98,312.98,182.0,9,1,0,0.0,United Kingdom,159.99,0.015151515151515152,312.98,3,⚠️ At Risk Customers
13846,25,3,865.0600000000001,288.3533333333333,129.33333333333334,55,3,335,6.185185185185185,United Kingdom,460.03000000000003,0.11538461538461539,2.5745833333333334,0,🌱 Potential Customers
13848,92,3,1255.0,418.3333333333333,1233.3333333333333,3,3,273,68.25,United Kingdom,648.3,0.03225806451612903,4.58029197080292,0,🌱 Potential Customers
13849,52,2,1537.95,768.9749999999999,508.0,97,2,119,1.19,United Kingdom,783.775,0.03773584905660377,12.81625,0,🌱 Potential Customers
13850,129,1,1595.48,1595.48,944.0,93,1,0,0.0,United Kingdom,794.84,0.007692307692307693,1595.48,1,🏆 High Value Customers
13851,96,3,2651.46,883.82,568.3333333333334,77,3,192,2.3875,United Kingdom,1346.13,0.030927835051546393,13.738134715025907,0,🌱 Potential Customers
13853,57,1,1090.14,1090.14,312.0,23,1,0,0.0,United Kingdom,549.37,0.017241379310344827,1090.14,1,🏆 High Value Customers
13854,9,25,8109.5199999999995,324.3808,91.84,39,25,356,3.1743119266055047,United Kingdom,4303.860000000001,2.5,22.715742296918766,2,💎 Premium Customers
13856,169,3,388.5,129.5,164.66666666666666,10,3,34,2.6153846153846154,United Kingdom,207.35,0.01764705882352941,11.1,3,⚠️ At Risk Customers
13858,57,1,216.17,216.17,75.0,11,1,0,0.0,United Kingdom,112.38499999999999,0.017241379310344827,216.17,3,⚠️ At Risk Customers
13859,326,1,201.16,201.16,129.0,27,1,0,0.0,United Kingdom,77.97999999999999,0.0030581039755351682,201.16,3,⚠️ At Risk Customers
13860,1,5,1245.9,249.18,118.2,58,4,85,1.1066666666666667,United Kingdom,672.85,2.0,14.487209302325583,0,🌱 Potential Customers
13862,18,8,2209.36,276.17,211.0,97,8,314,2.246376811594203,United Kingdom,1182.88,0.42105263157894735,7.01384126984127,0,🌱 Potential Customers
13863,248,1,305.78,305.78,224.0,20,1,0,0.0,United Kingdom,138.08999999999997,0.004016064257028112,305.78,3,⚠️ At Risk Customers
13865,58,4,501.56,125.39,51.0,26,4,231,7.931034482758621,United Kingdom,284.97999999999996,0.06779661016949153,2.161896551724138,0,🌱 Potential Customers
13866,74,1,145.67000000000002,145.67000000000002,57.0,7,1,0,0.0,United Kingdom,75.435,0.013333333333333334,145.67000000000002,3,⚠️ At Risk Customers
13867,31,3,1005.09,335.03000000000003,167.0,51,3,186,3.152542372881356,United Kingdom,529.445,0.09375,5.374812834224599,0,🌱 Potential Customers
13868,7,2,3192.54,1596.27,982.0,32,2,31,0.96875,United Kingdom,1615.57,0.25,99.766875,1,🏆 High Value Customers
13869,123,4,3083.65,770.9125,427.25,234,4,233,0.768976897689769,United Kingdom,1569.525,0.03225806451612903,13.177991452991453,0,🌱 Potential Customers
13870,2,8,2770.94,346.3675,165.625,91,8,285,2.482456140350877,United Kingdom,1465.27,2.6666666666666665,9.6886013986014,0,🌱 Potential Customers
13871,23,13,6403.25,492.5576923076923,215.84615384615384,155,12,286,0.8388059701492537,United Kingdom,3329.325,0.5,22.3109756097561,0,🌱 Potential Customers
13873,120,3,389.6,129.86666666666667,46.666666666666664,21,3,190,8.590909090909092,United Kingdom,212.8,0.024793388429752067,2.0397905759162307,0,🌱 Potential Customers
13874,358,1,540.45,540.45,180.0,18,1,0,0.0,United Kingdom,244.425,0.002785515320334262,540.45,3,⚠️ At Risk Customers
13875,54,5,1786.79,357.358,263.2,79,5,247,2.3883495145631066,United Kingdom,937.995,0.09090909090909091,7.2047983870967744,0,🌱 Potential Customers
13876,64,1,122.7,122.7,36.0,7,1,0,0.0,United Kingdom,64.94999999999999,0.015384615384615385,122.7,3,⚠️ At Risk Customers
13877,86,1,117.24,117.24,108.0,3,1,0,0.0,United Kingdom,60.02,0.011494252873563218,117.24,3,⚠️ At Risk Customers
13878,55,1,1271.57,1271.57,463.0,35,1,0,0.0,United Kingdom,640.285,0.017857142857142856,1271.57,1,🏆 High Value Customers
13880,21,13,3219.77,247.67461538461538,141.69230769230768,125,13,345,2.0853658536585367,United Kingdom,1737.785,0.5909090909090909,9.305693641618497,0,🌱 Potential Customers
13881,4,20,17159.52,857.976,505.9,72,20,308,1.694915254237288,United Kingdom,8779.36,4.0,55.53242718446602,2,💎 Premium Customers
13882,3,5,1191.13,238.22600000000003,190.6,54,5,61,0.921875,United Kingdom,645.2650000000001,1.25,19.21177419354839,0,🌱 Potential Customers
13883,11,5,2674.48,534.896,287.2,108,5,242,1.7092198581560283,United Kingdom,1386.14,0.4166666666666667,11.006090534979425,0,🌱 Potential Customers
13884,7,5,787.6,157.52,60.0,45,5,276,4.741379310344827,United Kingdom,443.1,0.625,2.843321299638989,0,🌱 Potential Customers
13885,189,2,506.8,253.39999999999998,91.0,28,2,11,0.4074074074074074,United Kingdom,254.49999999999997,0.010526315789473684,42.233333333333334,3,⚠️ At Risk Customers
13886,71,1,243.56,243.56,126.0,16,1,0,0.0,United Kingdom,124.68,0.013888888888888888,243.56,3,⚠️ At Risk Customers
13887,204,1,349.55,349.55,147.0,19,1,0,0.0,United Kingdom,164.375,0.004878048780487805,349.55,3,⚠️ At Risk Customers
13888,120,2,595.67,297.83500000000004,127.0,38,2,98,2.5789473684210527,United Kingdom,305.835,0.01652892561983471,6.016868686868686,3,⚠️ At Risk Customers
13889,93,1,416.90000000000003,416.90000000000003,146.0,15,1,0,0.0,United Kingdom,209.15,0.010638297872340425,416.90000000000003,3,⚠️ At Risk Customers
13890,1,10,1883.8100000000002,188.381,83.1,74,10,357,3.2477064220183487,United Kingdom,1041.8050000000003,5.0,5.262039106145252,0,🌱 Potential Customers
13892,27,4,632.97,158.24249999999998,245.75,26,4,219,8.423076923076923,United Kingdom,353.785,0.14285714285714285,2.877136363636364,0,🌱 Potential Customers
13893,298,1,821.1,821.1,190.0,21,1,0,0.0,United Kingdom,390.75,0.0033444816053511705,821.1,3,⚠️ At Risk Customers
13894,24,3,564.62,188.20666666666668,118.0,25,3,286,11.0,United Kingdom,309.91,0.12,1.9673170731707317,0,🌱 Potential Customers
13895,28,4,2593.07,648.2675,341.25,97,4,136,1.1538461538461537,United Kingdom,1333.7350000000001,0.13793103448275862,18.927518248175183,0,🌱 Potential Customers
13897,50,1,311.16,311.16,200.0,17,1,0,0.0,United Kingdom,160.58,0.0196078431372549,311.16,3,⚠️ At Risk Customers
13898,326,1,155.93,155.93,133.0,12,1,0,0.0,United Kingdom,55.365,0.0030581039755351682,155.93,3,⚠️ At Risk Customers
13899,16,2,388.52,194.26,78.0,19,2,258,14.333333333333334,United Kingdom,212.66,0.11764705882352941,1.50007722007722,0,🌱 Potential Customers
13900,183,3,740.95,246.98333333333335,143.33333333333334,42,3,79,1.880952380952381,United Kingdom,382.175,0.016304347826086956,9.261875,3,⚠️ At Risk Customers
13901,72,5,2867.2,573.44,347.8,144,5,246,1.6554054054054055,United Kingdom,1476.3999999999999,0.0684931506849315,11.608097165991902,0,🌱 Potential Customers
13904,37,2,332.64,166.32,166.0,24,2,257,10.28,United Kingdom,182.62,0.05263157894736842,1.2893023255813953,0,🌱 Potential Customers
13908,80,4,2369.55,592.3875,369.5,104,4,196,1.6198347107438016,United Kingdom,1216.775,0.04938271604938271,12.028172588832488,0,🌱 Potential Customers
13911,57,9,2580.91,286.7677777777778,303.44444444444446,120,9,251,1.6802721088435375,United Kingdom,1374.7549999999999,0.15517241379310345,10.241706349206348,0,🌱 Potential Customers
13914,12,2,626.45,313.225,190.0,28,2,24,0.75,United Kingdom,332.02500000000003,0.15384615384615385,25.058000000000003,3,⚠️ At Risk Customers
13917,50,2,272.04,136.01999999999998,114.0,16,2,141,8.294117647058824,United Kingdom,151.02,0.0392156862745098,1.915774647887324,0,🌱 Potential Customers
13918,50,2,1212.8400000000001,606.42,570.0,30,2,203,7.0,United Kingdom,621.4200000000001,0.0392156862745098,5.94529411764706,0,🌱 Potential Customers
13919,59,2,384.81,192.405,237.0,24,2,62,2.2962962962962963,Denmark,206.505,0.03333333333333333,6.108095238095238,3,⚠️ At Risk Customers
13922,352,1,172.25,172.25,93.0,7,1,0,0.0,United Kingdom,60.925,0.0028328611898017,172.25,3,⚠️ At Risk Customers
13923,54,1,351.13,351.13,185.0,20,1,0,0.0,United Kingdom,180.165,0.01818181818181818,351.13,3,⚠️ At Risk Customers
13924,2,6,1838.8500000000001,306.47499999999997,262.5,90,6,70,0.5775862068965517,United Kingdom,979.225,2.0,25.89929577464789,0,🌱 Potential Customers
13925,93,4,678.25,169.5625,82.75,28,3,42,1.05,United Kingdom,369.825,0.031914893617021274,15.773255813953488,3,⚠️ At Risk Customers
13926,23,1,223.85000000000002,223.85000000000002,104.0,11,1,0,0.0,United Kingdom,119.62500000000001,0.041666666666666664,223.85000000000002,3,⚠️ At Risk Customers
13927,75,1,348.99,348.99,214.0,21,1,0,0.0,United Kingdom,176.995,0.013157894736842105,348.99,3,⚠️ At Risk Customers
13928,11,4,464.57,116.14250000000001,32.25,23,4,122,4.653846153846154,United Kingdom,271.18499999999995,0.3333333333333333,3.776991869918699,0,🌱 Potential Customers
13929,169,2,842.65,421.325,71.5,8,2,157,19.625,United Kingdom,424.425,0.011764705882352941,5.333227848101266,0,🌱 Potential Customers
13930,58,2,337.34,168.67,137.0,15,2,78,4.875,United Kingdom,182.86999999999998,0.03389830508474576,4.270126582278481,3,⚠️ At Risk Customers
13931,96,2,1237.53,618.7650000000001,362.5,56,2,185,3.245614035087719,United Kingdom,629.165,0.020618556701030927,6.6533870967741935,0,🌱 Potential Customers
13932,295,1,307.4,307.4,72.0,16,1,0,0.0,United Kingdom,134.2,0.0033783783783783786,307.4,3,⚠️ At Risk Customers
13933,109,2,608.7900000000001,304.395,102.5,23,2,39,1.7727272727272727,United Kingdom,313.49500000000006,0.01818181818181818,15.219750000000001,3,⚠️ At Risk Customers
13934,264,1,922.1,922.1,390.0,31,1,0,0.0,United Kingdom,444.65000000000003,0.0037735849056603774,922.1,1,🏆 High Value Customers
13936,180,1,376.58,376.58,330.0,26,1,0,0.0,United Kingdom,180.29,0.0055248618784530384,376.58,3,⚠️ At Risk Customers
13937,169,1,158.85,158.85,123.0,9,1,0,0.0,United Kingdom,72.52499999999999,0.0058823529411764705,158.85,3,⚠️ At Risk Customers
13938,35,1,71.66,71.66,70.0,7,1,0,0.0,United Kingdom,42.33,0.027777777777777776,71.66,3,⚠️ At Risk Customers
13939,23,3,568.55,189.51666666666665,282.3333333333333,43,3,288,6.545454545454546,United Kingdom,311.97499999999997,0.125,1.9673010380622835,0,🌱 Potential Customers
13940,17,4,839.14,209.785,129.0,39,4,126,2.6041666666666665,United Kingdom,457.87,0.2222222222222222,6.607401574803149,0,🌱 Potential Customers
13941,22,5,5112.96,1022.592,472.8,24,5,350,7.931818181818182,United Kingdom,2604.28,0.21739130434782608,14.566837606837607,0,🌱 Potential Customers
13946,79,3,561.5699999999999,187.19000000000003,147.66666666666666,11,3,188,18.8,United Kingdom,302.885,0.0375,2.971269841269841,0,🌱 Potential Customers
13947,65,1,90.6,90.6,44.0,5,1,0,0.0,United Kingdom,48.8,0.015151515151515152,90.6,3,⚠️ At Risk Customers
13948,361,1,102.0,102.0,40.0,3,1,0,0.0,United Kingdom,24.9,0.0027624309392265192,102.0,3,⚠️ At Risk Customers
13949,3,6,2427.32,404.55333333333334,412.3333333333333,124,6,91,0.559748427672956,United Kingdom,1273.3600000000001,1.5,26.383913043478262,0,🌱 Potential Customers
13950,11,4,745.06,186.265,80.75,33,4,235,6.882352941176471,United Kingdom,411.42999999999995,0.3333333333333333,3.1570338983050843,0,🌱 Potential Customers
13951,176,3,674.45,224.8166666666667,153.0,38,3,118,3.0789473684210527,United Kingdom,349.625,0.01694915254237288,5.66764705882353,3,⚠️ At Risk Customers
13952,218,2,3251.071,1625.5355,715.5,120,2,20,0.14705882352941177,United Kingdom,1623.7355,0.0091324200913242,154.81290476190475,1,🏆 High Value Customers
13953,7,7,3515.68,502.23999999999995,389.14285714285717,8,7,345,18.05263157894737,United Kingdom,1827.1399999999999,0.875,10.160924855491329,0,🌱 Potential Customers
13954,2,2,439.92,219.95999999999998,75.0,24,2,69,2.875,United Kingdom,239.76000000000002,0.6666666666666666,6.284571428571429,3,⚠️ At Risk Customers
13955,154,2,322.96,161.48,77.0,33,2,151,4.71875,United Kingdom,166.07999999999998,0.012903225806451613,2.124736842105263,3,⚠️ At Risk Customers
13956,5,5,1019.27,203.85399999999998,97.2,123,5,266,1.8082191780821917,United Kingdom,559.135,0.8333333333333334,3.81749063670412,0,🌱 Potential Customers
13959,79,3,594.04,198.01333333333332,118.33333333333333,79,3,283,3.168539325842697,United Kingdom,319.12,0.0375,2.09169014084507,0,🌱 Potential Customers
13960,21,2,230.22,115.11,71.0,11,2,50,4.545454545454546,United Kingdom,133.01000000000002,0.09090909090909091,4.514117647058823,3,⚠️ At Risk Customers
13962,22,2,169.55,84.775,43.5,11,2,223,22.3,United Kingdom,102.575,0.08695652173913043,0.7569196428571429,0,🌱 Potential Customers
13963,308,4,664.54,166.135,115.0,35,4,59,1.7058823529411764,United Kingdom,341.46999999999997,0.012944983818770227,11.075666666666667,3,⚠️ At Risk Customers
13967,146,1,80.7,80.7,42.0,2,1,0,0.0,United Kingdom,35.75,0.006802721088435374,80.7,3,⚠️ At Risk Customers
13969,7,18,9024.17,501.34277777777777,251.55555555555554,334,18,357,0.5647249190938511,United Kingdom,4691.385,2.25,25.20717877094972,2,💎 Premium Customers
13971,19,8,2758.26,344.7825,230.5,118,8,266,1.7837837837837838,United Kingdom,1457.23,0.4,10.330561797752809,0,🌱 Potential Customers
13972,71,2,190.25,95.125,93.5,15,2,131,9.357142857142858,United Kingdom,108.025,0.027777777777777776,1.441287878787879,0,🌱 Potential Customers
13973,287,1,264.7,264.7,109.0,11,1,0,0.0,United Kingdom,113.64999999999999,0.003472222222222222,264.7,3,⚠️ At Risk Customers
13974,49,1,413.59000000000003,413.59000000000003,249.0,28,1,0,0.0,United Kingdom,211.895,0.02,413.59000000000003,3,⚠️ At Risk Customers
13975,31,6,2461.2400000000002,410.20666666666665,282.8333333333333,240,6,245,0.7378048780487805,United Kingdom,1287.5200000000002,0.1875,10.005040650406505,0,🌱 Potential Customers
13976,207,1,357.98,357.98,154.0,10,1,0,0.0,United Kingdom,168.29000000000002,0.004807692307692308,357.98,3,⚠️ At Risk Customers
13978,15,2,196.79000000000002,98.39500000000001,157.5,14,2,30,2.142857142857143,United Kingdom,116.89500000000001,0.125,6.348064516129033,3,⚠️ At Risk Customers
13979,73,1,869.87,869.87,639.0,54,1,0,0.0,United Kingdom,437.635,0.013513513513513514,869.87,1,🏆 High Value Customers
13980,60,1,200.14,200.14,172.0,11,1,0,0.0,United Kingdom,104.07,0.01639344262295082,200.14,3,⚠️ At Risk Customers
13982,39,4,1871.81,467.9525,284.0,72,4,326,2.9545454545454546,United Kingdom,972.005,0.1,5.724189602446483,0,🌱 Potential Customers
13983,30,12,2603.43,216.9525,98.58333333333333,91,12,337,3.1226415094339623,United Kingdom,1418.715,0.3870967741935484,7.702455621301775,0,🌱 Potential Customers
13984,27,5,920.51,184.102,135.8,14,5,339,22.466666666666665,United Kingdom,507.555,0.17857142857142858,2.7073823529411762,0,🌱 Potential Customers
13985,4,15,7060.13,470.67533333333336,229.66666666666666,108,15,260,0.7270114942528736,United Kingdom,3679.665,3.0,27.05030651340996,2,💎 Premium Customers
13986,17,1,320.46,320.46,430.0,12,1,0,0.0,United Kingdom,168.53,0.05555555555555555,320.46,3,⚠️ At Risk Customers
13988,20,6,4147.96,691.3266666666667,507.3333333333333,188,6,234,0.9914163090128756,United Kingdom,2131.98,0.2857142857142857,17.65089361702128,0,🌱 Potential Customers
13989,66,2,1266.08,633.04,656.5,33,2,173,4.325,United Kingdom,646.4399999999999,0.029850746268656716,7.27632183908046,0,🌱 Potential Customers
13990,213,1,311.3,311.3,190.0,16,1,0,0.0,United Kingdom,144.35,0.004672897196261682,311.3,3,⚠️ At Risk Customers
13991,12,6,852.88,142.14666666666668,165.83333333333334,58,6,131,1.5925925925925926,United Kingdom,485.24,0.46153846153846156,6.461212121212121,0,🌱 Potential Customers
13992,30,1,76.8,76.8,64.0,5,1,0,0.0,United Kingdom,45.4,0.03225806451612903,76.8,3,⚠️ At Risk Customers
13993,43,9,3466.36,385.1511111111111,100.0,66,9,287,2.3666666666666667,United Kingdom,1818.88,0.20454545454545456,12.035972222222222,0,🌱 Potential Customers
13994,4,6,2274.14,379.0233333333333,155.33333333333334,122,6,144,0.9591836734693877,United Kingdom,1196.6699999999998,1.2,15.683724137931033,0,🌱 Potential Customers
13995,15,5,1393.69,278.738,175.8,55,5,230,2.7058823529411766,United Kingdom,745.345,0.3125,6.033290043290044,0,🌱 Potential Customers
13999,10,12,3901.81,325.1508333333333,186.91666666666666,102,12,351,1.6763285024154588,United Kingdom,2069.9049999999997,1.0909090909090908,11.0846875,0,🌱 Potential Customers
14000,211,1,635.66,635.66,710.0,15,1,0,0.0,United Kingdom,306.72999999999996,0.0047169811320754715,635.66,1,🏆 High Value Customers
14001,46,3,2043.0800000000002,681.0266666666666,320.6666666666667,34,3,327,8.605263157894736,United Kingdom,1046.94,0.06382978723404255,6.228902439024391,0,🌱 Potential Customers
14002,134,2,529.73,264.865,438.5,47,2,22,0.4782608695652174,United Kingdom,271.46500000000003,0.014814814814814815,23.031739130434783,3,⚠️ At Risk Customers
14004,43,7,4582.64,654.6628571428572,381.14285714285717,102,7,245,1.4294117647058824,United Kingdom,2357.02,0.1590909090909091,18.628617886178862,0,🌱 Potential Customers
14005,10,5,2874.72,574.9440000000001,495.6,53,5,206,2.4698795180722892,United Kingdom,1486.36,0.45454545454545453,13.887536231884058,0,🌱 Potential Customers
14006,116,3,962.19,320.73,213.66666666666666,22,3,196,6.758620689655173,United Kingdom,499.495,0.02564102564102564,4.884213197969544,0,🌱 Potential Customers
14009,198,2,695.61,347.805,182.5,42,2,7,0.17073170731707318,United Kingdom,348.005,0.010050251256281407,86.95125,3,⚠️ At Risk Customers
14012,278,1,328.8,328.8,160.0,11,1,0,0.0,United Kingdom,146.6,0.0035842293906810036,328.8,3,⚠️ At Risk Customers
14013,110,3,473.02,157.67333333333332,154.0,30,3,165,5.0,United Kingdom,255.51,0.02702702702702703,2.8495180722891567,0,🌱 Potential Customers
14014,77,1,505.18,505.18,1076.0,39,1,0,0.0,United Kingdom,254.89000000000004,0.01282051282051282,505.18,1,🏆 High Value Customers
14015,53,1,917.34,917.34,378.0,20,1,0,0.0,United Kingdom,463.37,0.018518518518518517,917.34,1,🏆 High Value Customers
14016,162,4,4341.21,1085.3025,531.25,154,4,195,1.2125,EIRE,2194.405,0.024539877300613498,22.1490306122449,0,🌱 Potential Customers
14019,47,3,1421.61,473.86999999999995,345.6666666666667,37,3,91,1.3846153846153846,United Kingdom,736.1049999999999,0.0625,15.45228260869565,0,🌱 Potential Customers
14020,17,2,642.8,321.4,220.5,37,2,71,1.868421052631579,United Kingdom,339.7,0.1111111111111111,8.927777777777777,3,⚠️ At Risk Customers
14021,155,3,631.9,210.63333333333333,64.0,22,3,101,4.761904761904762,United Kingdom,330.45,0.019230769230769232,6.1950980392156865,3,⚠️ At Risk Customers
14022,225,1,440.0,440.0,487.0,28,1,0,0.0,United Kingdom,207.5,0.004424778761061947,440.0,3,⚠️ At Risk Customers
14023,7,2,584.07,292.03499999999997,172.5,30,2,242,8.066666666666666,United Kingdom,311.33500000000004,0.25,2.4035802469135805,0,🌱 Potential Customers
14024,122,2,327.7,163.85,75.0,16,2,2,0.13333333333333333,United Kingdom,171.65,0.016260162601626018,109.23333333333333,3,⚠️ At Risk Customers
14027,61,1,104.82,104.82,62.0,6,1,0,0.0,United Kingdom,56.309999999999995,0.016129032258064516,104.82,3,⚠️ At Risk Customers
14029,63,2,467.66,233.82999999999998,99.0,15,2,80,5.714285714285714,United Kingdom,247.53,0.03125,5.77358024691358,3,⚠️ At Risk Customers
14030,18,8,2358.84,294.855,184.75,210,8,348,1.4315352697095436,United Kingdom,1257.6200000000001,0.42105263157894735,6.7588538681948425,0,🌱 Potential Customers
14031,7,19,17286.86,909.8347368421053,304.63157894736844,119,19,365,1.4377510040160641,United Kingdom,8832.73,2.375,47.231857923497266,2,💎 Premium Customers
14032,2,11,2975.59,270.5081818181818,184.72727272727272,53,11,364,2.528169014084507,United Kingdom,1597.595,3.6666666666666665,8.152301369863014,0,🌱 Potential Customers
14034,22,3,648.89,216.29666666666665,140.0,82,3,135,1.588235294117647,United Kingdom,352.245,0.13043478260869565,4.77125,0,🌱 Potential Customers
14035,29,5,1428.02,285.604,147.8,41,5,268,4.107692307692307,United Kingdom,761.11,0.16666666666666666,5.308624535315985,0,🌱 Potential Customers
14036,285,1,626.65,626.65,268.0,38,1,0,0.0,United Kingdom,294.825,0.0034965034965034965,626.65,3,⚠️ At Risk Customers
14037,176,2,147.20000000000002,73.6,23.0,27,2,188,6.962962962962963,United Kingdom,76.0,0.011299435028248588,0.7788359788359789,3,⚠️ At Risk Customers
14038,78,3,1560.38,520.1266666666667,321.6666666666667,64,3,128,1.4065934065934067,United Kingdom,802.3900000000001,0.0379746835443038,12.095968992248062,0,🌱 Potential Customers
14039,33,1,152.2,152.2,92.0,6,1,0,0.0,United Kingdom,82.8,0.029411764705882353,152.2,3,⚠️ At Risk Customers
14040,41,12,3560.32,296.6933333333333,128.66666666666666,146,12,290,1.25,United Kingdom,1896.0600000000002,0.2857142857142857,12.234776632302406,0,🌱 Potential Customers
14041,266,1,141.41,141.41,94.0,21,1,0,0.0,United Kingdom,54.105,0.003745318352059925,141.41,3,⚠️ At Risk Customers
14044,27,4,646.42,161.605,76.0,165,4,283,1.3756097560975609,United Kingdom,360.51,0.14285714285714285,2.27612676056338,0,🌱 Potential Customers
14045,109,4,1659.75,414.9375,133.75,4,4,264,52.6,United Kingdom,858.975,0.03636363636363636,6.263207547169811,0,🌱 Potential Customers
14046,284,1,154.99,154.99,460.0,14,1,0,0.0,United Kingdom,59.095,0.0035087719298245615,154.99,3,⚠️ At Risk Customers
14047,9,5,1308.6100000000001,261.72200000000004,76.2,22,5,364,11.67741935483871,United Kingdom,703.4050000000001,0.5,3.585232876712329,0,🌱 Potential Customers
14048,305,1,409.93,409.93,288.0,83,1,0,0.0,United Kingdom,184.465,0.0032679738562091504,409.93,3,⚠️ At Risk Customers
14049,17,4,5578.72,1394.6799999999998,952.0,348,4,301,0.6289308176100629,United Kingdom,2827.6600000000003,0.2222222222222222,18.472582781456953,1,🏆 High Value Customers
14050,32,2,746.36,373.18,344.5,49,2,74,1.3962264150943395,United Kingdom,389.98,0.06060606060606061,9.951466666666667,3,⚠️ At Risk Customers
14051,1,23,15610.390000000001,678.7126086956522,163.30434782608697,52,23,365,1.6985645933014355,United Kingdom,8035.095,11.5,42.65133879781421,2,💎 Premium Customers
14052,20,1,225.36,225.36,89.0,56,1,0,0.0,United Kingdom,120.68,0.047619047619047616,225.36,3,⚠️ At Risk Customers
14053,124,2,260.25,130.125,107.5,2,2,35,11.666666666666666,United Kingdom,137.725,0.016,7.229166666666667,3,⚠️ At Risk Customers
14054,65,1,92.46,92.46,62.0,6,1,0,0.0,United Kingdom,49.73,0.015151515151515152,92.46,3,⚠️ At Risk Customers
14055,106,1,725.6400000000001,725.6400000000001,216.0,10,1,0,0.0,United Kingdom,362.22,0.009345794392523364,725.6400000000001,3,⚠️ At Risk Customers
14056,1,23,8152.71,354.46565217391304,184.8695652173913,320,23,282,0.24931002759889603,United Kingdom,4306.254999999999,11.5,28.808162544169612,2,💎 Premium Customers
14057,24,17,6211.66,365.39176470588234,286.6470588235294,179,17,336,1.1631205673758864,United Kingdom,3273.43,0.68,18.432225519287833,2,💎 Premium Customers
14059,267,1,183.6,183.6,128.0,8,1,0,0.0,United Kingdom,75.1,0.0037313432835820895,183.6,3,⚠️ At Risk Customers
14060,5,19,6140.42,323.18,283.4736842105263,86,19,368,1.7860696517412935,United Kingdom,3259.71,3.1666666666666665,16.64070460704607,2,💎 Premium Customers
14062,10,12,10464.85,872.0708333333333,466.0833333333333,60,12,354,3.1818181818181817,United Kingdom,5351.425,1.0909090909090908,29.478450704225352,2,💎 Premium Customers
14064,29,5,1334.34,266.868,354.4,59,5,245,3.1973684210526314,United Kingdom,714.27,0.16666666666666666,5.424146341463414,0,🌱 Potential Customers
14066,267,1,152.55,152.55,45.0,7,1,0,0.0,United Kingdom,59.575,0.0037313432835820895,152.55,3,⚠️ At Risk Customers
14067,64,2,374.7,187.35,180.5,51,2,32,0.6274509803921569,United Kingdom,200.95,0.03076923076923077,11.354545454545454,3,⚠️ At Risk Customers
14068,320,1,265.85,265.85,73.0,22,1,0,0.0,United Kingdom,110.92500000000001,0.003115264797507788,265.85,3,⚠️ At Risk Customers
14071,4,8,1437.57,179.69625,124.25,271,8,261,0.8043478260869565,United Kingdom,798.385,1.6,5.486908396946565,0,🌱 Potential Customers
14073,32,1,151.04,151.04,130.0,13,1,0,0.0,United Kingdom,82.32,0.030303030303030304,151.04,3,⚠️ At Risk Customers
14075,5,3,942.26,314.08666666666664,251.33333333333334,33,3,256,6.071428571428571,United Kingdom,500.63,0.5,3.666381322957198,0,🌱 Potential Customers
14076,129,1,118.67,118.67,79.0,43,1,0,0.0,United Kingdom,56.43500000000001,0.007692307692307693,118.67,3,⚠️ At Risk Customers
14077,41,5,499.41999999999996,99.88399999999999,53.6,33,5,233,5.634146341463414,United Kingdom,295.60999999999996,0.11904761904761904,2.134273504273504,0,🌱 Potential Customers
14078,102,6,1049.37,174.89499999999998,51.666666666666664,46,6,271,4.203125,United Kingdom,574.4849999999999,0.05825242718446602,3.85797794117647,0,🌱 Potential Customers
14079,125,1,375.1,375.1,301.0,12,1,0,0.0,United Kingdom,185.05,0.007936507936507936,375.1,3,⚠️ At Risk Customers
14080,33,1,45.599999999999994,45.599999999999994,48.0,4,1,0,0.0,United Kingdom,29.499999999999996,0.029411764705882353,45.599999999999994,3,⚠️ At Risk Customers
14081,302,2,921.62,460.81,296.0,126,2,67,0.44966442953020136,United Kingdom,450.61,0.006600660066006601,13.553235294117647,3,⚠️ At Risk Customers
14082,365,1,182.25,182.25,110.0,28,1,0,0.0,United Kingdom,64.625,0.00273224043715847,182.25,3,⚠️ At Risk Customers
14083,4,9,1002.9,111.43333333333334,78.33333333333333,162,9,367,2.0681818181818183,United Kingdom,591.0500000000001,1.8,2.725271739130435,0,🌱 Potential Customers
14085,2,18,4421.29,245.62722222222223,176.5,272,18,366,0.8008948545861297,United Kingdom,2390.445,6.0,12.047111716621254,2,💎 Premium Customers
14087,3,1,191.47,191.47,250.0,61,1,0,0.0,United Kingdom,105.435,0.25,191.47,3,⚠️ At Risk Customers
14088,10,13,50491.81,3883.9853846153846,974.2307692307693,379,13,312,0.5204081632653061,United Kingdom,25374.905,1.1818181818181819,161.31568690095847,2,💎 Premium Customers
14089,57,1,158.75,158.75,133.0,13,1,0,0.0,United Kingdom,83.675,0.017241379310344827,158.75,3,⚠️ At Risk Customers
14090,325,1,76.32000000000001,76.32000000000001,72.0,1,1,0,0.0,United Kingdom,15.660000000000004,0.003067484662576687,76.32000000000001,3,⚠️ At Risk Customers
14092,8,14,4076.91,291.2078571428571,147.57142857142858,117,14,350,1.619718309859155,United Kingdom,2177.6549999999997,1.5555555555555556,11.615128205128205,0,🌱 Potential Customers
14093,12,1,433.86,433.86,391.0,95,1,0,0.0,United Kingdom,225.73000000000002,0.07692307692307693,433.86,3,⚠️ At Risk Customers
14096,4,17,65164.79,3833.2229411764706,961.8823529411765,1119,17,97,0.01761252446183953,United Kingdom,32751.995,3.4,664.9468367346939,2,💎 Premium Customers
14098,37,1,147.35,147.35,104.0,21,1,0,0.0,United Kingdom,79.975,0.02631578947368421,147.35,3,⚠️ At Risk Customers
14099,16,11,3104.17,282.1972727272727,198.0909090909091,167,11,338,1.3413654618473896,United Kingdom,1660.4850000000001,0.6470588235294118,9.15684365781711,0,🌱 Potential Customers
14100,138,1,191.95000000000002,191.95000000000002,63.0,24,1,0,0.0,United Kingdom,92.17500000000001,0.007194244604316547,191.95000000000002,3,⚠️ At Risk Customers
14101,74,6,5976.79,996.1316666666667,1157.0,15,6,252,7.352941176470588,United Kingdom,3040.995,0.08,23.623675889328062,1,🏆 High Value Customers
14102,5,5,1105.8799999999999,221.17600000000002,153.8,35,5,39,0.6491228070175439,United Kingdom,602.4399999999999,0.8333333333333334,27.647,0,🌱 Potential Customers
14104,155,2,216.20999999999998,108.10499999999999,36.0,21,2,11,0.55,United Kingdom,112.60499999999999,0.01282051282051282,18.0175,3,⚠️ At Risk Customers
14105,239,1,1266.23,1266.23,800.0,74,1,0,0.0,United Kingdom,619.215,0.004166666666666667,1266.23,1,🏆 High Value Customers
14107,52,7,2703.23,386.17571428571426,256.14285714285717,61,7,312,2.540983606557377,United Kingdom,1416.415,0.1320754716981132,8.636517571884983,0,🌱 Potential Customers
14108,31,2,597.91,298.955,190.5,33,2,70,2.121212121212121,United Kingdom,315.85499999999996,0.0625,8.421267605633803,3,⚠️ At Risk Customers
14109,73,1,144.2,144.2,88.0,9,1,0,0.0,United Kingdom,74.8,0.013513513513513514,144.2,3,⚠️ At Risk Customers
14110,4,12,5683.15,473.59583333333336,203.75,94,12,263,1.6818181818181819,United Kingdom,2961.1749999999997,2.4,21.527083333333334,0,🌱 Potential Customers
14111,14,4,692.85,173.2125,114.5,10,4,227,25.11111111111111,United Kingdom,385.02500000000003,0.26666666666666666,3.0388157894736842,0,🌱 Potential Customers
14112,23,7,2915.15,416.45,235.85714285714286,117,7,253,1.578616352201258,United Kingdom,1525.275,0.2916666666666667,11.476968503937009,0,🌱 Potential Customers
14113,4,4,1840.42,460.105,186.25,26,4,351,10.606060606060606,United Kingdom,959.8100000000001,0.8,5.228465909090909,0,🌱 Potential Customers
14114,274,2,386.53,193.265,50.5,15,2,56,4.0,United Kingdom,185.86499999999998,0.007272727272727273,6.781228070175438,3,⚠️ At Risk Customers
14116,20,5,1382.74,276.548,141.4,61,5,101,1.408450704225352,United Kingdom,739.37,0.23809523809523808,13.556274509803922,0,🌱 Potential Customers
14117,144,1,90.0,90.0,72.0,3,1,0,0.0,United Kingdom,40.6,0.006896551724137931,90.0,3,⚠️ At Risk Customers
14121,4,4,2780.15,695.0375,520.5,148,4,56,0.34177215189873417,United Kingdom,1429.675,0.8,48.77456140350878,0,🌱 Potential Customers
14124,84,1,419.58000000000004,419.58000000000004,1618.0,4,1,0,0.0,United Kingdom,211.39000000000001,0.011764705882352941,419.58000000000004,1,🏆 High Value Customers
14125,11,3,2720.63,906.8766666666667,542.6666666666666,159,3,67,0.40606060606060607,United Kingdom,1389.2150000000001,0.25,40.00926470588235,0,🌱 Potential Customers
14126,8,3,706.1300000000001,235.3766666666667,169.33333333333334,14,3,2,0.14285714285714285,United Kingdom,382.26500000000004,0.3333333333333333,235.3766666666667,3,⚠️ At Risk Customers
14127,123,3,709.71,236.57000000000002,107.0,39,3,187,4.325581395348837,United Kingdom,372.555,0.024193548387096774,3.775053191489362,0,🌱 Potential Customers
14128,61,2,637.5,318.75,282.0,40,2,195,4.333333333333333,United Kingdom,332.65,0.03225806451612903,3.252551020408163,0,🌱 Potential Customers
14129,2,5,1123.8600000000001,224.77200000000002,118.4,31,4,259,5.0588235294117645,United Kingdom,611.73,1.3333333333333333,4.322538461538462,0,🌱 Potential Customers
14130,319,1,480.91,480.91,257.0,66,1,0,0.0,United Kingdom,218.555,0.003125,480.91,3,⚠️ At Risk Customers
14132,2,11,3586.0299999999997,326.00272727272727,306.1818181818182,100,11,181,0.8894472361809045,United Kingdom,1902.8149999999998,3.6666666666666665,19.703461538461536,0,🌱 Potential Customers
14133,130,3,605.64,201.88,116.0,25,3,186,6.888888888888889,United Kingdom,319.82,0.022900763358778626,3.238716577540107,0,🌱 Potential Customers
14135,2,15,4690.31,312.68733333333336,256.6666666666667,95,15,371,2.7518796992481205,United Kingdom,2494.9550000000004,5.0,12.608360215053764,2,💎 Premium Customers
14138,2,2,965.8800000000001,482.94000000000005,300.0,40,2,62,1.3777777777777778,United Kingdom,502.74000000000007,0.6666666666666666,15.331428571428573,3,⚠️ At Risk Customers
14139,46,1,415.82,415.82,510.0,26,1,0,0.0,United Kingdom,213.31,0.02127659574468085,415.82,3,⚠️ At Risk Customers
14140,4,2,935.05,467.525,405.5,60,2,27,0.4153846153846154,United Kingdom,487.125,0.4,33.394642857142856,3,⚠️ At Risk Customers
14141,3,4,915.13,228.78250000000003,88.75,27,4,102,2.58974358974359,United Kingdom,497.265,1.0,8.884757281553398,0,🌱 Potential Customers
14142,373,1,311.81,311.81,313.0,22,1,0,0.0,United Kingdom,128.605,0.00267379679144385,311.81,3,⚠️ At Risk Customers
14143,134,1,115.8,115.8,30.0,7,1,0,0.0,United Kingdom,54.50000000000001,0.007407407407407408,115.8,3,⚠️ At Risk Customers
14145,47,4,3742.2,935.55,189.0,6,4,170,16.9,United Kingdom,1906.3999999999999,0.08333333333333333,21.884210526315787,0,🌱 Potential Customers
14146,9,5,4191.0,838.2,487.4,183,5,348,1.6602870813397128,United Kingdom,2144.6,0.5,12.008595988538682,0,🌱 Potential Customers
14147,78,2,483.4,241.70000000000002,54.0,4,2,207,51.75,United Kingdom,253.89999999999998,0.02531645569620253,2.3240384615384615,0,🌱 Potential Customers
14148,234,1,157.2,157.2,16.0,3,1,0,0.0,United Kingdom,65.19999999999999,0.00425531914893617,157.2,3,⚠️ At Risk Customers
14149,221,1,446.62,446.62,218.0,28,1,0,0.0,United Kingdom,211.21,0.0045045045045045045,446.62,3,⚠️ At Risk Customers
14150,36,2,658.64,329.32000000000005,248.0,23,2,324,12.96,United Kingdom,345.71999999999997,0.05405405405405406,2.0265846153846154,0,🌱 Potential Customers
14152,75,2,621.29,310.645,355.5,47,2,158,3.2916666666666665,United Kingdom,323.145,0.02631578947368421,3.9074842767295594,0,🌱 Potential Customers
14154,239,2,1345.62,672.81,232.5,52,2,0,0.0,United Kingdom,668.91,0.008333333333333333,1345.62,1,🏆 High Value Customers
14155,266,1,118.75,118.75,25.0,6,1,0,0.0,United Kingdom,42.775,0.003745318352059925,118.75,3,⚠️ At Risk Customers
14156,10,55,117210.08,2131.0923636363636,1050.3272727272727,714,54,361,0.24461979913916787,EIRE,59154.04,4.909090909090909,323.7847513812155,2,💎 Premium Customers
14157,20,2,424.89000000000004,212.445,135.5,45,2,265,5.888888888888889,United Kingdom,230.44500000000002,0.09523809523809523,1.5973308270676694,0,🌱 Potential Customers
14158,40,1,507.66,507.66,781.0,41,1,0,0.0,United Kingdom,259.83000000000004,0.024390243902439025,507.66,1,🏆 High Value Customers
14159,20,11,4630.35,420.94090909090914,395.27272727272725,501,11,343,0.2887563884156729,United Kingdom,2423.175,0.5238095238095238,13.460319767441861,0,🌱 Potential Customers
14161,216,3,1097.6200000000001,365.8733333333333,150.0,87,3,153,1.4757281553398058,United Kingdom,557.21,0.013824884792626729,7.1274025974025985,3,⚠️ At Risk Customers
14162,174,2,289.36,144.68,71.0,25,2,118,4.916666666666667,United Kingdom,147.28,0.011428571428571429,2.431596638655462,3,⚠️ At Risk Customers
14163,87,4,2445.91,611.4775,223.25,36,4,151,2.9411764705882355,United Kingdom,1254.2549999999999,0.045454545454545456,16.091513157894735,0,🌱 Potential Customers
14164,71,2,1631.77,815.885,516.5,28,2,10,0.35714285714285715,United Kingdom,828.785,0.027777777777777776,148.34272727272727,3,⚠️ At Risk Customers
14165,276,1,120.44,120.44,53.0,23,1,0,0.0,United Kingdom,42.62,0.0036101083032490976,120.44,3,⚠️ At Risk Customers
14167,39,4,562.59,140.6475,36.75,27,4,291,5.918367346938775,United Kingdom,317.39500000000004,0.1,1.9266780821917808,0,🌱 Potential Customers
14171,98,1,363.79,363.79,167.0,57,1,0,0.0,United Kingdom,182.095,0.010101010101010102,363.79,3,⚠️ At Risk Customers
14173,11,4,450.84,112.71000000000001,37.5,28,4,208,7.392857142857143,United Kingdom,264.31999999999994,0.3333333333333333,2.157129186602871,0,🌱 Potential Customers
14174,33,1,134.46,134.46,94.0,26,1,0,0.0,United Kingdom,73.93,0.029411764705882353,134.46,3,⚠️ At Risk Customers
14175,60,3,3222.3,1074.1000000000001,505.0,139,3,269,1.8175675675675675,United Kingdom,1635.15,0.04918032786885246,11.934444444444445,0,🌱 Potential Customers
14176,297,4,576.9000000000001,144.22500000000002,52.25,28,4,70,2.3,United Kingdom,298.75000000000006,0.013422818791946308,8.125352112676058,3,⚠️ At Risk Customers
14177,86,4,549.46,137.365,51.0,37,4,93,2.325,United Kingdom,306.13,0.04597701149425287,5.845319148936171,3,⚠️ At Risk Customers
14178,9,7,1600.26,228.60857142857142,213.42857142857142,191,7,173,0.5394321766561514,United Kingdom,869.23,0.7,9.196896551724137,0,🌱 Potential Customers
14179,41,2,701.57,350.785,159.5,135,2,11,0.07051282051282051,United Kingdom,366.685,0.047619047619047616,58.46416666666667,3,⚠️ At Risk Customers
14180,11,25,4748.52,189.94080000000002,28.76,112,25,361,1.4686192468619246,United Kingdom,2623.1600000000003,2.0833333333333335,13.117458563535912,2,💎 Premium Customers
14184,67,1,452.89,452.89,127.0,24,1,0,0.0,United Kingdom,229.745,0.014705882352941176,452.89,3,⚠️ At Risk Customers
14185,331,1,197.65,197.65,6.0,3,1,0,0.0,United Kingdom,75.725,0.0030120481927710845,197.65,3,⚠️ At Risk Customers
14188,31,6,2054.36,342.3933333333334,193.66666666666666,34,6,279,4.328125,United Kingdom,1084.0800000000002,0.1875,7.337000000000001,0,🌱 Potential Customers
14189,2,15,4654.08,310.272,262.46666666666664,176,15,366,1.356060606060606,United Kingdom,2476.84,5.0,12.681416893732969,2,💎 Premium Customers
14191,2,13,4684.76,360.36615384615385,281.6923076923077,145,13,218,0.8294573643410853,United Kingdom,2472.1800000000003,4.333333333333333,21.391598173515984,2,💎 Premium Customers
14193,68,2,853.39,426.695,222.5,35,2,201,4.902439024390244,United Kingdom,439.895,0.028985507246376812,4.22470297029703,0,🌱 Potential Customers
14194,5,21,11349.52,540.4533333333334,278.0952380952381,269,20,303,0.5155709342560554,United Kingdom,5884.26,3.3333333333333335,37.33394736842106,2,💎 Premium Customers
14195,202,2,1012.0,506.0,380.0,7,2,50,8.333333333333334,United Kingdom,505.8,0.009852216748768473,19.84313725490196,3,⚠️ At Risk Customers
14196,107,1,335.52,335.52,142.0,6,1,0,0.0,United Kingdom,167.06,0.009259259259259259,335.52,3,⚠️ At Risk Customers
14198,18,4,701.4,175.35000000000002,72.5,35,4,221,5.7894736842105265,United Kingdom,388.9,0.21052631578947367,3.1594594594594594,0,🌱 Potential Customers
14199,218,1,185.39999999999998,185.39999999999998,28.0,2,1,0,0.0,United Kingdom,80.89999999999999,0.0045662100456621,185.39999999999998,3,⚠️ At Risk Customers
14201,60,7,747.44,106.77714285714286,84.28571428571429,32,7,299,8.25,United Kingdom,437.72,0.11475409836065574,2.4914666666666667,0,🌱 Potential Customers
14204,2,1,150.61,150.61,72.0,36,1,0,0.0,United Kingdom,85.105,0.3333333333333333,150.61,3,⚠️ At Risk Customers
14205,17,2,466.7,233.35000000000002,102.0,23,2,247,10.73913043478261,United Kingdom,251.65,0.1111111111111111,1.8818548387096774,0,🌱 Potential Customers
14206,239,1,328.15999999999997,328.15999999999997,276.0,20,1,0,0.0,United Kingdom,150.17999999999998,0.004166666666666667,328.15999999999997,3,⚠️ At Risk Customers
14208,95,1,151.74,151.74,114.0,10,1,0,0.0,United Kingdom,76.37,0.010416666666666666,151.74,3,⚠️ At Risk Customers
14209,11,6,2073.43,345.5716666666667,115.16666666666667,55,6,321,3.7093023255813953,United Kingdom,1095.615,0.5,6.439223602484471,0,🌱 Potential Customers
14210,106,6,1905.8400000000001,317.64000000000004,126.66666666666667,66,6,265,2.603960396039604,United Kingdom,1002.32,0.056074766355140186,7.164812030075188,0,🌱 Potential Customers
14211,53,9,2241.1,249.0111111111111,138.0,87,9,241,2.144144144144144,United Kingdom,1205.25,0.16666666666666666,9.260743801652891,0,🌱 Potential Customers
14212,90,1,1070.48,1070.48,1152.0,9,1,0,0.0,United Kingdom,536.24,0.01098901098901099,1070.48,1,🏆 High Value Customers
14214,31,5,1004.38,200.876,150.2,64,5,246,3.712121212121212,United Kingdom,549.09,0.15625,4.066315789473684,0,🌱 Potential Customers
14215,12,6,1789.72,298.2866666666667,226.33333333333334,98,6,356,3.317757009345794,United Kingdom,953.66,0.46153846153846156,5.013221288515406,0,🌱 Potential Customers
14216,3,4,1839.3,459.825,148.5,47,4,34,0.5689655172413793,United Kingdom,959.35,1.0,52.55142857142857,0,🌱 Potential Customers
14217,2,17,2004.98,117.94,40.529411764705884,78,17,364,3.595959595959596,United Kingdom,1172.29,5.666666666666667,5.493095890410959,2,💎 Premium Customers
14218,43,1,169.48000000000002,169.48000000000002,160.0,12,1,0,0.0,United Kingdom,90.44000000000001,0.022727272727272728,169.48000000000002,3,⚠️ At Risk Customers
14219,4,1,89.94,89.94,78.0,7,1,0,0.0,United Kingdom,54.57,0.2,89.94,3,⚠️ At Risk Customers
14220,247,2,632.4,316.20000000000005,136.0,21,2,110,5.5,United Kingdom,311.5,0.008064516129032258,5.697297297297297,3,⚠️ At Risk Customers
14221,42,9,3432.8,381.4222222222222,243.44444444444446,123,9,296,1.53125,United Kingdom,1802.2,0.20930232558139536,11.55824915824916,0,🌱 Potential Customers
14222,177,1,683.17,683.17,607.0,41,1,0,0.0,United Kingdom,333.885,0.0056179775280898875,683.17,1,🏆 High Value Customers
14223,92,3,991.13,330.37666666666667,195.0,50,3,171,2.8983050847457625,United Kingdom,516.365,0.03225806451612903,5.762383720930233,0,🌱 Potential Customers
14224,110,4,1009.73,252.4325,120.75,105,4,209,1.8571428571428572,United Kingdom,533.865,0.036036036036036036,4.808238095238095,0,🌱 Potential Customers
14226,29,5,2214.79,442.95799999999997,259.2,64,5,240,3.6615384615384614,United Kingdom,1154.495,0.16666666666666666,9.19,0,🌱 Potential Customers
14227,26,10,3350.96,335.096,182.0,117,8,258,1.471264367816092,United Kingdom,1772.88,0.2962962962962963,12.938069498069499,0,🌱 Potential Customers
14229,52,3,1547.2,515.7333333333332,203.33333333333334,29,4,281,7.205128205128205,United Kingdom,798.4,0.07547169811320754,5.486524822695036,0,🌱 Potential Customers
14231,184,3,925.71,308.57,136.33333333333334,47,3,104,2.122448979591837,United Kingdom,474.45500000000004,0.016216216216216217,8.816285714285714,3,⚠️ At Risk Customers
14232,43,5,2048.07,409.61400000000003,388.2,81,5,221,1.9210526315789473,United Kingdom,1069.7350000000001,0.11363636363636363,9.22554054054054,0,🌱 Potential Customers
14233,49,4,1462.72,365.68,170.0,30,4,268,7.852941176470588,United Kingdom,766.46,0.08,5.437620817843866,0,🌱 Potential Customers
14234,22,4,754.12,188.53,237.75,122,4,35,0.23972602739726026,United Kingdom,414.86,0.17391304347826086,20.947777777777777,0,🌱 Potential Customers
14235,75,5,3144.86,628.972,391.8,65,5,185,2.3461538461538463,United Kingdom,1614.93,0.06578947368421052,16.907849462365593,0,🌱 Potential Customers
14236,81,2,490.86,245.43,155.0,15,2,291,20.785714285714285,United Kingdom,257.33,0.024390243902439025,1.681027397260274,0,🌱 Potential Customers
14237,373,1,161.0,161.0,38.0,9,1,0,0.0,United Kingdom,53.199999999999996,0.00267379679144385,161.0,3,⚠️ At Risk Customers
14238,326,1,146.85,146.85,111.0,8,1,0,0.0,United Kingdom,50.824999999999996,0.0030581039755351682,146.85,3,⚠️ At Risk Customers
14239,43,11,2380.85,216.4409090909091,90.27272727272727,83,11,272,2.4144144144144146,United Kingdom,1296.125,0.25,8.721062271062271,0,🌱 Potential Customers
14240,30,2,890.34,445.17,209.0,37,2,195,4.7560975609756095,United Kingdom,462.17,0.06451612903225806,4.542551020408164,0,🌱 Potential Customers
14241,184,1,213.70000000000002,213.70000000000002,146.0,10,1,0,0.0,United Kingdom,98.45,0.005405405405405406,213.70000000000002,3,⚠️ At Risk Customers
14242,235,2,280.55,140.27499999999998,61.5,13,2,91,6.066666666666666,United Kingdom,136.775,0.00847457627118644,3.0494565217391307,3,⚠️ At Risk Customers
14243,9,10,2588.77,258.877,122.1,99,10,357,2.5142857142857142,United Kingdom,1393.485,1.0,7.231201117318435,0,🌱 Potential Customers
14245,220,2,1693.45,846.725,488.0,107,2,43,0.40186915887850466,United Kingdom,844.725,0.00904977375565611,38.487500000000004,3,⚠️ At Risk Customers
14246,111,3,1474.06,491.3533333333333,268.0,57,3,135,1.8243243243243243,United Kingdom,755.93,0.026785714285714284,10.838676470588235,0,🌱 Potential Customers
14247,278,1,136.76999999999998,136.76999999999998,47.0,19,1,0,0.0,United Kingdom,50.584999999999994,0.0035842293906810036,136.76999999999998,3,⚠️ At Risk Customers
14248,318,1,302.58,302.58,102.0,8,1,0,0.0,United Kingdom,129.48999999999998,0.003134796238244514,302.58,3,⚠️ At Risk Customers
14250,7,3,1904.05,634.6833333333333,400.0,94,3,82,0.7454545454545455,United Kingdom,981.3249999999999,0.375,22.940361445783132,0,🌱 Potential Customers
14251,2,5,2879.7000000000003,575.9399999999999,334.8,37,5,55,0.7012987012987013,United Kingdom,1489.65,1.6666666666666667,51.42321428571429,0,🌱 Potential Customers
14256,260,2,969.0600000000001,484.53,207.0,51,2,104,2.0,United Kingdom,478.53000000000003,0.007662835249042145,9.229142857142858,3,⚠️ At Risk Customers
14257,64,5,3099.7200000000003,619.9440000000001,336.4,88,5,254,2.4095238095238094,United Kingdom,1593.46,0.07692307692307693,12.155764705882355,0,🌱 Potential Customers
14258,9,9,12669.98,1407.7755555555555,788.8888888888889,58,9,328,2.9454545454545453,United Kingdom,6424.09,0.9,38.51057750759878,2,💎 Premium Customers
14259,142,1,120.0,120.0,68.0,5,1,0,0.0,United Kingdom,55.8,0.006993006993006993,120.0,3,⚠️ At Risk Customers
14261,51,2,1163.45,581.725,203.0,52,2,27,0.5294117647058824,United Kingdom,596.625,0.038461538461538464,41.551785714285714,3,⚠️ At Risk Customers
14262,8,8,2618.23,327.27875,205.625,87,8,232,1.6126760563380282,United Kingdom,1388.315,0.8888888888888888,11.237038626609442,0,🌱 Potential Customers
14264,155,2,333.97,166.985,35.0,15,2,90,5.625,United Kingdom,171.485,0.01282051282051282,3.6700000000000004,3,⚠️ At Risk Customers
14265,109,2,530.18,265.09000000000003,165.0,31,2,39,1.3,Unspecified,274.19,0.01818181818181818,13.254499999999998,3,⚠️ At Risk Customers
14267,163,3,1516.24,505.41333333333336,176.66666666666666,25,3,97,1.7962962962962963,United Kingdom,771.82,0.018292682926829267,15.471836734693877,3,⚠️ At Risk Customers
14270,332,1,492.65000000000003,492.65000000000003,197.0,29,1,0,0.0,United Kingdom,223.12500000000006,0.003003003003003003,492.65000000000003,3,⚠️ At Risk Customers
14271,226,1,112.32,112.32,88.0,10,1,0,0.0,United Kingdom,43.559999999999995,0.004405286343612335,112.32,3,⚠️ At Risk Customers
14272,74,2,437.96,218.98000000000002,299.5,33,2,180,5.625,United Kingdom,231.57999999999998,0.02666666666666667,2.419668508287293,0,🌱 Potential Customers
14273,51,4,559.97,139.9925,66.0,22,4,190,6.75,United Kingdom,314.885,0.07692307692307693,2.931780104712042,0,🌱 Potential Customers
14276,99,3,1119.74,373.24666666666667,248.0,52,3,191,3.015873015873016,United Kingdom,579.97,0.03,5.831979166666667,0,🌱 Potential Customers
14277,15,3,4188.0,1396.0,658.6666666666666,195,3,197,0.8868778280542986,France,2122.5,0.1875,21.151515151515152,1,🏆 High Value Customers
14280,197,1,134.04,134.04,52.0,8,1,0,0.0,United Kingdom,57.31999999999999,0.005050505050505051,134.04,3,⚠️ At Risk Customers
14282,3,15,3701.44,246.76266666666666,177.06666666666666,70,15,364,2.3398692810457518,United Kingdom,2000.42,3.75,10.140931506849315,2,💎 Premium Customers
14284,31,2,595.25,297.625,80.5,24,2,55,1.7741935483870968,United Kingdom,314.525,0.0625,10.629464285714286,3,⚠️ At Risk Customers
14285,21,4,1910.01,477.50250000000005,135.25,18,4,155,5.923076923076923,United Kingdom,992.905,0.18181818181818182,12.243653846153846,0,🌱 Potential Customers
14286,24,3,4628.75,1542.9166666666667,1446.0,220,3,219,0.7849462365591398,United Kingdom,2341.975,0.12,21.039772727272727,1,🏆 High Value Customers
14287,8,3,176.63,58.876666666666665,87.0,9,3,190,23.75,United Kingdom,117.515,0.3333333333333333,0.9247643979057592,0,🌱 Potential Customers
14288,213,1,426.6,426.6,188.0,16,1,0,0.0,United Kingdom,202.0,0.004672897196261682,426.6,3,⚠️ At Risk Customers
14289,9,6,911.26,151.87666666666667,48.666666666666664,33,6,280,6.043478260869565,United Kingdom,514.73,0.6,3.2429181494661923,0,🌱 Potential Customers
14290,11,5,2314.65,462.93,183.0,89,5,350,3.48,United Kingdom,1206.2250000000001,0.4166666666666667,6.594444444444445,0,🌱 Potential Customers
14291,2,11,3883.25,353.02272727272725,249.9090909090909,145,10,273,1.152542372881356,United Kingdom,2051.425,3.3333333333333335,14.172445255474452,0,🌱 Potential Customers
14292,8,9,4871.93,541.3255555555556,184.77777777777777,64,9,275,2.757575757575758,United Kingdom,2525.165,1.0,17.651920289855074,0,🌱 Potential Customers
14293,3,4,1046.56,261.64,177.25,51,4,365,6.05,United Kingdom,562.98,1.0,2.8594535519125683,0,🌱 Potential Customers
14295,40,1,166.20000000000002,166.20000000000002,84.0,5,1,0,0.0,United Kingdom,89.10000000000001,0.024390243902439025,166.20000000000002,3,⚠️ At Risk Customers
14297,18,4,1305.33,326.3325,216.25,48,4,257,4.19672131147541,United Kingdom,690.865,0.21052631578947367,5.059418604651163,0,🌱 Potential Customers
14298,8,44,51527.3,1171.075,1325.9772727272727,884,44,352,0.20904645476772615,United Kingdom,26202.850000000002,4.888888888888889,145.96968838526914,2,💎 Premium Customers
14299,8,9,3965.62,440.6244444444444,238.77777777777777,94,9,357,2.492957746478873,United Kingdom,2072.0099999999998,1.0,11.077150837988826,0,🌱 Potential Customers
14300,19,1,43.2,43.2,32.0,3,1,0,0.0,United Kingdom,29.700000000000003,0.05,43.2,3,⚠️ At Risk Customers
14301,117,1,640.14,640.14,606.0,13,1,0,0.0,United Kingdom,318.37,0.00847457627118644,640.14,1,🏆 High Value Customers
14304,223,1,383.45,383.45,139.0,17,1,0,0.0,United Kingdom,179.42499999999998,0.004464285714285714,383.45,3,⚠️ At Risk Customers
14305,71,3,1858.96,619.6533333333333,363.0,96,3,64,0.6057692307692307,United Kingdom,952.38,0.041666666666666664,28.599384615384615,0,🌱 Potential Customers
14306,51,2,2093.32,1046.66,537.5,33,2,34,1.0625,United Kingdom,1061.5600000000002,0.038461538461538464,59.80914285714286,3,⚠️ At Risk Customers
14307,89,6,2995.72,499.2866666666667,343.0,150,6,284,1.5754189944134078,United Kingdom,1548.9599999999998,0.06666666666666667,10.511298245614034,0,🌱 Potential Customers
14309,8,9,2352.53,261.39222222222224,181.44444444444446,74,9,350,2.9741379310344827,United Kingdom,1265.4650000000001,1.0,6.702364672364673,0,🌱 Potential Customers
14311,243,1,310.26,310.26,146.0,20,1,0,0.0,United Kingdom,140.82999999999998,0.004098360655737705,310.26,3,⚠️ At Risk Customers
14312,47,6,1611.59,268.59833333333336,168.66666666666666,74,6,290,3.3488372093023258,United Kingdom,861.0949999999999,0.125,5.538109965635739,0,🌱 Potential Customers
14314,107,1,120.0,120.0,296.0,8,1,0,0.0,United Kingdom,59.3,0.009259259259259259,120.0,3,⚠️ At Risk Customers
14315,45,6,2481.13,413.5216666666667,170.16666666666666,64,6,221,2.19,United Kingdom,1296.065,0.13043478260869565,11.176261261261262,0,🌱 Potential Customers
14317,65,1,508.58000000000004,508.58000000000004,255.0,24,1,0,0.0,United Kingdom,257.79,0.015151515151515152,508.58000000000004,3,⚠️ At Risk Customers
14320,207,2,477.79,238.89499999999998,162.5,29,2,126,4.2,United Kingdom,238.195,0.009615384615384616,3.7621259842519685,3,⚠️ At Risk Customers
14321,11,5,1530.75,306.15,481.2,111,5,322,2.6311475409836067,United Kingdom,814.275,0.4166666666666667,4.739164086687307,0,🌱 Potential Customers
14323,115,2,605.0600000000001,302.53,175.0,32,2,123,3.5142857142857142,United Kingdom,311.03000000000003,0.017241379310344827,4.879516129032258,3,⚠️ At Risk Customers
14326,242,1,183.85,183.85,103.0,8,1,0,0.0,United Kingdom,77.725,0.00411522633744856,183.85,3,⚠️ At Risk Customers
14327,163,1,311.65,311.65,139.0,12,1,0,0.0,United Kingdom,149.52499999999998,0.006097560975609756,311.65,3,⚠️ At Risk Customers
14329,17,7,4975.24,710.7485714285714,441.0,218,7,312,1.206225680933852,United Kingdom,2555.92,0.3888888888888889,15.895335463258785,0,🌱 Potential Customers
14331,124,2,462.65999999999997,231.33,126.0,27,2,10,0.37037037037037035,United Kingdom,238.92999999999998,0.016,42.059999999999995,3,⚠️ At Risk Customers
14332,23,3,840.21,280.07,154.33333333333334,22,3,125,5.166666666666667,United Kingdom,447.805,0.125,6.668333333333334,0,🌱 Potential Customers
14333,68,1,415.2,415.2,58.0,15,1,0,0.0,United Kingdom,210.79999999999998,0.014492753623188406,415.2,3,⚠️ At Risk Customers
14334,17,8,2552.21,319.02625,216.375,98,8,341,2.093167701863354,United Kingdom,1354.405,0.4444444444444444,7.462602339181287,0,🌱 Potential Customers
14335,16,2,454.86,227.43,187.5,55,2,80,1.3559322033898304,Germany,245.83,0.11764705882352941,5.615555555555556,3,⚠️ At Risk Customers
14336,17,4,1614.91,403.7275,439.75,77,4,259,2.8876404494382024,United Kingdom,845.755,0.2222222222222222,6.211192307692308,0,🌱 Potential Customers
14338,161,2,588.22,294.11,167.5,30,2,35,1.1666666666666667,United Kingdom,298.01,0.012345679012345678,16.339444444444446,3,⚠️ At Risk Customers
14339,243,1,309.52,309.52,168.0,14,1,0,0.0,United Kingdom,140.45999999999998,0.004098360655737705,309.52,3,⚠️ At Risk Customers
14340,219,1,134.7,134.7,58.0,6,1,0,0.0,United Kingdom,55.44999999999999,0.004545454545454545,134.7,3,⚠️ At Risk Customers
14341,45,8,2166.98,270.8725,174.625,109,7,273,2.141732283464567,United Kingdom,1158.99,0.15217391304347827,7.908686131386862,0,🌱 Potential Customers
14342,21,4,668.5600000000001,167.14,86.75,18,4,188,9.4,United Kingdom,372.18,0.18181818181818182,3.5373544973544977,0,🌱 Potential Customers
14344,127,8,889.9300000000001,111.24125000000001,59.625,56,8,241,3.4,United Kingdom,512.265,0.0625,3.677396694214876,0,🌱 Potential Customers
14345,39,1,108.97999999999999,108.97999999999999,50.0,6,1,0,0.0,United Kingdom,60.589999999999996,0.025,108.97999999999999,3,⚠️ At Risk Customers
14346,121,2,1021.58,510.78999999999996,302.5,55,2,176,2.983050847457627,United Kingdom,518.6899999999999,0.01639344262295082,5.771638418079096,0,🌱 Potential Customers
14348,260,1,409.57,409.57,183.0,18,1,0,0.0,United Kingdom,188.785,0.0038314176245210726,409.57,3,⚠️ At Risk Customers
14349,10,1,133.5,133.5,86.0,31,1,0,0.0,United Kingdom,75.75,0.09090909090909091,133.5,3,⚠️ At Risk Customers
14350,274,1,282.93,282.93,183.0,18,1,0,0.0,United Kingdom,124.065,0.0036363636363636364,282.93,3,⚠️ At Risk Customers
14351,165,1,51.0,51.0,12.0,1,1,0,0.0,United Kingdom,19.0,0.006024096385542169,51.0,3,⚠️ At Risk Customers
14352,157,4,1078.96,269.74,134.5,44,4,116,2.5,United Kingdom,563.78,0.02531645569620253,9.221880341880341,3,⚠️ At Risk Customers
14353,215,1,90.6,90.6,64.0,6,1,0,0.0,United Kingdom,33.8,0.004629629629629629,90.6,3,⚠️ At Risk Customers
14354,6,2,163.62,81.81,105.0,9,2,24,3.0,United Kingdom,101.21000000000001,0.2857142857142857,6.5448,3,⚠️ At Risk Customers
14355,366,1,174.4,174.4,92.0,11,1,0,0.0,United Kingdom,60.6,0.0027247956403269754,174.4,3,⚠️ At Risk Customers
14356,80,2,701.23,350.615,138.5,33,2,1,0.03125,United Kingdom,362.615,0.024691358024691357,350.615,3,⚠️ At Risk Customers
14357,43,1,225.12,225.12,147.0,39,1,0,0.0,United Kingdom,118.26,0.022727272727272728,225.12,3,⚠️ At Risk Customers
14359,19,3,912.18,304.06,123.66666666666667,44,3,68,1.2407407407407407,United Kingdom,484.19,0.15,13.219999999999999,3,⚠️ At Risk Customers
14360,32,4,2118.03,529.5074999999999,284.75,104,4,62,0.5344827586206896,United Kingdom,1095.815,0.12121212121212122,33.61952380952381,0,🌱 Potential Customers
14362,22,1,151.5,151.5,96.0,37,1,0,0.0,United Kingdom,83.55,0.043478260869565216,151.5,3,⚠️ At Risk Customers
14364,109,8,3717.35,464.66875,245.875,61,8,102,1.4558823529411764,United Kingdom,1927.7749999999999,0.07272727272727272,36.09077669902913,0,🌱 Potential Customers
14367,8,16,9227.82,576.73875,276.625,270,16,267,0.5038461538461538,United Kingdom,4773.11,1.7777777777777777,34.432164179104475,2,💎 Premium Customers
14368,320,1,155.0,155.0,36.0,8,1,0,0.0,United Kingdom,55.5,0.003115264797507788,155.0,3,⚠️ At Risk Customers
14371,295,1,100.5,100.5,34.0,4,1,0,0.0,United Kingdom,30.75,0.0033783783783783786,100.5,3,⚠️ At Risk Customers
14373,358,1,76.55,76.55,17.0,4,1,0,0.0,United Kingdom,12.474999999999994,0.002785515320334262,76.55,3,⚠️ At Risk Customers
14375,185,1,235.56,235.56,184.0,57,1,0,0.0,United Kingdom,109.28,0.005376344086021506,235.56,3,⚠️ At Risk Customers
14377,191,2,617.05,308.525,109.5,11,2,70,7.0,United Kingdom,309.42499999999995,0.010416666666666666,8.690845070422535,3,⚠️ At Risk Customers
14379,44,2,348.1,174.05,146.0,39,2,251,5.5777777777777775,United Kingdom,189.65,0.044444444444444446,1.3813492063492065,0,🌱 Potential Customers
14381,52,1,202.68,202.68,146.0,56,1,0,0.0,United Kingdom,106.14,0.018867924528301886,202.68,3,⚠️ At Risk Customers
14382,26,1,615.49,615.49,1231.0,121,1,0,0.0,United Kingdom,315.145,0.037037037037037035,615.49,1,🏆 High Value Customers
14383,38,3,1247.69,415.8966666666667,272.3333333333333,49,3,125,2.1551724137931036,United Kingdom,650.0450000000001,0.07692307692307693,9.902301587301588,0,🌱 Potential Customers
14385,9,3,202.11,67.36999999999999,53.0,13,3,14,1.0769230769230769,United Kingdom,130.155,0.3,13.474,3,⚠️ At Risk Customers
14386,297,1,142.4,142.4,54.0,7,1,0,0.0,United Kingdom,51.5,0.003355704697986577,142.4,3,⚠️ At Risk Customers
14387,33,3,1727.6,575.8666666666667,265.0,125,3,76,0.5434782608695652,United Kingdom,890.5,0.08823529411764706,22.436363636363634,0,🌱 Potential Customers
14388,10,8,3212.84,401.605,242.625,124,8,362,1.9405405405405405,United Kingdom,1685.42,0.7272727272727273,8.850798898071625,0,🌱 Potential Customers
14389,65,2,1043.46,521.73,364.5,33,2,125,2.840909090909091,United Kingdom,535.23,0.030303030303030304,8.281428571428572,0,🌱 Potential Customers
14390,10,9,4642.57,515.8411111111111,237.0,135,9,362,1.2685512367491165,United Kingdom,2410.285,0.8181818181818182,12.789449035812671,0,🌱 Potential Customers
14393,218,1,67.95,67.95,13.0,5,1,0,0.0,United Kingdom,22.175,0.0045662100456621,67.95,3,⚠️ At Risk Customers
14395,2,9,3479.91,386.65666666666664,187.66666666666666,181,9,369,1.0518731988472623,United Kingdom,1829.7549999999999,3.0,9.405162162162162,0,🌱 Potential Customers
14396,65,2,487.99,243.995,112.5,71,2,306,4.25,United Kingdom,257.495,0.030303030303030304,1.5895439739413681,0,🌱 Potential Customers
14397,3,19,2612.96,137.52421052631578,99.47368421052632,18,19,210,2.36046511627907,United Kingdom,1496.18,4.75,12.383696682464455,2,💎 Premium Customers
14400,149,1,574.7,574.7,454.0,25,1,0,0.0,United Kingdom,282.45000000000005,0.006666666666666667,574.7,3,⚠️ At Risk Customers
14401,4,13,4051.48,311.6523076923077,346.6923076923077,113,13,355,1.9226519337016574,United Kingdom,2155.3399999999997,2.6,11.38056179775281,0,🌱 Potential Customers
14403,130,4,1475.81,368.9525,129.75,17,4,116,6.052631578947368,United Kingdom,764.905,0.030534351145038167,12.613760683760683,0,🌱 Potential Customers
14404,34,6,1449.32,241.5533333333333,137.83333333333334,70,6,335,3.3636363636363638,United Kingdom,781.26,0.17142857142857143,4.313452380952381,0,🌱 Potential Customers
14406,119,1,156.75,156.75,77.0,8,1,0,0.0,United Kingdom,76.475,0.008333333333333333,156.75,3,⚠️ At Risk Customers
14407,107,6,2157.73,359.62166666666667,235.83333333333334,67,6,169,2.3333333333333335,United Kingdom,1128.165,0.05555555555555555,12.692529411764706,0,🌱 Potential Customers
14408,11,7,2599.03,371.29,230.0,60,7,253,2.3904761904761904,United Kingdom,1368.4150000000002,0.5833333333333334,10.23240157480315,0,🌱 Potential Customers
14409,71,6,2059.4500000000003,343.24166666666673,205.0,40,6,297,5.566037735849057,United Kingdom,1082.6250000000002,0.08333333333333333,6.910906040268458,0,🌱 Potential Customers
14410,92,9,1100.27,122.25222222222222,63.0,153,9,213,1.1170212765957446,United Kingdom,630.935,0.0967741935483871,5.141448598130841,0,🌱 Potential Customers
14411,311,1,1063.0,1063.0,196.0,14,1,0,0.0,United Kingdom,510.4,0.003205128205128205,1063.0,1,🏆 High Value Customers
14412,43,2,770.03,385.015,393.0,43,2,30,0.7142857142857143,United Kingdom,400.715,0.045454545454545456,24.83967741935484,3,⚠️ At Risk Customers
14413,362,1,121.05,121.05,67.0,22,1,0,0.0,United Kingdom,34.325,0.0027548209366391185,121.05,3,⚠️ At Risk Customers
14414,92,7,1496.98,213.8542857142857,358.85714285714283,79,7,267,2.75,United Kingdom,809.29,0.07526881720430108,5.585746268656717,0,🌱 Potential Customers
14415,1,13,5855.57,450.42846153846153,230.46153846153845,283,13,359,0.6124567474048442,United Kingdom,3057.685,6.5,16.265472222222222,2,💎 Premium Customers
14416,22,2,490.22,245.11,163.0,13,2,20,1.5384615384615385,United Kingdom,262.91,0.08695652173913043,23.343809523809526,3,⚠️ At Risk Customers
14418,4,3,1937.25,645.75,570.3333333333334,114,3,104,0.8373983739837398,United Kingdom,998.225,0.6,18.45,0,🌱 Potential Customers
14419,11,6,1051.79,175.29833333333332,80.5,112,6,354,1.7462686567164178,United Kingdom,584.795,0.5,2.9627887323943662,0,🌱 Potential Customers
14420,99,1,387.52,387.52,334.0,29,1,0,0.0,United Kingdom,193.85999999999999,0.01,387.52,3,⚠️ At Risk Customers
14421,57,2,813.11,406.555,182.5,25,2,154,5.923076923076923,United Kingdom,420.855,0.034482758620689655,5.2458709677419355,0,🌱 Potential Customers
14422,1,6,4263.64,710.6066666666667,484.3333333333333,189,6,266,1.1900452488687783,United Kingdom,2191.7200000000003,3.0,15.96868913857678,0,🌱 Potential Customers
14423,218,1,265.2,265.2,120.0,3,1,0,0.0,United Kingdom,120.8,0.0045662100456621,265.2,3,⚠️ At Risk Customers
14424,18,1,322.08,322.08,48.0,1,1,0,0.0,United Kingdom,169.23999999999998,0.05263157894736842,322.08,3,⚠️ At Risk Customers
14426,24,10,4481.67,448.16700000000003,269.9,183,10,289,1.2825112107623318,United Kingdom,2338.435,0.4,15.45403448275862,0,🌱 Potential Customers
14427,50,2,363.34000000000003,181.67000000000002,114.0,16,2,13,0.8125,United Kingdom,196.67000000000002,0.0392156862745098,25.952857142857145,3,⚠️ At Risk Customers
14428,7,5,1224.06,244.81199999999998,85.6,108,5,317,2.323529411764706,United Kingdom,661.3299999999999,0.625,3.8492452830188677,0,🌱 Potential Customers
14431,303,1,470.36,470.36,130.0,17,1,0,0.0,United Kingdom,214.88,0.003289473684210526,470.36,3,⚠️ At Risk Customers
14432,10,6,2248.5,374.75,335.5,256,6,79,0.2047872340425532,United Kingdom,1183.25,0.5454545454545454,28.10625,0,🌱 Potential Customers
14434,22,6,1372.8,228.79999999999998,61.333333333333336,3,6,50,4.363636363636363,United Kingdom,744.1999999999999,0.2608695652173913,26.91764705882353,0,🌱 Potential Customers
14436,99,1,89.06,89.06,129.0,9,1,0,0.0,United Kingdom,44.63,0.01,89.06,3,⚠️ At Risk Customers
14437,366,1,63.0,63.0,60.0,5,1,0,0.0,United Kingdom,4.899999999999999,0.0027247956403269754,63.0,3,⚠️ At Risk Customers
14438,306,1,131.9,131.9,82.0,9,1,0,0.0,United Kingdom,45.35,0.003257328990228013,131.9,3,⚠️ At Risk Customers
14439,320,1,2661.24,2661.24,526.0,32,1,0,0.0,Greece,1308.62,0.003115264797507788,2661.24,1,🏆 High Value Customers
14440,8,5,2357.6800000000003,471.53600000000006,117.6,33,5,357,6.574074074074074,United Kingdom,1228.0400000000002,0.5555555555555556,6.5856983240223474,0,🌱 Potential Customers
14441,1,4,1712.89,428.2225,111.5,43,4,254,5.06,United Kingdom,896.345,2.0,6.7172156862745105,0,🌱 Potential Customers
14442,205,2,1589.82,794.9100000000001,241.0,58,2,112,1.8064516129032258,Channel Islands,794.41,0.009708737864077669,14.069203539823008,3,⚠️ At Risk Customers
14443,54,4,1420.2,355.05,234.5,84,4,314,3.402173913043478,United Kingdom,744.7,0.07272727272727272,4.508571428571429,0,🌱 Potential Customers
14446,1,4,1010.35,252.5875,229.0,233,4,245,0.8840579710144928,United Kingdom,545.0749999999999,2.0,4.107113821138212,0,🌱 Potential Customers
14447,19,5,1163.23,232.64600000000002,114.2,54,5,261,3.7681159420289854,United Kingdom,629.715,0.25,4.439809160305344,0,🌱 Potential Customers
14448,9,2,375.35,187.675,52.0,20,2,354,18.63157894736842,United Kingdom,206.775,0.2,1.057323943661972,0,🌱 Potential Customers
14449,19,4,885.8,221.45000000000002,185.25,201,4,353,1.4136546184738956,United Kingdom,481.0,0.2,2.5022598870056494,0,🌱 Potential Customers
14450,181,3,483.25,161.08333333333334,80.33333333333333,32,3,139,3.5641025641025643,United Kingdom,253.525,0.016483516483516484,3.4517857142857142,3,⚠️ At Risk Customers
14451,60,2,643.9,321.95,189.0,86,2,134,1.2884615384615385,United Kingdom,335.95,0.03278688524590164,4.769629629629629,0,🌱 Potential Customers
14452,11,2,259.05,129.525,58.0,55,2,83,1.4067796610169492,United Kingdom,148.425,0.16666666666666666,3.0839285714285714,3,⚠️ At Risk Customers
14453,190,1,119.93,119.93,49.0,22,1,0,0.0,United Kingdom,50.965,0.005235602094240838,119.93,3,⚠️ At Risk Customers
14456,5,9,3017.28,335.25333333333333,320.55555555555554,580,9,137,0.1416490486257928,United Kingdom,1598.14,1.5,21.86434782608696,0,🌱 Potential Customers
14457,311,1,113.64,113.64,88.0,4,1,0,0.0,United Kingdom,35.71999999999999,0.003205128205128205,113.64,3,⚠️ At Risk Customers
14459,155,1,1837.92,1837.92,760.0,37,1,0,0.0,United Kingdom,913.46,0.00641025641025641,1837.92,1,🏆 High Value Customers
14460,110,3,434.34,144.78,293.6666666666667,14,3,200,13.333333333333334,United Kingdom,236.17,0.02702702702702703,2.1608955223880595,0,🌱 Potential Customers
14461,148,3,2103.06,701.02,255.33333333333334,173,3,113,0.6312849162011173,United Kingdom,1066.73,0.020134228187919462,18.447894736842105,0,🌱 Potential Customers
14462,66,11,1980.57,180.0518181818182,86.9090909090909,150,11,273,1.1594827586206897,United Kingdom,1093.685,0.16417910447761194,7.2283576642335765,0,🌱 Potential Customers
14463,98,3,529.62,176.54,59.666666666666664,6,3,107,21.2,United Kingdom,285.01,0.030303030303030304,4.903888888888889,0,🌱 Potential Customers
14465,247,3,1038.44,346.1466666666667,132.66666666666666,107,3,56,0.45901639344262296,United Kingdom,524.52,0.012096774193548387,18.218245614035087,3,⚠️ At Risk Customers
14466,29,7,2272.4,324.62857142857143,143.71428571428572,35,7,343,4.802816901408451,United Kingdom,1203.3,0.23333333333333334,6.605813953488372,0,🌱 Potential Customers
14467,18,4,596.26,149.065,69.0,67,4,295,3.340909090909091,United Kingdom,336.33,0.21052631578947367,2.0143918918918917,0,🌱 Potential Customers
14470,12,2,461.19,230.595,96.5,43,2,275,6.5476190476190474,United Kingdom,249.395,0.15384615384615385,1.6709782608695651,0,🌱 Potential Customers
14472,104,8,1852.67,231.58375,141.875,153,8,251,0.9356060606060606,United Kingdom,995.9350000000001,0.0761904761904762,7.35186507936508,0,🌱 Potential Customers
14473,74,2,234.34000000000003,117.17000000000002,44.0,7,2,208,34.666666666666664,United Kingdom,129.77,0.02666666666666667,1.121244019138756,0,🌱 Potential Customers
14474,46,1,547.66,547.66,140.0,29,1,0,0.0,United Kingdom,279.22999999999996,0.02127659574468085,547.66,3,⚠️ At Risk Customers
14475,72,3,925.85,308.6166666666667,149.0,35,3,233,5.658536585365853,United Kingdom,485.725,0.0410958904109589,3.956623931623932,0,🌱 Potential Customers
14476,257,1,193.0,193.0,110.0,17,1,0,0.0,United Kingdom,80.8,0.003875968992248062,193.0,3,⚠️ At Risk Customers
14477,20,4,1309.6,327.4,180.0,7,4,277,30.555555555555557,United Kingdom,692.8,0.19047619047619047,4.7107913669064745,0,🌱 Potential Customers
14479,254,2,316.25,158.125,58.5,18,2,111,6.529411764705882,United Kingdom,152.725,0.00784313725490196,2.8236607142857144,3,⚠️ At Risk Customers
14480,11,1,279.05,279.05,143.0,13,1,0,0.0,United Kingdom,148.425,0.08333333333333333,279.05,3,⚠️ At Risk Customers
14481,165,2,636.51,318.255,244.5,25,2,122,4.206896551724138,United Kingdom,321.755,0.012048192771084338,5.174878048780488,3,⚠️ At Risk Customers
14482,18,6,2022.81,337.135,271.1666666666667,110,6,220,1.6029411764705883,United Kingdom,1069.605,0.3157894736842105,9.152986425339366,0,🌱 Potential Customers
14483,282,1,137.1,137.1,97.0,9,1,0,0.0,United Kingdom,50.349999999999994,0.0035335689045936395,137.1,3,⚠️ At Risk Customers
14484,50,1,321.92,321.92,210.0,14,1,0,0.0,United Kingdom,165.96,0.0196078431372549,321.92,3,⚠️ At Risk Customers
14485,39,1,162.8,162.8,70.0,44,1,0,0.0,United Kingdom,87.5,0.025,162.8,3,⚠️ At Risk Customers
14487,27,6,1165.48,194.24666666666667,118.66666666666667,112,6,341,2.4388489208633093,United Kingdom,640.04,0.21428571428571427,3.4078362573099414,0,🌱 Potential Customers
14488,68,1,1064.28,1064.28,799.0,46,1,0,0.0,United Kingdom,535.34,0.014492753623188406,1064.28,1,🏆 High Value Customers
14489,207,1,463.38,463.38,299.0,30,1,0,0.0,United Kingdom,220.99,0.004807692307692308,463.38,3,⚠️ At Risk Customers
14491,175,2,340.93,170.465,69.5,17,2,197,12.3125,United Kingdom,172.965,0.011363636363636364,1.721868686868687,0,🌱 Potential Customers
14493,7,5,2383.2400000000002,476.64799999999997,257.0,95,5,147,1.226890756302521,United Kingdom,1240.92,0.625,16.102972972972974,0,🌱 Potential Customers
14494,26,1,139.56,139.56,92.0,7,1,0,0.0,United Kingdom,77.18,0.037037037037037035,139.56,3,⚠️ At Risk Customers
14495,51,2,123.8,61.9,31.0,6,2,70,14.0,United Kingdom,76.80000000000001,0.038461538461538464,1.7436619718309858,0,🌱 Potential Customers
14496,312,2,538.8100000000001,269.40500000000003,79.5,16,2,61,3.388888888888889,United Kingdom,258.20500000000004,0.006389776357827476,8.690483870967743,3,⚠️ At Risk Customers
14497,309,1,475.37,475.37,235.0,29,1,0,0.0,United Kingdom,216.785,0.0032258064516129032,475.37,3,⚠️ At Risk Customers
14498,43,5,1957.32,391.464,219.6,162,5,319,1.6510416666666667,United Kingdom,1024.36,0.11363636363636363,6.116625,0,🌱 Potential Customers
14499,26,3,808.44,269.48,165.33333333333334,146,3,252,1.3280423280423281,United Kingdom,431.62,0.1111111111111111,3.195415019762846,0,🌱 Potential Customers
14500,88,3,356.85,118.95,39.0,6,3,101,16.666666666666668,United Kingdom,199.625,0.033707865168539325,3.498529411764706,0,🌱 Potential Customers
14501,184,2,251.21,125.605,80.5,9,2,136,15.11111111111111,United Kingdom,127.20500000000001,0.010810810810810811,1.8336496350364964,3,⚠️ At Risk Customers
14502,20,11,2429.83,220.89363636363635,134.54545454545453,368,11,293,0.47611202635914335,United Kingdom,1322.915,0.5238095238095238,8.264727891156463,0,🌱 Potential Customers
14503,3,6,3543.26,590.5433333333334,334.0,113,6,175,1.0613496932515338,United Kingdom,1831.3300000000002,1.5,20.13215909090909,0,🌱 Potential Customers
14504,47,4,673.26,168.315,77.0,85,4,231,2.160377358490566,United Kingdom,371.93,0.08333333333333333,2.9019827586206897,0,🌱 Potential Customers
14505,17,8,5859.43,732.42875,342.375,540,8,344,0.4362244897959184,United Kingdom,3008.0150000000003,0.4444444444444444,16.98385507246377,0,🌱 Potential Customers
14506,17,5,1960.65,392.13,140.8,204,5,351,1.1870748299319729,United Kingdom,1028.625,0.2777777777777778,5.570028409090909,0,🌱 Potential Customers
14507,24,6,1367.88,227.98000000000002,99.0,79,6,252,2.6595744680851063,United Kingdom,741.5400000000001,0.24,5.406640316205534,0,🌱 Potential Customers
14508,22,2,268.05,134.025,64.5,52,2,67,1.2407407407407407,United Kingdom,151.82500000000002,0.08695652173913043,3.9419117647058823,3,⚠️ At Risk Customers
14511,11,5,1314.81,262.962,156.8,53,5,122,1.8059701492537314,United Kingdom,706.305,0.4166666666666667,10.689512195121951,0,🌱 Potential Customers
14512,188,2,275.28,137.64,61.0,19,2,44,2.0,United Kingdom,138.83999999999997,0.010582010582010581,6.117333333333333,3,⚠️ At Risk Customers
14513,101,3,455.59000000000003,151.86333333333334,120.33333333333333,11,3,188,17.0,United Kingdom,247.69500000000002,0.029411764705882353,2.4105291005291005,0,🌱 Potential Customers
14514,61,3,990.2,330.06666666666666,188.0,65,4,270,3.9558823529411766,United Kingdom,519.0,0.06451612903225806,3.6538745387453875,0,🌱 Potential Customers
14515,18,6,2076.89,346.1483333333333,185.0,68,6,200,2.0412371134020617,United Kingdom,1096.645,0.3157894736842105,10.33278606965174,0,🌱 Potential Customers
14517,33,2,330.45,165.225,45.5,17,2,108,6.352941176470588,United Kingdom,181.92499999999998,0.058823529411764705,3.031651376146789,3,⚠️ At Risk Customers
14518,64,1,174.37,174.37,278.0,16,1,0,0.0,United Kingdom,90.785,0.015384615384615385,174.37,3,⚠️ At Risk Customers
14520,2,2,270.6,135.3,73.0,3,2,289,96.33333333333333,United Kingdom,155.10000000000002,0.6666666666666666,0.9331034482758621,0,🌱 Potential Customers
14522,24,4,974.54,243.635,131.25,15,4,173,10.75,United Kingdom,524.87,0.16,5.600804597701149,0,🌱 Potential Customers
14523,108,1,241.09,241.09,251.0,12,1,0,0.0,United Kingdom,119.74500000000002,0.009174311926605505,241.09,3,⚠️ At Risk Customers
14524,32,9,1843.83,204.87,74.33333333333333,161,9,329,1.6581632653061225,United Kingdom,1008.7149999999999,0.2727272727272727,5.587363636363636,0,🌱 Potential Customers
14525,20,9,4215.9,468.4333333333333,293.0,217,9,341,1.199288256227758,United Kingdom,2195.95,0.42857142857142855,12.32719298245614,0,🌱 Potential Customers
14527,3,55,8507.13,154.6750909090909,37.96363636363636,330,55,366,0.3515463917525773,United Kingdom,4803.264999999999,13.75,23.180190735694822,2,💎 Premium Customers
14528,37,1,364.21999999999997,364.21999999999997,278.0,18,1,0,0.0,United Kingdom,188.41,0.02631578947368421,364.21999999999997,3,⚠️ At Risk Customers
14529,60,3,578.61,192.87,108.33333333333333,177,3,50,0.23113207547169812,United Kingdom,313.305,0.04918032786885246,11.34529411764706,0,🌱 Potential Customers
14530,26,6,2862.11,477.0183333333334,232.5,140,6,270,1.2688679245283019,United Kingdom,1488.4550000000002,0.2222222222222222,10.56129151291513,0,🌱 Potential Customers
14532,236,4,932.85,233.21250000000003,71.0,45,4,115,1.8095238095238095,United Kingdom,482.825,0.016877637130801686,8.041810344827587,3,⚠️ At Risk Customers
14533,25,7,1949.72,278.5314285714286,574.1428571428571,53,7,328,5.344262295081967,United Kingdom,1042.3600000000001,0.2692307692307692,5.926200607902736,0,🌱 Potential Customers
14534,3,18,4397.3,244.29444444444445,112.61111111111111,331,18,315,0.6094674556213018,United Kingdom,2378.35,4.5,13.915506329113924,2,💎 Premium Customers
14535,60,3,2854.84,951.6133333333333,608.0,280,3,188,0.5749235474006116,United Kingdom,1451.42,0.04918032786885246,15.104973544973546,0,🌱 Potential Customers
14536,260,1,170.95,170.95,39.0,18,1,0,0.0,United Kingdom,69.475,0.0038314176245210726,170.95,3,⚠️ At Risk Customers
14537,58,1,355.56,355.56,120.0,10,1,0,0.0,United Kingdom,181.98,0.01694915254237288,355.56,3,⚠️ At Risk Customers
14538,65,2,388.25,194.125,77.5,19,2,191,10.61111111111111,United Kingdom,207.625,0.030303030303030304,2.0221354166666665,0,🌱 Potential Customers
14539,16,2,537.48,268.74,214.0,31,2,28,0.9032258064516129,United Kingdom,287.14,0.11764705882352941,18.533793103448275,3,⚠️ At Risk Customers
14540,10,3,952.66,317.55333333333334,137.0,64,3,299,4.257142857142857,United Kingdom,505.33,0.2727272727272727,3.175533333333333,0,🌱 Potential Customers
14541,59,8,1453.35,181.66875,80.125,71,8,260,2.4711538461538463,United Kingdom,800.775,0.13333333333333333,5.5683908045977,0,🌱 Potential Customers
14542,186,1,103.25,103.25,19.0,5,1,0,0.0,United Kingdom,43.025,0.0053475935828877,103.25,3,⚠️ At Risk Customers
14543,29,16,3599.73,224.983125,42.1875,43,16,336,4.7,United Kingdom,1956.965,0.5333333333333333,10.681691394658754,0,🌱 Potential Customers
14544,24,2,2004.3,1002.15,768.0,97,2,337,3.0636363636363635,United Kingdom,1019.75,0.08,5.929881656804733,0,🌱 Potential Customers
14546,5,5,2573.93,514.786,262.6,250,5,243,0.6085858585858586,United Kingdom,1336.465,0.8333333333333334,10.54889344262295,0,🌱 Potential Customers
14547,4,8,3974.75,496.84375,329.875,198,8,50,0.1327683615819209,United Kingdom,2066.975,1.6,77.93627450980392,0,🌱 Potential Customers
14548,151,2,652.8,326.4,128.0,2,2,167,55.666666666666664,United Kingdom,331.29999999999995,0.013157894736842105,3.8857142857142852,0,🌱 Potential Customers
14549,311,1,289.24,289.24,136.0,56,1,0,0.0,United Kingdom,123.52000000000001,0.003205128205128205,289.24,3,⚠️ At Risk Customers
14550,11,2,757.37,378.68500000000006,194.5,38,2,33,0.717391304347826,United Kingdom,397.585,0.16666666666666666,22.27558823529412,3,⚠️ At Risk Customers
14551,18,2,186.23,93.11500000000001,53.0,9,2,185,20.555555555555557,United Kingdom,111.315,0.10526315789473684,1.001236559139785,0,🌱 Potential Customers
14552,152,1,164.22,164.22,90.0,57,1,0,0.0,United Kingdom,76.91,0.006535947712418301,164.22,3,⚠️ At Risk Customers
14553,19,5,859.27,171.85399999999998,98.6,103,5,319,2.8392857142857144,United Kingdom,477.735,0.25,2.6852187499999998,0,🌱 Potential Customers
14554,10,4,2279.4900000000002,569.8725,360.75,147,4,42,0.20297029702970298,United Kingdom,1178.7450000000001,0.36363636363636365,53.01139534883721,0,🌱 Potential Customers
14555,57,2,312.54,156.27,61.0,18,2,244,13.555555555555555,United Kingdom,170.57000000000002,0.034482758620689655,1.2756734693877552,0,🌱 Potential Customers
14557,85,1,788.38,788.38,510.0,16,1,0,0.0,United Kingdom,395.69,0.011627906976744186,788.38,1,🏆 High Value Customers
14560,7,22,2237.77,101.71681818181818,57.27272727272727,39,22,350,4.698630136986301,United Kingdom,1338.185,2.75,6.375413105413106,2,💎 Premium Customers
14561,76,3,1080.76,360.25333333333333,338.0,67,3,108,1.588235294117647,United Kingdom,562.78,0.03896103896103896,9.915229357798165,0,🌱 Potential Customers
14562,4,18,5006.77,278.1538888888889,100.83333333333333,187,18,300,0.6985645933014354,United Kingdom,2682.985,3.6,16.633787375415285,2,💎 Premium Customers
14565,96,4,3099.12,774.78,385.0,111,4,265,2.0952380952380953,United Kingdom,1579.96,0.041237113402061855,11.650827067669173,0,🌱 Potential Customers
14566,111,1,1432.0,1432.0,800.0,4,1,0,0.0,Channel Islands,714.9,0.008928571428571428,1432.0,1,🏆 High Value Customers
14567,57,2,1530.3600000000001,765.1800000000001,206.0,33,2,73,2.28125,United Kingdom,779.48,0.034482758620689655,20.68054054054054,3,⚠️ At Risk Customers
14569,1,1,227.39,227.39,79.0,10,1,0,0.0,United Kingdom,123.595,0.5,227.39,3,⚠️ At Risk Customers
14570,281,2,218.06,109.03,47.5,29,2,0,0.0,United Kingdom,100.93,0.0070921985815602835,218.06,3,⚠️ At Risk Customers
14572,3,7,2804.54,400.6485714285714,202.85714285714286,190,7,320,1.21455938697318,United Kingdom,1471.97,1.75,8.736884735202493,0,🌱 Potential Customers
14573,180,9,1639.82,182.20222222222222,59.333333333333336,127,9,192,0.827433628318584,United Kingdom,891.91,0.049723756906077346,8.496476683937823,0,🌱 Potential Customers
14576,372,1,35.400000000000006,35.400000000000006,12.0,1,1,0,0.0,United Kingdom,-9.5,0.002680965147453083,35.400000000000006,3,⚠️ At Risk Customers
14577,13,4,859.71,214.9275,88.25,86,4,350,2.8688524590163933,United Kingdom,468.555,0.2857142857142857,2.4493162393162393,0,🌱 Potential Customers
14578,3,1,168.63,168.63,240.0,24,1,0,0.0,United Kingdom,94.015,0.25,168.63,3,⚠️ At Risk Customers
14581,17,1,138.6,138.6,217.0,16,1,0,0.0,United Kingdom,77.6,0.05555555555555555,138.6,3,⚠️ At Risk Customers
14582,41,1,114.11,114.11,73.0,6,1,0,0.0,United Kingdom,62.955000000000005,0.023809523809523808,114.11,3,⚠️ At Risk Customers
14583,6,5,986.96,197.392,150.2,243,5,200,0.6578073089700996,United Kingdom,542.88,0.7142857142857143,4.910248756218905,0,🌱 Potential Customers
14584,169,4,1033.06,258.265,95.25,68,4,29,0.27835051546391754,United Kingdom,539.63,0.023529411764705882,34.43533333333333,3,⚠️ At Risk Customers
14585,50,1,157.05,157.05,91.0,29,1,0,0.0,United Kingdom,83.525,0.0196078431372549,157.05,3,⚠️ At Risk Customers
14586,277,1,237.36,237.36,444.0,19,1,0,0.0,United Kingdom,100.98,0.0035971223021582736,237.36,3,⚠️ At Risk Customers
14587,19,9,1580.29,175.58777777777777,83.22222222222223,170,9,312,0.8351351351351352,United Kingdom,878.245,0.45,5.048849840255591,0,🌱 Potential Customers
14589,372,1,39.75,39.75,5.0,3,1,0,0.0,United Kingdom,-7.325000000000003,0.002680965147453083,39.75,3,⚠️ At Risk Customers
14591,15,4,1320.21,330.0525,307.0,138,4,197,1.1257142857142857,United Kingdom,698.605,0.25,6.667727272727273,0,🌱 Potential Customers
14592,35,3,557.94,185.98,135.66666666666666,132,3,28,0.17834394904458598,United Kingdom,305.47,0.08333333333333333,19.239310344827587,3,⚠️ At Risk Customers
14593,22,3,617.15,205.71666666666667,110.0,127,3,177,1.18,United Kingdom,336.375,0.13043478260869565,3.4671348314606742,0,🌱 Potential Customers
14594,7,2,363.33,181.665,91.5,48,2,365,7.1568627450980395,United Kingdom,200.965,0.25,0.9927049180327868,0,🌱 Potential Customers
14595,20,6,1740.6,290.09999999999997,163.0,94,6,293,2.871287128712871,United Kingdom,928.3,0.2857142857142857,5.920408163265305,0,🌱 Potential Customers
14597,11,2,866.24,433.12,283.0,45,2,180,3.9130434782608696,United Kingdom,452.02,0.16666666666666666,4.785856353591161,0,🌱 Potential Customers
14598,44,1,221.97,221.97,189.0,49,1,0,0.0,United Kingdom,116.585,0.022222222222222223,221.97,3,⚠️ At Risk Customers
14600,306,1,393.33000000000004,393.33000000000004,125.0,25,1,0,0.0,United Kingdom,176.06500000000003,0.003257328990228013,393.33000000000004,3,⚠️ At Risk Customers
14601,11,1,213.96,213.96,168.0,7,1,0,0.0,United Kingdom,115.88000000000001,0.08333333333333333,213.96,3,⚠️ At Risk Customers
14603,275,1,660.0,660.0,400.0,2,1,0,0.0,United Kingdom,312.5,0.0036231884057971015,660.0,3,⚠️ At Risk Customers
14606,1,93,12076.15,129.8510752688172,66.52688172043011,819,95,372,0.12294469357249627,United Kingdom,6967.974999999999,47.5,32.37573726541555,2,💎 Premium Customers
14607,16,14,16209.5,1157.8214285714287,823.2857142857143,38,14,245,3.0375,United Kingdom,8243.15,0.8235294117647058,65.89227642276423,2,💎 Premium Customers
14608,4,4,1785.15,446.2875,109.25,8,4,358,18.736842105263158,United Kingdom,932.1750000000001,0.8,4.972562674094708,0,🌱 Potential Customers
14609,72,4,601.56,150.39,1756.5,2,4,224,74.0,United Kingdom,333.58,0.0547945205479452,2.6736,0,🌱 Potential Customers
14616,243,3,406.08000000000004,135.36,34.666666666666664,2,3,74,36.5,United Kingdom,208.74,0.012295081967213115,5.4144000000000005,0,🌱 Potential Customers
14618,9,3,553.44,184.48000000000002,88.0,10,3,328,21.8,United Kingdom,305.82000000000005,0.3,1.6821884498480244,0,🌱 Potential Customers
14619,246,1,394.44,394.44,152.0,20,1,0,0.0,United Kingdom,182.62,0.004048582995951417,394.44,3,⚠️ At Risk Customers
14620,206,2,412.78000000000003,206.39,107.0,26,2,78,3.12,United Kingdom,205.79000000000002,0.00966183574879227,5.225063291139241,3,⚠️ At Risk Customers
14621,1,5,1788.3600000000001,357.672,198.6,80,5,357,3.912087912087912,United Kingdom,944.08,2.5,4.995418994413408,0,🌱 Potential Customers
14622,185,1,320.58000000000004,320.58000000000004,146.0,21,1,0,0.0,United Kingdom,151.79000000000002,0.005376344086021506,320.58000000000004,3,⚠️ At Risk Customers
14623,32,5,886.7,177.34,83.6,108,5,203,1.5227272727272727,United Kingdom,490.15000000000003,0.15151515151515152,4.3465686274509805,0,🌱 Potential Customers
14624,57,2,225.85,112.925,81.0,13,2,1,0.08333333333333333,United Kingdom,127.22500000000001,0.034482758620689655,112.925,3,⚠️ At Risk Customers
14625,196,2,899.63,449.815,167.5,51,2,164,3.1538461538461537,United Kingdom,450.215,0.01015228426395939,5.45230303030303,3,⚠️ At Risk Customers
14626,24,4,2791.27,697.8175,350.75,108,4,209,1.71900826446281,United Kingdom,1433.235,0.16,13.291761904761906,0,🌱 Potential Customers
14628,91,2,671.96,335.98,136.0,22,2,151,6.565217391304348,United Kingdom,346.88,0.021739130434782608,4.420789473684211,0,🌱 Potential Customers
14629,4,2,955.26,477.63,189.0,133,2,43,0.28859060402684567,United Kingdom,497.23,0.4,21.710454545454546,0,🌱 Potential Customers
14631,51,3,1006.98,335.66,207.33333333333334,38,3,248,6.175,United Kingdom,528.39,0.057692307692307696,4.0440963855421685,0,🌱 Potential Customers
14632,263,1,114.56,114.56,96.0,8,1,0,0.0,United Kingdom,40.980000000000004,0.003787878787878788,114.56,3,⚠️ At Risk Customers
14633,266,1,344.90000000000003,344.90000000000003,96.0,20,1,0,0.0,United Kingdom,155.85000000000002,0.003745318352059925,344.90000000000003,3,⚠️ At Risk Customers
14636,36,2,609.85,304.925,120.5,27,2,232,8.592592592592593,United Kingdom,321.325,0.05405405405405406,2.6173819742489273,0,🌱 Potential Customers
14638,51,1,443.6,443.6,166.0,16,1,0,0.0,United Kingdom,226.70000000000002,0.019230769230769232,443.6,3,⚠️ At Risk Customers
14639,52,6,2984.49,497.41499999999996,238.5,138,6,309,1.8011695906432748,United Kingdom,1547.0449999999998,0.11320754716981132,9.627387096774193,0,🌱 Potential Customers
14640,24,6,2107.38,351.23,146.66666666666666,87,6,203,1.9326923076923077,United Kingdom,1111.29,0.24,10.330294117647059,0,🌱 Potential Customers
14641,22,1,110.46,110.46,90.0,7,1,0,0.0,United Kingdom,63.02999999999999,0.043478260869565216,110.46,3,⚠️ At Risk Customers
14642,59,1,96.12,96.12,76.0,2,1,0,0.0,United Kingdom,52.160000000000004,0.016666666666666666,96.12,3,⚠️ At Risk Customers
14643,170,2,693.8100000000001,346.905,407.5,30,2,187,6.233333333333333,United Kingdom,349.90500000000003,0.011695906432748537,3.6904787234042558,0,🌱 Potential Customers
14644,68,2,830.76,415.38,129.0,26,2,230,9.2,United Kingdom,428.58,0.028985507246376812,3.596363636363636,0,🌱 Potential Customers
14645,157,2,597.09,298.545,190.5,28,2,118,4.068965517241379,United Kingdom,302.845,0.012658227848101266,5.017563025210085,3,⚠️ At Risk Customers
14646,2,73,280206.02,3838.438630136986,2697.4657534246576,700,73,353,0.15855421686746987,Netherlands,140832.81,24.333333333333332,791.5424293785311,2,💎 Premium Customers
14647,201,1,236.04000000000002,236.04000000000002,91.0,24,1,0,0.0,United Kingdom,107.92000000000002,0.0049504950495049506,236.04000000000002,3,⚠️ At Risk Customers
14649,5,4,1402.59,350.64750000000004,251.0,148,4,207,1.1189189189189188,United Kingdom,740.795,0.6666666666666666,6.743221153846154,0,🌱 Potential Customers
14651,67,2,653.75,326.875,171.5,95,2,143,1.43,United Kingdom,340.175,0.029411764705882353,4.539930555555555,0,🌱 Potential Customers
14652,77,1,114.18,114.18,53.0,29,1,0,0.0,United Kingdom,59.39,0.01282051282051282,114.18,3,⚠️ At Risk Customers
14653,1,7,1926.65,275.23571428571427,135.0,154,8,337,1.4334763948497855,United Kingdom,1033.2250000000001,4.0,5.700147928994083,0,🌱 Potential Customers
14655,8,4,1932.23,483.0575,272.25,35,4,214,4.4375,United Kingdom,1005.315,0.4444444444444444,8.987116279069767,0,🌱 Potential Customers
14656,169,2,291.05,145.525,60.0,73,2,114,1.4430379746835442,United Kingdom,148.625,0.011764705882352941,2.5308695652173916,3,⚠️ At Risk Customers
14657,18,4,848.22,212.055,116.5,103,4,308,2.464,United Kingdom,462.31,0.21052631578947367,2.7450485436893204,0,🌱 Potential Customers
14658,5,2,247.15,123.575,23.5,27,2,111,3.9642857142857144,United Kingdom,143.075,0.3333333333333333,2.2066964285714286,3,⚠️ At Risk Customers
14659,9,9,2529.93,281.1033333333333,132.77777777777777,147,9,306,1.2023809523809523,United Kingdom,1354.0649999999998,0.9,8.240814332247556,0,🌱 Potential Customers
14660,87,2,285.74,142.87,114.0,24,2,14,0.4827586206896552,United Kingdom,154.17000000000002,0.022727272727272728,19.049333333333333,3,⚠️ At Risk Customers
14661,27,1,107.95,107.95,35.0,4,1,0,0.0,United Kingdom,61.275,0.03571428571428571,107.95,3,⚠️ At Risk Customers
14662,29,4,741.37,185.3425,144.5,143,4,287,1.8333333333333333,United Kingdom,407.785,0.13333333333333333,2.574201388888889,0,🌱 Potential Customers
14664,20,2,636.24,318.12,232.5,78,2,13,0.13402061855670103,United Kingdom,336.12,0.09523809523809523,45.44571428571429,3,⚠️ At Risk Customers
14665,61,5,1835.7,367.14,148.0,63,5,250,2.797752808988764,United Kingdom,961.75,0.08064516129032258,7.313545816733068,0,🌱 Potential Customers
14666,24,1,195.25,195.25,161.0,14,1,0,0.0,United Kingdom,105.225,0.04,195.25,3,⚠️ At Risk Customers
14667,11,25,9175.04,367.00159999999994,212.76,354,25,357,0.6130742049469965,United Kingdom,4836.42,2.0833333333333335,25.62860335195531,2,💎 Premium Customers
14669,242,3,1259.24,419.74666666666667,256.6666666666667,158,3,90,0.5454545454545454,United Kingdom,635.42,0.012345679012345678,13.837802197802198,3,⚠️ At Risk Customers
14670,280,2,392.86,196.43,163.0,107,2,0,0.0,United Kingdom,188.43,0.0071174377224199285,392.86,3,⚠️ At Risk Customers
14672,235,2,765.55,382.775,227.0,58,2,101,1.6833333333333333,United Kingdom,379.275,0.00847457627118644,7.505392156862745,3,⚠️ At Risk Customers
14673,3,5,1736.4,347.28000000000003,200.8,39,5,364,4.958904109589041,United Kingdom,917.9000000000001,1.25,4.757260273972603,0,🌱 Potential Customers
14675,16,1,596.36,596.36,336.0,93,1,0,0.0,United Kingdom,306.58,0.058823529411764705,596.36,3,⚠️ At Risk Customers
14676,31,6,2548.2400000000002,424.7066666666667,416.6666666666667,29,6,251,6.073170731707317,United Kingdom,1331.0200000000002,0.1875,10.112063492063493,0,🌱 Potential Customers
14680,25,16,28754.11,1797.131875,842.25,73,16,346,1.311284046692607,United Kingdom,14534.555,0.6153846153846154,82.86487031700288,2,💎 Premium Customers
14681,71,3,498.95,166.31666666666666,25.333333333333332,6,3,140,23.333333333333332,United Kingdom,272.375,0.041666666666666664,3.5386524822695034,0,🌱 Potential Customers
14682,188,2,52.0,26.0,40.0,1,2,13,13.0,United Kingdom,27.2,0.010582010582010581,3.7142857142857144,3,⚠️ At Risk Customers
14684,26,5,1201.51,240.302,164.2,231,5,336,0.8611825192802056,United Kingdom,648.155,0.18518518518518517,3.565311572700297,0,🌱 Potential Customers
14687,107,1,628.38,628.38,470.0,15,1,0,0.0,United Kingdom,313.49,0.009259259259259259,628.38,3,⚠️ At Risk Customers
14688,8,21,5579.1,265.6714285714286,170.66666666666666,148,21,366,1.105263157894737,United Kingdom,2998.75,2.3333333333333335,15.20190735694823,2,💎 Premium Customers
14689,209,1,112.8,112.8,76.0,13,1,0,0.0,United Kingdom,45.5,0.004761904761904762,112.8,3,⚠️ At Risk Customers
14690,44,2,355.05,177.525,83.5,40,2,107,2.276595744680851,United Kingdom,193.125,0.044444444444444446,3.2875,3,⚠️ At Risk Customers
14691,31,5,2114.33,422.866,141.4,50,5,182,2.585714285714286,United Kingdom,1104.065,0.15625,11.553715846994535,0,🌱 Potential Customers
14692,137,4,591.55,147.88750000000002,66.25,53,4,185,2.7313432835820897,United Kingdom,322.075,0.028985507246376812,3.1803763440860213,0,🌱 Potential Customers
14693,265,1,172.9,172.9,34.0,8,1,0,0.0,United Kingdom,69.95,0.0037593984962406013,172.9,3,⚠️ At Risk Customers
14696,4,7,2078.95,296.9928571428572,232.85714285714286,117,7,368,2.8294573643410854,United Kingdom,1109.0749999999998,1.4,5.634010840108401,0,🌱 Potential Customers
14697,218,2,188.60999999999999,94.30499999999999,90.5,22,2,0,0.0,United Kingdom,92.505,0.0091324200913242,188.60999999999999,3,⚠️ At Risk Customers
14698,2,5,1217.27,243.454,120.4,148,5,49,0.24120603015075376,United Kingdom,658.435,1.6666666666666667,24.345399999999998,0,🌱 Potential Customers
14699,214,1,109.13000000000001,109.13000000000001,77.0,8,1,0,0.0,United Kingdom,43.16499999999999,0.004651162790697674,109.13000000000001,3,⚠️ At Risk Customers
14700,32,3,2195.1,731.6999999999999,438.0,80,3,206,1.8468468468468469,United Kingdom,1124.35,0.09090909090909091,10.604347826086956,0,🌱 Potential Customers
14701,11,9,2526.09,280.6766666666667,102.33333333333333,268,9,305,0.9263803680981595,United Kingdom,1351.9450000000002,0.75,8.255196078431373,0,🌱 Potential Customers
14702,1,17,3251.79,191.28176470588235,84.6470588235294,196,17,364,1.035190615835777,United Kingdom,1795.795,8.5,8.909013698630137,2,💎 Premium Customers
14703,15,1,318.17,318.17,183.0,22,1,0,0.0,United Kingdom,167.585,0.0625,318.17,3,⚠️ At Risk Customers
14704,11,9,1493.96,165.99555555555557,115.88888888888889,288,9,168,0.42091836734693877,United Kingdom,835.88,0.75,8.84,0,🌱 Potential Customers
14705,199,1,179.0,179.0,100.0,1,1,0,0.0,United Kingdom,79.6,0.005,179.0,3,⚠️ At Risk Customers
14708,3,3,1126.37,375.45666666666665,207.0,25,3,365,13.518518518518519,United Kingdom,592.885,0.75,3.0775136612021856,0,🌱 Potential Customers
14709,15,13,4921.04,378.54153846153844,191.07692307692307,71,13,343,1.7282051282051283,United Kingdom,2589.02,0.8125,14.305348837209301,0,🌱 Potential Customers
14710,14,4,599.48,149.87,93.75,124,4,45,0.31851851851851853,United Kingdom,338.34000000000003,0.26666666666666666,13.03217391304348,0,🌱 Potential Customers
14711,10,11,2839.62,258.1472727272727,87.81818181818181,221,11,252,0.7122093023255814,United Kingdom,1528.81,1.0,11.223794466403161,0,🌱 Potential Customers
14712,29,3,917.07,305.69,105.0,21,3,82,3.4166666666666665,United Kingdom,485.63500000000005,0.1,11.049036144578315,3,⚠️ At Risk Customers
14713,9,11,2662.2,242.0181818181818,146.63636363636363,146,11,355,1.0385756676557865,United Kingdom,1440.1999999999998,1.1,7.478089887640449,0,🌱 Potential Customers
14714,24,1,160.19,160.19,229.0,10,1,0,0.0,United Kingdom,87.695,0.04,160.19,3,⚠️ At Risk Customers
14715,25,4,867.38,216.845,130.25,60,4,306,4.357142857142857,United Kingdom,471.19,0.15384615384615385,2.825342019543974,0,🌱 Potential Customers
14716,43,2,307.51,153.755,247.5,46,2,105,2.1,United Kingdom,169.45499999999998,0.045454545454545456,2.9010377358490564,3,⚠️ At Risk Customers
14719,2,5,1581.84,316.36800000000005,205.0,177,5,247,1.047008547008547,United Kingdom,840.7199999999999,1.6666666666666667,6.378387096774193,0,🌱 Potential Customers
14720,6,3,663.81,221.27,73.0,34,3,120,3.3333333333333335,United Kingdom,361.30499999999995,0.42857142857142855,5.486033057851239,0,🌱 Potential Customers
14722,147,1,180.42000000000002,180.42000000000002,118.0,28,1,0,0.0,United Kingdom,85.51,0.006756756756756757,180.42000000000002,3,⚠️ At Risk Customers
14723,10,6,1122.3600000000001,187.06000000000003,112.16666666666667,193,6,361,1.3914728682170543,United Kingdom,620.1800000000001,0.5454545454545454,3.100441988950277,0,🌱 Potential Customers
14725,25,1,655.58,655.58,588.0,45,1,0,0.0,United Kingdom,335.29,0.038461538461538464,655.58,1,🏆 High Value Customers
14727,274,1,268.58,268.58,62.0,10,1,0,0.0,United Kingdom,116.88999999999999,0.0036363636363636364,268.58,3,⚠️ At Risk Customers
14729,374,1,313.49,313.49,197.0,69,1,0,0.0,United Kingdom,129.345,0.0026666666666666666,313.49,3,⚠️ At Risk Customers
14730,1,8,1897.57,237.19625,134.75,317,7,275,0.5943600867678959,United Kingdom,1028.685,3.5,6.875253623188406,0,🌱 Potential Customers
14731,47,3,380.02,126.67333333333333,85.33333333333333,38,3,165,3.727272727272727,United Kingdom,215.31,0.0625,2.2892771084337347,0,🌱 Potential Customers
14732,8,8,2702.4900000000002,337.81125,175.625,105,8,330,2.23972602739726,United Kingdom,1430.4450000000002,0.8888888888888888,8.16462235649547,0,🌱 Potential Customers
14733,16,12,9585.91,798.8258333333333,313.6666666666667,102,12,351,1.7213930348258706,United Kingdom,4911.355,0.7058823529411765,27.23269886363636,2,💎 Premium Customers
14735,4,32,6065.69,189.55281250000002,70.75,99,30,354,1.7772020725388602,United Kingdom,3352.4449999999997,6.0,17.08645070422535,2,💎 Premium Customers
14737,4,3,1164.55,388.18333333333334,115.0,15,3,349,21.8125,United Kingdom,611.875,0.6,3.327285714285714,0,🌱 Potential Customers
14738,43,7,1314.45,187.77857142857144,85.85714285714286,39,7,273,5.09433962264151,United Kingdom,722.9250000000001,0.1590909090909091,4.797262773722628,0,🌱 Potential Customers
14739,4,7,3902.28,557.4685714285714,545.7142857142857,47,7,363,6.101694915254237,United Kingdom,2020.74,1.4,10.72054945054945,0,🌱 Potential Customers
14740,197,3,1448.21,482.7366666666667,245.0,85,3,86,0.9772727272727273,United Kingdom,734.405,0.015151515151515152,16.64609195402299,3,⚠️ At Risk Customers
14741,12,6,1400.34,233.39000000000001,140.16666666666666,35,6,361,6.189655172413793,United Kingdom,758.9699999999999,0.46153846153846156,3.868342541436464,0,🌱 Potential Customers
14744,16,7,1099.98,157.14000000000001,89.57142857142857,21,7,350,13.88,United Kingdom,618.39,0.4117647058823529,3.1338461538461537,0,🌱 Potential Customers
14745,113,5,1220.26,244.052,207.6,46,5,172,2.514705882352941,United Kingdom,648.83,0.043859649122807015,7.0535260115606935,0,🌱 Potential Customers
14747,249,1,328.2,328.2,84.0,18,1,0,0.0,United Kingdom,149.2,0.004,328.2,3,⚠️ At Risk Customers
14748,29,5,1415.75,283.15,244.6,87,5,339,3.840909090909091,United Kingdom,754.975,0.16666666666666666,4.163970588235294,0,🌱 Potential Customers
14752,44,1,389.64,389.64,260.0,5,1,0,0.0,United Kingdom,200.42,0.022222222222222223,389.64,3,⚠️ At Risk Customers
14753,87,1,563.15,563.15,211.0,30,1,0,0.0,United Kingdom,282.875,0.011363636363636364,563.15,3,⚠️ At Risk Customers
14754,45,2,638.05,319.025,243.0,38,2,250,6.25,United Kingdom,334.525,0.043478260869565216,2.54203187250996,0,🌱 Potential Customers
14755,10,11,5010.28,455.47999999999996,201.72727272727272,128,11,324,1.3675213675213675,United Kingdom,2614.14,1.0,15.416246153846153,0,🌱 Potential Customers
14756,15,1,738.96,738.96,416.0,38,1,0,0.0,United Kingdom,377.98,0.0625,738.96,1,🏆 High Value Customers
14757,75,1,420.5,420.5,160.0,19,1,0,0.0,United Kingdom,212.75,0.013157894736842105,420.5,3,⚠️ At Risk Customers
14758,145,4,1484.06,371.015,104.75,54,4,114,1.6142857142857143,United Kingdom,767.53,0.0273972602739726,12.90486956521739,3,⚠️ At Risk Customers
14759,5,3,1625.97,541.99,189.66666666666666,92,3,228,2.2475247524752477,United Kingdom,842.485,0.5,7.100305676855895,0,🌱 Potential Customers
14760,297,1,89.2,89.2,40.0,5,1,0,0.0,United Kingdom,24.9,0.003355704697986577,89.2,3,⚠️ At Risk Customers
14761,59,2,255.9,127.95,59.0,11,2,276,27.6,United Kingdom,142.04999999999998,0.03333333333333333,0.9238267148014441,0,🌱 Potential Customers
14762,264,1,300.52,300.52,341.0,21,1,0,0.0,United Kingdom,133.85999999999999,0.0037735849056603774,300.52,3,⚠️ At Risk Customers
14764,47,1,278.3,278.3,190.0,6,1,0,0.0,United Kingdom,144.45000000000002,0.020833333333333332,278.3,3,⚠️ At Risk Customers
14765,29,3,254.11,84.70333333333333,45.0,38,3,147,3.8421052631578947,United Kingdom,154.155,0.1,1.7169594594594595,0,🌱 Potential Customers
14766,8,6,2473.37,412.2283333333333,224.83333333333334,111,6,358,2.6492537313432836,United Kingdom,1295.885,0.6666666666666666,6.889610027855153,0,🌱 Potential Customers
14768,17,2,192.60000000000002,96.30000000000001,26.0,4,2,109,27.25,United Kingdom,114.60000000000001,0.1111111111111111,1.7509090909090912,0,🌱 Potential Customers
14769,3,8,10416.98,1302.1225,904.875,718,9,354,0.3298774740810556,United Kingdom,5288.19,2.25,29.343605633802817,2,💎 Premium Customers
14770,232,2,876.42,438.21,245.0,49,2,90,1.7647058823529411,United Kingdom,435.01,0.008583690987124463,9.63098901098901,3,⚠️ At Risk Customers
14772,112,1,139.26,139.26,82.0,9,1,0,0.0,United Kingdom,68.42999999999999,0.008849557522123894,139.26,3,⚠️ At Risk Customers
14775,58,3,1011.9,337.3,391.3333333333333,57,3,313,5.305084745762712,United Kingdom,530.1500000000001,0.05084745762711865,3.222611464968153,0,🌱 Potential Customers
14776,51,11,2538.3,230.75454545454548,284.90909090909093,44,11,261,2.2155172413793105,United Kingdom,1374.0500000000002,0.21153846153846154,9.688167938931299,0,🌱 Potential Customers
14778,127,2,730.86,365.43,153.0,34,2,181,5.323529411764706,United Kingdom,372.73,0.015625,4.015714285714286,0,🌱 Potential Customers
14779,281,3,386.15,128.71666666666667,28.0,40,3,43,1.075,United Kingdom,194.975,0.010638297872340425,8.776136363636363,3,⚠️ At Risk Customers
14780,55,2,447.68,223.84,155.0,26,2,24,0.9230769230769231,United Kingdom,238.34,0.03571428571428571,17.9072,3,⚠️ At Risk Customers
14782,320,1,200.10000000000002,200.10000000000002,114.0,6,1,0,0.0,United Kingdom,78.05000000000001,0.003115264797507788,200.10000000000002,3,⚠️ At Risk Customers
14784,26,2,289.99,144.995,118.5,15,2,297,21.214285714285715,United Kingdom,162.395,0.07407407407407407,0.9731208053691276,0,🌱 Potential Customers
14785,10,2,77.4,38.7,42.0,2,2,4,2.0,United Kingdom,57.7,0.18181818181818182,15.48,3,⚠️ At Risk Customers
14788,7,2,679.4399999999999,339.72,210.5,26,2,19,0.6551724137931034,United Kingdom,359.02,0.25,33.971999999999994,3,⚠️ At Risk Customers
14789,29,1,197.64,197.64,116.0,6,1,0,0.0,United Kingdom,105.91999999999999,0.03333333333333333,197.64,3,⚠️ At Risk Customers
14790,17,4,745.06,186.265,174.75,30,4,236,5.222222222222222,United Kingdom,410.83,0.2222222222222222,3.143713080168776,0,🌱 Potential Customers
14792,64,1,6.2,6.2,2.0,2,1,0,0.0,United Kingdom,6.699999999999999,0.015384615384615385,6.2,3,⚠️ At Risk Customers
14793,21,1,228.99,228.99,91.0,14,1,0,0.0,United Kingdom,122.39500000000001,0.045454545454545456,228.99,3,⚠️ At Risk Customers
14794,3,7,1319.91,188.5585714285714,96.14285714285714,68,7,331,4.151898734177215,United Kingdom,729.6550000000001,1.75,3.9756325301204822,0,🌱 Potential Customers
14795,166,1,131.45000000000002,131.45000000000002,17.0,6,1,0,0.0,United Kingdom,59.12500000000001,0.005988023952095809,131.45000000000002,3,⚠️ At Risk Customers
14796,1,17,7975.49,469.1464705882353,352.6470588235294,403,17,365,0.3147656940760389,United Kingdom,4157.6449999999995,8.5,21.790956284153005,2,💎 Premium Customers
14798,53,3,173.74,57.913333333333334,50.0,11,3,257,23.272727272727273,United Kingdom,111.57000000000001,0.05555555555555555,0.6734108527131784,0,🌱 Potential Customers
14799,51,1,157.7,157.7,146.0,13,1,0,0.0,United Kingdom,83.75,0.019230769230769232,157.7,3,⚠️ At Risk Customers
14800,48,12,4331.79,360.9825,303.6666666666667,246,12,322,0.8324607329842932,United Kingdom,2281.095,0.24489795918367346,13.41111455108359,0,🌱 Potential Customers
14801,61,1,189.34,189.34,173.0,56,1,0,0.0,United Kingdom,98.57000000000001,0.016129032258064516,189.34,3,⚠️ At Risk Customers
14803,162,3,845.55,281.84999999999997,123.33333333333333,35,3,130,3.0,United Kingdom,436.575,0.018404907975460124,6.454580152671755,3,⚠️ At Risk Customers
14804,9,1,353.27,353.27,121.0,12,1,0,0.0,United Kingdom,185.73499999999999,0.1,353.27,3,⚠️ At Risk Customers
14805,15,4,546.4,136.60000000000002,28.5,30,4,298,6.6,United Kingdom,311.7,0.25,1.8274247491638795,0,🌱 Potential Customers
14806,75,1,193.39000000000001,193.39000000000001,330.0,11,1,0,0.0,United Kingdom,99.19500000000001,0.013157894736842105,193.39000000000001,3,⚠️ At Risk Customers
14808,40,8,2718.6,339.82500000000005,265.0,176,8,132,0.5652173913043478,United Kingdom,1435.3,0.1951219512195122,20.4406015037594,0,🌱 Potential Customers
14810,41,11,2085.33,189.57545454545453,92.27272727272727,106,11,328,1.2766798418972332,United Kingdom,1148.565,0.2619047619047619,6.33838905775076,0,🌱 Potential Customers
14813,370,2,152.88,76.44,33.0,25,2,0,0.0,United Kingdom,59.44,0.005390835579514825,152.88,3,⚠️ At Risk Customers
14815,37,2,778.5,389.25,372.0,53,2,31,0.5961538461538461,United Kingdom,405.55,0.05263157894736842,24.328125,3,⚠️ At Risk Customers
14816,197,1,271.85,271.85,5.0,4,1,0,0.0,United Kingdom,126.22500000000001,0.005050505050505051,271.85,3,⚠️ At Risk Customers
14817,200,2,1110.34,555.1700000000001,327.5,52,2,76,1.2258064516129032,United Kingdom,555.17,0.009950248756218905,14.419999999999998,3,⚠️ At Risk Customers
14818,74,3,657.8,219.26666666666665,108.0,41,3,179,3.8085106382978724,United Kingdom,351.5,0.04,3.654444444444444,0,🌱 Potential Customers
14819,64,2,272.07,136.035,54.5,13,2,127,10.583333333333334,United Kingdom,149.635,0.03076923076923077,2.125546875,0,🌱 Potential Customers
14820,21,4,507.29,126.8225,63.25,24,4,152,5.357142857142857,United Kingdom,291.54499999999996,0.18181818181818182,3.31562091503268,0,🌱 Potential Customers
14821,367,1,48.800000000000004,48.800000000000004,20.0,2,1,0,0.0,United Kingdom,-2.299999999999997,0.002717391304347826,48.800000000000004,3,⚠️ At Risk Customers
14823,180,3,321.43,107.14333333333333,29.333333333333332,56,3,14,0.18840579710144928,United Kingdom,172.715,0.016574585635359115,21.42866666666667,3,⚠️ At Risk Customers
14824,10,4,1127.71,281.9275,131.25,19,4,81,2.8214285714285716,United Kingdom,602.855,0.36363636363636365,13.752560975609757,0,🌱 Potential Customers
14825,4,12,2221.01,185.08416666666668,82.41666666666667,82,12,364,3.033613445378151,United Kingdom,1230.105,2.4,6.084958904109589,0,🌱 Potential Customers
14828,197,3,2139.76,713.2533333333334,724.0,17,3,140,8.6875,United Kingdom,1080.18,0.015151515151515152,15.175602836879435,0,🌱 Potential Customers
14829,29,4,697.55,174.3875,113.0,39,4,343,8.341463414634147,United Kingdom,385.875,0.13333333333333333,2.0277616279069766,0,🌱 Potential Customers
14830,53,1,188.88,188.88,164.0,39,1,0,0.0,United Kingdom,99.14,0.018518518518518517,188.88,3,⚠️ At Risk Customers
14834,18,6,1720.3,286.71666666666664,122.33333333333333,43,6,222,3.3181818181818183,United Kingdom,918.35,0.3157894736842105,7.714349775784753,0,🌱 Potential Customers
14836,10,3,102.44999999999999,34.15,15.0,5,3,20,4.0,United Kingdom,80.225,0.2727272727272727,4.878571428571428,3,⚠️ At Risk Customers
14837,90,4,1649.5,412.375,359.0,96,4,111,1.02803738317757,United Kingdom,855.75,0.04395604395604396,14.727678571428571,0,🌱 Potential Customers
14840,268,1,62.85,62.85,31.0,4,1,0,0.0,United Kingdom,14.624999999999996,0.0037174721189591076,62.85,3,⚠️ At Risk Customers
14841,53,6,3295.76,549.2933333333334,296.3333333333333,103,6,305,2.218978102189781,United Kingdom,1702.5800000000002,0.1111111111111111,10.77045751633987,0,🌱 Potential Customers
14842,44,4,2824.69,706.1725,291.5,128,4,264,1.8263888888888888,United Kingdom,1447.945,0.08888888888888889,10.659207547169812,0,🌱 Potential Customers
14844,64,4,3189.81,797.4525,458.25,87,4,177,1.3643410852713178,United Kingdom,1628.5049999999999,0.06153846153846154,17.920280898876403,0,🌱 Potential Customers
14847,149,1,309.4,309.4,120.0,13,1,0,0.0,United Kingdom,149.79999999999998,0.006666666666666667,309.4,3,⚠️ At Risk Customers
14849,22,25,7930.54,317.2216,227.76,159,22,351,0.896640826873385,United Kingdom,4213.070000000001,0.9565217391304348,22.529943181818183,2,💎 Premium Customers
14850,312,1,325.75,325.75,293.0,21,1,0,0.0,United Kingdom,141.675,0.003194888178913738,325.75,3,⚠️ At Risk Customers
14851,23,2,511.35,255.675,162.5,28,2,232,8.592592592592593,United Kingdom,273.375,0.08333333333333333,2.1946351931330472,0,🌱 Potential Customers
14852,58,6,2836.69,472.7816666666667,291.1666666666667,96,6,193,1.352112676056338,United Kingdom,1472.545,0.1016949152542373,14.622113402061856,0,🌱 Potential Customers
14853,24,2,475.8,237.9,41.0,8,2,187,23.375,United Kingdom,255.49999999999997,0.08,2.5308510638297874,0,🌱 Potential Customers
14854,78,7,2740.03,391.43285714285713,260.0,110,7,196,1.552,United Kingdom,1432.2150000000001,0.08860759493670886,13.908781725888327,0,🌱 Potential Customers
14855,119,2,645.65,322.82500000000005,133.5,13,2,15,0.7894736842105263,United Kingdom,330.925,0.016666666666666666,40.353125,3,⚠️ At Risk Customers
14856,36,3,1290.53,430.1766666666667,237.0,65,3,20,0.3125,United Kingdom,671.665,0.08108108108108109,61.453809523809525,3,⚠️ At Risk Customers
14857,60,2,1173.12,586.56,232.0,58,2,88,1.4915254237288136,United Kingdom,600.56,0.03278688524590164,13.181123595505618,3,⚠️ At Risk Customers
14859,13,4,1353.74,338.435,167.75,47,4,191,3.3333333333333335,United Kingdom,715.57,0.2857142857142857,7.050729166666667,0,🌱 Potential Customers
14860,19,1,170.32,170.32,232.0,11,1,0,0.0,United Kingdom,93.25999999999999,0.05,170.32,3,⚠️ At Risk Customers
14861,52,1,125.79,125.79,117.0,6,1,0,0.0,United Kingdom,67.69500000000001,0.018867924528301886,125.79,3,⚠️ At Risk Customers
14862,26,2,841.1999999999999,420.6,386.0,47,2,122,2.595744680851064,United Kingdom,437.99999999999994,0.07407407407407407,6.839024390243902,0,🌱 Potential Customers
14863,29,1,266.76,266.76,132.0,11,1,0,0.0,United Kingdom,140.48,0.03333333333333333,266.76,3,⚠️ At Risk Customers
14865,7,2,52.2,26.1,54.0,4,2,364,121.33333333333333,United Kingdom,45.4,0.25,0.143013698630137,0,🌱 Potential Customers
14866,11,12,14389.9,1199.1583333333333,562.6666666666666,30,12,355,3.5714285714285716,United Kingdom,7313.849999999999,1.0,40.421067415730334,2,💎 Premium Customers
14867,186,3,710.28,236.76,109.33333333333333,31,3,150,4.285714285714286,United Kingdom,366.53999999999996,0.016042780748663103,4.703841059602649,3,⚠️ At Risk Customers
14868,3,8,2953.59,369.19875,175.625,96,8,230,1.5874125874125875,United Kingdom,1556.4950000000001,2.0,12.786103896103898,0,🌱 Potential Customers
14869,9,2,721.45,360.725,274.5,66,2,94,1.3623188405797102,United Kingdom,379.82500000000005,0.2,7.5942105263157895,0,🌱 Potential Customers
14870,262,1,327.25,327.25,119.0,13,1,0,0.0,United Kingdom,147.425,0.0038022813688212928,327.25,3,⚠️ At Risk Customers
14871,3,4,501.28000000000003,125.32000000000001,44.75,68,4,357,3.869565217391304,United Kingdom,290.34,1.0,1.400223463687151,0,🌱 Potential Customers
14873,210,1,519.68,519.68,168.0,28,1,0,0.0,United Kingdom,248.83999999999997,0.004739336492890996,519.68,3,⚠️ At Risk Customers
14875,108,2,1465.3200000000002,732.66,279.0,46,2,155,3.369565217391304,United Kingdom,741.8600000000001,0.01834862385321101,9.393076923076924,0,🌱 Potential Customers
14878,13,9,1476.09,164.01,88.77777777777777,62,9,345,2.8181818181818183,United Kingdom,826.745,0.6428571428571429,4.266156069364162,0,🌱 Potential Customers
14880,77,3,690.59,230.1966666666667,121.66666666666667,45,3,211,4.688888888888889,United Kingdom,367.595,0.038461538461538464,3.2575000000000003,0,🌱 Potential Customers
14881,20,1,255.4,255.4,316.0,17,1,0,0.0,United Kingdom,135.7,0.047619047619047616,255.4,3,⚠️ At Risk Customers
14882,27,2,589.7,294.85,79.0,6,2,7,0.7,United Kingdom,312.15000000000003,0.07142857142857142,73.7125,3,⚠️ At Risk Customers
14883,19,6,761.59,126.93166666666667,131.66666666666666,39,5,193,3.6538461538461537,United Kingdom,438.89500000000004,0.25,3.925721649484536,0,🌱 Potential Customers
14885,132,1,765.3199999999999,765.3199999999999,724.0,15,1,0,0.0,United Kingdom,379.46,0.007518796992481203,765.3199999999999,1,🏆 High Value Customers
14886,253,1,364.8,364.8,160.0,18,1,0,0.0,United Kingdom,167.1,0.003937007874015748,364.8,3,⚠️ At Risk Customers
14887,79,1,1862.0,1862.0,1100.0,6,1,0,0.0,United Kingdom,933.1,0.0125,1862.0,1,🏆 High Value Customers
14888,207,1,369.2,369.2,184.0,20,1,0,0.0,United Kingdom,173.89999999999998,0.004807692307692308,369.2,3,⚠️ At Risk Customers
14889,336,1,135.9,135.9,90.0,10,1,0,0.0,United Kingdom,44.35,0.002967359050445104,135.9,3,⚠️ At Risk Customers
14890,254,1,125.65,125.65,51.0,7,1,0,0.0,United Kingdom,47.425,0.00392156862745098,125.65,3,⚠️ At Risk Customers
14891,148,2,554.38,277.19,252.5,30,2,39,1.21875,United Kingdom,282.39,0.013422818791946308,13.8595,3,⚠️ At Risk Customers
14893,10,2,1237.8500000000001,618.925,399.5,72,2,2,0.027777777777777776,United Kingdom,637.9250000000001,0.18181818181818182,412.61666666666673,3,⚠️ At Risk Customers
14894,85,1,655.75,655.75,265.0,23,1,0,0.0,United Kingdom,329.375,0.011627906976744186,655.75,3,⚠️ At Risk Customers
14895,8,20,11138.710000000001,556.9355,242.55,273,20,282,0.5573440643863179,United Kingdom,5768.555,2.2222222222222223,39.359399293286224,2,💎 Premium Customers
14896,205,2,468.77000000000004,234.38500000000002,139.5,43,2,160,3.8095238095238093,United Kingdom,233.88500000000002,0.009708737864077669,2.9116149068322983,3,⚠️ At Risk Customers
14897,8,4,1366.38,341.595,117.0,43,4,289,5.333333333333333,United Kingdom,722.3900000000001,0.4444444444444444,4.711655172413794,0,🌱 Potential Customers
14898,23,6,1269.31,211.55166666666665,166.83333333333334,86,6,347,3.2037037037037037,United Kingdom,692.355,0.25,3.647442528735632,0,🌱 Potential Customers
14901,11,9,1421.29,157.92111111111112,73.44444444444444,73,9,361,3.7578947368421054,United Kingdom,799.545,0.75,3.9262154696132594,0,🌱 Potential Customers
14902,26,1,332.66,332.66,218.0,20,1,0,0.0,United Kingdom,173.73000000000002,0.037037037037037035,332.66,3,⚠️ At Risk Customers
14903,21,5,2795.33,559.066,306.2,227,5,257,0.7335243553008596,United Kingdom,1445.565,0.22727272727272727,10.834612403100776,0,🌱 Potential Customers
14904,2,2,1025.44,512.72,992.5,66,2,23,0.3382352941176471,United Kingdom,532.52,0.6666666666666666,42.72666666666667,0,🌱 Potential Customers
14905,158,2,616.15,308.07500000000005,143.5,14,2,76,4.75,United Kingdom,312.275,0.012578616352201259,8.001948051948052,3,⚠️ At Risk Customers
14907,3,7,3501.1,500.15714285714284,241.57142857142858,125,7,364,2.207317073170732,United Kingdom,1820.25,1.75,9.592054794520548,0,🌱 Potential Customers
14908,74,1,277.8,277.8,132.0,9,1,0,0.0,United Kingdom,141.5,0.013333333333333334,277.8,3,⚠️ At Risk Customers
14910,3,4,434.35,108.5875,59.5,25,4,51,1.7586206896551724,United Kingdom,256.875,1.0,8.352884615384616,3,⚠️ At Risk Customers
14911,1,201,143711.17,714.980945273632,399.2039800995025,1787,201,372,0.05186099841241842,EIRE,73865.485,100.5,385.2846380697051,2,💎 Premium Customers
14912,17,2,867.85,433.92499999999995,485.5,21,2,229,8.807692307692308,Italy,452.225,0.1111111111111111,3.7732608695652177,0,🌱 Potential Customers
14913,36,4,1227.43,306.8575,435.75,76,4,323,3.744186046511628,United Kingdom,650.115,0.10810810810810811,3.788364197530864,0,🌱 Potential Customers
14915,91,2,307.48,153.74,56.0,12,2,186,16.90909090909091,United Kingdom,164.64000000000001,0.021739130434782608,1.6442780748663102,0,🌱 Potential Customers
14916,71,4,1268.98,317.245,284.0,72,4,253,3.3026315789473686,United Kingdom,667.39,0.05555555555555555,4.995984251968504,0,🌱 Potential Customers
14918,116,2,1610.15,805.075,337.5,39,2,38,0.8636363636363636,United Kingdom,813.475,0.017094017094017096,41.28589743589744,3,⚠️ At Risk Customers
14920,213,2,977.77,488.885,254.5,57,2,0,0.0,United Kingdom,487.585,0.009345794392523364,977.77,3,⚠️ At Risk Customers
14921,30,2,1316.07,658.035,476.5,78,2,171,2.220779220779221,United Kingdom,675.035,0.06451612903225806,7.65156976744186,0,🌱 Potential Customers
14923,51,1,749.1,749.1,418.0,44,1,0,0.0,United Kingdom,379.45,0.019230769230769232,749.1,1,🏆 High Value Customers
14924,246,1,310.05,310.05,64.0,10,1,0,0.0,United Kingdom,140.425,0.004048582995951417,310.05,3,⚠️ At Risk Customers
14929,32,1,223.88,223.88,136.0,11,1,0,0.0,United Kingdom,118.74,0.030303030303030304,223.88,3,⚠️ At Risk Customers
14930,109,3,2362.96,787.6533333333333,386.6666666666667,116,3,165,1.3095238095238095,Channel Islands,1200.58,0.02727272727272727,14.234698795180723,0,🌱 Potential Customers
14931,5,5,1257.68,251.536,83.4,30,5,236,5.85,Channel Islands,678.34,0.8333333333333334,5.306666666666667,0,🌱 Potential Customers
14932,366,1,363.53,363.53,80.0,17,1,0,0.0,Channel Islands,155.165,0.0027247956403269754,363.53,3,⚠️ At Risk Customers
14934,82,2,1890.94,945.47,521.0,68,2,200,2.3255813953488373,Channel Islands,957.27,0.024096385542168676,9.40766169154229,0,🌱 Potential Customers
14935,297,1,1784.71,1784.71,935.0,10,1,0,0.0,Channel Islands,872.655,0.003355704697986577,1784.71,1,🏆 High Value Customers
14936,34,8,8137.02,1017.1274999999999,510.625,210,8,241,0.6611570247933884,Channel Islands,4145.110000000001,0.22857142857142856,33.62404958677686,0,🌱 Potential Customers
14937,57,3,1621.88,540.6266666666667,161.33333333333334,33,3,73,2.212121212121212,Channel Islands,835.24,0.05172413793103448,21.9172972972973,3,⚠️ At Risk Customers
14944,30,12,5900.25,491.68750000000006,234.58333333333334,101,11,266,1.5621301775147929,United Kingdom,3067.125,0.3548387096774194,22.098314606741575,0,🌱 Potential Customers
14946,14,1,100.9,100.9,22.0,3,1,0,0.0,United Kingdom,59.050000000000004,0.06666666666666667,100.9,3,⚠️ At Risk Customers
14947,72,2,290.82,145.41,89.5,14,2,58,4.461538461538462,United Kingdom,158.21,0.0273972602739726,4.929152542372881,3,⚠️ At Risk Customers
14948,23,6,1101.97,183.66166666666663,112.16666666666667,56,6,196,3.129032258064516,United Kingdom,608.6850000000001,0.25,5.593756345177665,0,🌱 Potential Customers
14950,19,1,371.2,371.2,136.0,19,1,0,0.0,United Kingdom,193.7,0.05,371.2,3,⚠️ At Risk Customers
14951,79,1,311.69,311.69,311.0,20,1,0,0.0,United Kingdom,157.945,0.0125,311.69,3,⚠️ At Risk Customers
14952,60,11,8099.49,736.3172727272728,305.0,117,11,304,2.204379562043796,United Kingdom,4153.745,0.18032786885245902,26.555704918032784,0,🌱 Potential Customers
14953,25,1,285.67,285.67,224.0,54,1,0,0.0,United Kingdom,150.335,0.038461538461538464,285.67,3,⚠️ At Risk Customers
14954,12,1,294.85,294.85,117.0,75,1,0,0.0,United Kingdom,156.22500000000002,0.07692307692307693,294.85,3,⚠️ At Risk Customers
14957,253,1,58.49,58.49,34.0,12,1,0,0.0,United Kingdom,13.945000000000004,0.003937007874015748,58.49,3,⚠️ At Risk Customers
14958,147,3,483.72999999999996,161.2433333333333,42.666666666666664,33,3,98,2.425,United Kingdom,257.165,0.02027027027027027,4.8861616161616155,3,⚠️ At Risk Customers
14959,64,4,695.42,173.855,123.5,37,4,232,3.9655172413793105,United Kingdom,381.31,0.06153846153846154,2.984635193133047,0,🌱 Potential Customers
14960,8,2,221.27,110.63499999999999,110.5,23,2,162,6.230769230769231,United Kingdom,129.83499999999998,0.2222222222222222,1.3574846625766872,0,🌱 Potential Customers
14961,11,9,7044.68,782.7422222222223,412.0,193,9,349,1.1093247588424437,United Kingdom,3611.2400000000002,0.75,20.127657142857142,0,🌱 Potential Customers
14962,271,1,126.7,126.7,44.0,5,1,0,0.0,United Kingdom,46.24999999999999,0.003676470588235294,126.7,3,⚠️ At Risk Customers
14963,10,5,1472.34,294.46799999999996,231.8,149,5,173,0.900523560209424,United Kingdom,785.17,0.45454545454545453,8.461724137931034,0,🌱 Potential Customers
14964,247,1,206.21,206.21,143.0,13,1,0,0.0,United Kingdom,88.405,0.004032258064516129,206.21,3,⚠️ At Risk Customers
14965,96,2,596.09,298.04499999999996,181.5,80,2,0,0.0,United Kingdom,308.445,0.020618556701030927,596.09,3,⚠️ At Risk Customers
14966,15,1,183.02,183.02,179.0,35,1,0,0.0,United Kingdom,100.01,0.0625,183.02,3,⚠️ At Risk Customers
14967,50,1,463.8,463.8,140.0,6,1,0,0.0,United Kingdom,236.9,0.0196078431372549,463.8,3,⚠️ At Risk Customers
14968,30,1,147.59,147.59,127.0,37,1,0,0.0,United Kingdom,80.795,0.03225806451612903,147.59,3,⚠️ At Risk Customers
14970,68,4,1592.06,398.015,62.5,24,4,248,7.484848484848484,United Kingdom,829.23,0.057971014492753624,6.3938152610441765,0,🌱 Potential Customers
14971,35,3,1097.98,365.99333333333334,213.0,144,3,8,0.05194805194805195,United Kingdom,575.49,0.08333333333333333,121.99777777777778,3,⚠️ At Risk Customers
14972,128,1,114.77,114.77,28.0,18,1,0,0.0,United Kingdom,54.584999999999994,0.007751937984496124,114.77,3,⚠️ At Risk Customers
14973,107,3,1314.45,438.15000000000003,123.0,29,3,118,3.774193548387097,United Kingdom,676.525,0.027777777777777776,11.045798319327732,3,⚠️ At Risk Customers
14974,37,1,89.94,89.94,37.0,17,1,0,0.0,United Kingdom,51.269999999999996,0.02631578947368421,89.94,3,⚠️ At Risk Customers
14975,57,1,279.94,279.94,380.0,11,1,0,0.0,United Kingdom,144.27,0.017241379310344827,279.94,3,⚠️ At Risk Customers
14976,57,7,790.86,112.98,33.42857142857143,47,7,269,3.7746478873239435,United Kingdom,459.73,0.1206896551724138,2.929111111111111,0,🌱 Potential Customers
14978,72,5,1921.3700000000001,384.274,104.6,136,5,258,1.2018779342723005,United Kingdom,1003.485,0.0684931506849315,7.418416988416989,0,🌱 Potential Customers
14981,246,1,102.12,102.12,97.0,8,1,0,0.0,United Kingdom,36.46,0.004048582995951417,102.12,3,⚠️ At Risk Customers
14984,19,2,202.37,101.185,29.0,37,2,161,4.2368421052631575,United Kingdom,119.285,0.1,1.2491975308641976,0,🌱 Potential Customers
14985,198,2,292.01,146.005,128.0,78,2,159,1.9390243902439024,United Kingdom,146.20499999999998,0.010050251256281407,1.8250625,3,⚠️ At Risk Customers
14987,16,2,326.4,163.2,64.0,2,2,349,116.33333333333333,United Kingdom,181.6,0.11764705882352941,0.9325714285714285,0,🌱 Potential Customers
14988,212,1,334.54,334.54,141.0,40,1,0,0.0,United Kingdom,156.07,0.004694835680751174,334.54,3,⚠️ At Risk Customers
14995,39,2,231.98000000000002,115.99000000000001,51.0,53,2,241,4.084745762711864,United Kingdom,132.09,0.05,0.9585950413223141,0,🌱 Potential Customers
14997,46,3,546.1999999999999,182.06666666666663,373.3333333333333,25,3,131,5.2,United Kingdom,298.49999999999994,0.06382978723404255,4.137878787878788,0,🌱 Potential Customers
14998,170,2,414.87,207.435,129.0,70,2,71,0.9726027397260274,United Kingdom,210.435,0.011695906432748537,5.762083333333333,3,⚠️ At Risk Customers
15000,48,1,490.52,490.52,218.0,76,1,0,0.0,United Kingdom,250.45999999999998,0.02040816326530612,490.52,3,⚠️ At Risk Customers
15002,116,4,1641.76,410.44,215.5,93,4,251,2.192982456140351,United Kingdom,849.28,0.03418803418803419,6.514920634920635,0,🌱 Potential Customers
15004,147,1,1220.77,1220.77,623.0,154,1,0,0.0,United Kingdom,605.685,0.006756756756756757,1220.77,1,🏆 High Value Customers
15005,16,28,6295.37,224.83464285714285,151.07142857142858,360,29,350,0.30423042304230424,United Kingdom,3426.085,1.7058823529411764,17.935527065527065,2,💎 Premium Customers
15006,51,1,480.38,480.38,286.0,121,1,0,0.0,United Kingdom,245.09,0.019230769230769232,480.38,3,⚠️ At Risk Customers
15007,159,1,156.91,156.91,69.0,12,1,0,0.0,United Kingdom,72.55499999999999,0.00625,156.91,3,⚠️ At Risk Customers
15009,12,3,1259.43,419.81,213.0,148,3,12,0.0670391061452514,United Kingdom,658.515,0.23076923076923078,96.87923076923077,0,🌱 Potential Customers
15010,36,1,308.94,308.94,184.0,20,1,0,0.0,United Kingdom,160.87,0.02702702702702703,308.94,3,⚠️ At Risk Customers
15012,54,2,405.04,202.51999999999998,112.5,110,2,319,2.6363636363636362,United Kingdom,217.12,0.03636363636363636,1.2657500000000002,0,🌱 Potential Customers
15014,43,2,257.67,128.83499999999998,74.5,29,2,133,4.15625,United Kingdom,144.535,0.045454545454545456,1.9229104477611942,3,⚠️ At Risk Customers
15016,173,1,170.04,170.04,76.0,20,1,0,0.0,United Kingdom,77.72,0.005747126436781609,170.04,3,⚠️ At Risk Customers
15017,34,1,125.58,125.58,63.0,20,1,0,0.0,United Kingdom,69.38999999999999,0.02857142857142857,125.58,3,⚠️ At Risk Customers
15018,39,3,496.21000000000004,165.40333333333334,63.0,30,3,329,10.933333333333334,United Kingdom,274.20500000000004,0.075,1.5036666666666667,0,🌱 Potential Customers
15019,267,1,252.81,252.81,150.0,64,1,0,0.0,United Kingdom,109.705,0.0037313432835820895,252.81,3,⚠️ At Risk Customers
15021,9,9,1871.77,207.97444444444443,91.0,287,9,357,0.7968397291196389,United Kingdom,1024.985,0.9,5.22840782122905,0,🌱 Potential Customers
15022,12,4,852.39,213.0975,131.75,96,4,35,0.2833333333333333,United Kingdom,464.995,0.3076923076923077,23.6775,0,🌱 Potential Customers
15023,3,11,6720.41,610.9463636363636,257.0,347,11,366,0.6557971014492754,United Kingdom,3469.9049999999997,2.75,18.31174386920981,2,💎 Premium Customers
15024,10,10,1636.43,163.643,90.2,105,10,357,2.3509933774834435,United Kingdom,917.215,0.9090909090909091,4.5710335195530725,0,🌱 Potential Customers
15025,33,1,361.96,361.96,184.0,66,1,0,0.0,United Kingdom,187.67999999999998,0.029411764705882353,361.96,3,⚠️ At Risk Customers
15026,80,3,469.0,156.33333333333334,95.0,57,3,197,3.2666666666666666,United Kingdom,256.5,0.037037037037037035,2.3686868686868685,0,🌱 Potential Customers
15027,31,4,1066.1499999999999,266.5375,141.25,30,4,207,6.0588235294117645,United Kingdom,569.9749999999999,0.125,5.125721153846153,0,🌱 Potential Customers
15028,8,4,627.13,156.7825,114.75,35,4,360,7.638297872340425,United Kingdom,352.765,0.4444444444444444,1.737202216066482,0,🌱 Potential Customers
15030,72,2,518.28,259.14,186.0,7,2,196,32.666666666666664,United Kingdom,271.94,0.0273972602739726,2.6308629441624363,0,🌱 Potential Customers
15031,4,4,653.19,163.2975,100.0,74,4,277,2.541284403669725,United Kingdom,366.19500000000005,0.8,2.349604316546763,0,🌱 Potential Customers
15032,256,3,4959.1,1653.0333333333335,989.3333333333334,29,3,110,2.156862745098039,United Kingdom,2483.9500000000003,0.011673151750972763,44.67657657657658,1,🏆 High Value Customers
15033,5,10,2557.18,255.718,167.2,315,10,324,0.638,United Kingdom,1378.09,1.6666666666666667,7.868246153846154,0,🌱 Potential Customers
15034,16,8,4274.16,534.27,301.625,299,8,338,0.8611825192802056,United Kingdom,2215.48,0.47058823529411764,12.608141592920354,0,🌱 Potential Customers
15035,90,1,252.73000000000002,252.73000000000002,245.0,26,1,0,0.0,United Kingdom,127.36500000000001,0.01098901098901099,252.73000000000002,3,⚠️ At Risk Customers
15036,72,3,429.56,143.18666666666667,105.33333333333333,107,3,107,0.9067796610169492,United Kingdom,237.58,0.0410958904109589,3.9774074074074073,0,🌱 Potential Customers
15038,59,6,685.74,114.29,35.333333333333336,105,6,311,2.4919354838709675,United Kingdom,396.97,0.1,2.1978846153846154,0,🌱 Potential Customers
15039,10,47,19766.59,420.5657446808511,194.27659574468086,408,47,359,0.22967479674796748,United Kingdom,10352.295,4.2727272727272725,54.90719444444444,2,💎 Premium Customers
15041,170,1,179.93,179.93,103.0,66,1,0,0.0,United Kingdom,82.965,0.005847953216374269,179.93,3,⚠️ At Risk Customers
15042,199,1,135.93,135.93,30.0,5,1,0,0.0,United Kingdom,58.065,0.005,135.93,3,⚠️ At Risk Customers
15043,31,1,537.0,537.0,300.0,3,1,0,0.0,United Kingdom,275.4,0.03125,537.0,3,⚠️ At Risk Customers
15044,19,17,7634.7300000000005,449.1017647058824,163.8235294117647,233,17,342,0.7562076749435666,United Kingdom,3985.465,0.85,22.258688046647233,2,💎 Premium Customers
15045,152,2,735.66,367.83,57.0,11,2,105,9.545454545454545,United Kingdom,372.63,0.013071895424836602,6.940188679245283,3,⚠️ At Risk Customers
15046,9,15,5090.42,339.36133333333333,224.8,147,15,329,1.61,United Kingdom,2694.31,1.5,15.425515151515151,0,🌱 Potential Customers
15047,270,1,343.62,343.62,222.0,22,1,0,0.0,United Kingdom,154.81,0.0036900369003690036,343.62,3,⚠️ At Risk Customers
15048,65,4,381.0,95.25,48.0,86,4,303,3.236559139784946,United Kingdom,224.0,0.06060606060606061,1.2532894736842106,0,🌱 Potential Customers
15049,274,1,121.17000000000002,121.17000000000002,63.0,3,1,0,0.0,United Kingdom,43.185,0.0036363636363636364,121.17000000000002,3,⚠️ At Risk Customers
15050,25,3,1737.69,579.23,405.3333333333333,68,3,46,0.6133333333333333,United Kingdom,896.345,0.11538461538461539,36.97212765957447,0,🌱 Potential Customers
15051,23,3,1383.3600000000001,461.11999999999995,336.6666666666667,130,3,127,0.8936170212765957,United Kingdom,719.3800000000001,0.125,10.807500000000001,0,🌱 Potential Customers
15052,319,1,207.73000000000002,207.73000000000002,79.0,27,1,0,0.0,United Kingdom,81.965,0.003125,207.73000000000002,3,⚠️ At Risk Customers
15053,5,3,693.95,231.3166666666667,328.0,49,3,277,4.0588235294117645,United Kingdom,376.475,0.5,2.496223021582734,0,🌱 Potential Customers
15054,12,2,302.1,151.05,99.0,105,2,28,0.24778761061946902,United Kingdom,169.85000000000002,0.15384615384615385,10.417241379310346,3,⚠️ At Risk Customers
15057,275,2,1489.5,744.75,334.0,25,2,40,1.6666666666666667,United Kingdom,737.25,0.007246376811594203,36.329268292682926,3,⚠️ At Risk Customers
15058,25,11,2102.54,191.14,95.81818181818181,199,11,286,1.0716981132075472,United Kingdom,1158.77,0.4230769230769231,7.325923344947735,0,🌱 Potential Customers
15059,41,9,1337.72,148.63555555555556,67.11111111111111,161,9,293,1.228813559322034,United Kingdom,754.76,0.21428571428571427,4.550068027210885,0,🌱 Potential Customers
15060,8,4,294.25,73.5625,64.25,81,4,0,0.0,United Kingdom,186.325,0.4444444444444444,294.25,3,⚠️ At Risk Customers
15061,4,48,54534.14,1136.1279166666666,602.5,70,46,368,0.8855721393034826,United Kingdom,27746.67,9.2,147.7889972899729,2,💎 Premium Customers
15062,71,4,987.86,246.965,190.75,47,4,288,5.107142857142857,United Kingdom,526.83,0.05555555555555555,3.4182006920415224,0,🌱 Potential Customers
15063,213,1,370.79999999999995,370.79999999999995,56.0,5,1,0,0.0,United Kingdom,174.09999999999997,0.004672897196261682,370.79999999999995,3,⚠️ At Risk Customers
15065,38,4,3158.13,789.5325,345.75,148,4,253,1.6363636363636365,United Kingdom,1615.265,0.10256410256410256,12.433582677165354,0,🌱 Potential Customers
15066,53,1,893.59,893.59,317.0,42,1,0,0.0,United Kingdom,451.495,0.018518518518518517,893.59,1,🏆 High Value Customers
15067,78,3,1744.76,581.5866666666666,318.0,82,3,204,2.5185185185185186,United Kingdom,894.58,0.0379746835443038,8.511024390243902,0,🌱 Potential Customers
15068,46,2,553.36,276.67999999999995,182.0,96,2,210,2.0388349514563107,United Kingdom,292.08,0.0425531914893617,2.622559241706161,0,🌱 Potential Customers
15069,179,1,1109.53,1109.53,520.0,70,1,0,0.0,United Kingdom,546.865,0.005555555555555556,1109.53,1,🏆 High Value Customers
15070,373,1,106.2,106.2,36.0,1,1,0,0.0,United Kingdom,25.799999999999997,0.00267379679144385,106.2,3,⚠️ At Risk Customers
15071,94,2,982.07,491.0350000000001,134.5,25,2,182,7.28,United Kingdom,501.63500000000005,0.021052631578947368,5.366502732240438,0,🌱 Potential Customers
15073,10,3,1043.41,347.80333333333334,163.66666666666666,31,3,177,3.3207547169811322,United Kingdom,550.705,0.2727272727272727,5.86185393258427,0,🌱 Potential Customers
15074,105,1,735.67,735.67,431.0,41,1,0,0.0,United Kingdom,367.335,0.009433962264150943,735.67,1,🏆 High Value Customers
15075,78,1,773.03,773.03,447.0,27,1,0,0.0,United Kingdom,388.715,0.012658227848101266,773.03,1,🏆 High Value Customers
15076,173,1,880.85,880.85,571.0,49,1,0,0.0,United Kingdom,433.125,0.005747126436781609,880.85,1,🏆 High Value Customers
15078,7,32,9743.11,304.4721875,159.53125,97,30,361,0.7995444191343963,United Kingdom,5190.8550000000005,3.75,26.914668508287296,2,💎 Premium Customers
15079,213,4,895.61,223.9025,97.25,46,4,153,3.3043478260869565,United Kingdom,466.505,0.018691588785046728,5.815649350649351,3,⚠️ At Risk Customers
15081,22,5,504.8,100.96000000000001,38.0,26,5,345,10.6875,United Kingdom,300.2,0.21739130434782608,1.4589595375722544,0,🌱 Potential Customers
15083,257,1,88.2,88.2,38.0,5,1,0,0.0,United Kingdom,28.4,0.003875968992248062,88.2,3,⚠️ At Risk Customers
15087,282,1,306.94,306.94,470.0,15,1,0,0.0,United Kingdom,135.26999999999998,0.0035335689045936395,306.94,3,⚠️ At Risk Customers
15088,21,2,1160.07,580.0350000000001,230.0,53,2,45,0.8035714285714286,United Kingdom,597.935,0.09090909090909091,25.21891304347826,3,⚠️ At Risk Customers
15089,10,6,2420.84,403.47333333333336,226.5,139,6,118,0.8055555555555556,United Kingdom,1269.42,0.5454545454545454,20.343193277310924,0,🌱 Potential Customers
15090,308,1,381.32,381.32,208.0,23,1,0,0.0,United Kingdom,169.85999999999999,0.003236245954692557,381.32,3,⚠️ At Risk Customers
15091,68,1,480.71,480.71,346.0,30,1,0,0.0,United Kingdom,243.55499999999998,0.014492753623188406,480.71,3,⚠️ At Risk Customers
15092,215,2,457.81,228.90500000000003,67.5,23,2,68,2.72,United Kingdom,227.405,0.009259259259259259,6.634927536231884,3,⚠️ At Risk Customers
15093,18,6,4597.02,766.1700000000001,626.6666666666666,52,6,353,3.2803738317757007,United Kingdom,2356.71,0.3157894736842105,12.985932203389831,0,🌱 Potential Customers
15095,104,4,1370.6,342.65,269.75,30,4,99,2.152173913043478,United Kingdom,714.9,0.0380952380952381,13.706,3,⚠️ At Risk Customers
15096,43,1,219.39000000000001,219.39000000000001,120.0,11,1,0,0.0,United Kingdom,115.39500000000001,0.022727272727272728,219.39000000000001,3,⚠️ At Risk Customers
15097,4,1,248.08,248.08,170.0,25,1,0,0.0,United Kingdom,133.64000000000001,0.2,248.08,3,⚠️ At Risk Customers
15098,182,3,39916.5,13305.5,40.333333333333336,1,3,0,0.0,United Kingdom,19970.05,0.01639344262295082,39916.5,1,🏆 High Value Customers
15099,84,1,410.48,410.48,343.0,23,1,0,0.0,United Kingdom,206.84,0.011764705882352941,410.48,3,⚠️ At Risk Customers
15100,334,3,876.0,292.0,26.666666666666668,1,3,40,19.5,United Kingdom,434.6,0.008955223880597015,21.365853658536587,3,⚠️ At Risk Customers
15101,9,2,317.53,158.765,120.5,8,2,350,50.0,United Kingdom,177.86499999999998,0.2,0.9046438746438745,0,🌱 Potential Customers
15103,31,2,703.36,351.68,164.5,35,2,55,1.6176470588235294,United Kingdom,368.58,0.0625,12.56,3,⚠️ At Risk Customers
15104,197,2,993.54,496.77,317.5,66,2,85,1.2878787878787878,United Kingdom,497.07,0.010101010101010102,11.552790697674418,3,⚠️ At Risk Customers
15105,18,7,2298.93,328.4185714285714,173.0,90,7,116,1.15,United Kingdom,1217.665,0.3684210526315789,19.648974358974357,0,🌱 Potential Customers
15106,18,5,1422.52,284.504,236.2,90,5,251,2.515151515151515,United Kingdom,759.46,0.2631578947368421,5.644920634920635,0,🌱 Potential Customers
15107,311,6,319.5,53.25,28.166666666666668,12,6,61,3.933333333333333,United Kingdom,188.65,0.019230769230769232,5.153225806451613,3,⚠️ At Risk Customers
15108,142,4,1300.25,325.0625,124.75,50,4,85,1.4406779661016949,European Community,675.925,0.027972027972027972,15.119186046511627,3,⚠️ At Risk Customers
15109,246,1,484.95,484.95,131.0,28,1,0,0.0,United Kingdom,227.875,0.004048582995951417,484.95,3,⚠️ At Risk Customers
15110,24,4,996.1,249.025,61.5,17,4,294,8.647058823529411,United Kingdom,535.65,0.16,3.3766101694915256,0,🌱 Potential Customers
15111,29,3,1567.48,522.4933333333333,236.66666666666666,70,3,343,4.120481927710843,United Kingdom,810.84,0.1,4.556627906976744,0,🌱 Potential Customers
15113,10,3,3509.43,1169.81,781.3333333333334,77,3,44,0.4479166666666667,United Kingdom,1783.715,0.2727272727272727,77.98733333333332,1,🏆 High Value Customers
15114,30,10,2760.56,276.056,309.6,136,10,271,1.3622448979591837,United Kingdom,1477.28,0.3225806451612903,10.149117647058823,0,🌱 Potential Customers
15115,18,1,340.11,340.11,157.0,21,1,0,0.0,United Kingdom,178.255,0.05263157894736842,340.11,3,⚠️ At Risk Customers
15116,18,4,1352.75,338.1875,162.0,37,4,187,4.25,United Kingdom,714.575,0.21052631578947367,7.195478723404255,0,🌱 Potential Customers
15117,15,5,1551.78,310.356,389.6,63,5,200,2.5384615384615383,United Kingdom,824.39,0.3125,7.720298507462687,0,🌱 Potential Customers
15118,134,1,244.8,244.8,1440.0,1,1,0,0.0,United Kingdom,119.0,0.007407407407407408,244.8,1,🏆 High Value Customers
15119,246,1,266.4,266.4,88.0,14,1,0,0.0,United Kingdom,118.6,0.004048582995951417,266.4,3,⚠️ At Risk Customers
15120,134,1,358.82,358.82,296.0,21,1,0,0.0,United Kingdom,176.01,0.007407407407407408,358.82,3,⚠️ At Risk Customers
15121,50,2,457.72,228.85999999999999,99.5,28,2,238,8.814814814814815,United Kingdom,243.86,0.0392156862745098,1.9151464435146444,0,🌱 Potential Customers
15122,114,3,1633.78,544.5933333333334,266.6666666666667,65,3,183,2.246913580246914,United Kingdom,835.49,0.02608695652173913,8.879239130434783,0,🌱 Potential Customers
15123,7,2,2199.31,1099.655,597.5,93,2,198,1.8857142857142857,United Kingdom,1118.955,0.25,11.05180904522613,0,🌱 Potential Customers
15124,23,2,184.19,92.095,116.5,14,2,169,12.071428571428571,United Kingdom,109.795,0.08333333333333333,1.0834705882352942,0,🌱 Potential Customers
15125,25,15,11528.48,768.5653333333333,412.8666666666667,102,15,245,1.9285714285714286,United Kingdom,5911.74,0.5769230769230769,46.86373983739837,2,💎 Premium Customers
15127,66,1,406.53,406.53,251.0,16,1,0,0.0,United Kingdom,206.665,0.014925373134328358,406.53,3,⚠️ At Risk Customers
15128,60,4,1471.0,367.75,335.75,74,4,159,1.5544554455445545,United Kingdom,769.5,0.06557377049180328,9.19375,0,🌱 Potential Customers
15129,50,11,3447.4,313.40000000000003,163.0909090909091,54,10,241,2.8433734939759034,United Kingdom,1828.7,0.19607843137254902,14.245454545454546,0,🌱 Potential Customers
15130,170,1,330.11,330.11,197.0,22,1,0,0.0,United Kingdom,158.055,0.005847953216374269,330.11,3,⚠️ At Risk Customers
15132,18,5,977.9300000000001,195.586,135.8,49,5,244,4.764705882352941,United Kingdom,537.1650000000001,0.2631578947368421,3.9915510204081635,0,🌱 Potential Customers
15133,128,3,982.42,327.47333333333336,226.66666666666666,27,3,174,6.178571428571429,United Kingdom,508.41,0.023255813953488372,5.613828571428571,0,🌱 Potential Customers
15134,15,8,1387.99,173.49875,110.875,44,8,225,3.0833333333333335,United Kingdom,772.495,0.5,6.141548672566372,0,🌱 Potential Customers
15135,239,1,139.05,139.05,43.0,9,1,0,0.0,United Kingdom,55.625,0.004166666666666667,139.05,3,⚠️ At Risk Customers
15136,3,4,1286.7,321.675,194.0,61,3,93,1.3880597014925373,United Kingdom,683.0500000000001,0.75,13.688297872340426,0,🌱 Potential Customers
15139,240,2,178.96,89.48,104.0,13,2,96,8.0,United Kingdom,85.48,0.008298755186721992,1.8449484536082474,3,⚠️ At Risk Customers
15140,52,7,2354.25,336.32142857142856,224.57142857142858,74,7,211,2.6582278481012658,United Kingdom,1241.925,0.1320754716981132,11.10495283018868,0,🌱 Potential Customers
15142,46,1,498.74,498.74,365.0,26,1,0,0.0,United Kingdom,254.77,0.02127659574468085,498.74,3,⚠️ At Risk Customers
15143,226,1,259.45,259.45,150.0,14,1,0,0.0,United Kingdom,117.125,0.004405286343612335,259.45,3,⚠️ At Risk Customers
15144,8,17,6580.44,387.084705882353,179.41176470588235,132,17,304,1.3703703703703705,United Kingdom,3459.4199999999996,1.8888888888888888,21.575213114754096,2,💎 Premium Customers
15145,4,4,1194.73,298.6825,189.0,54,4,244,3.6818181818181817,United Kingdom,636.965,0.8,4.876448979591837,0,🌱 Potential Customers
15146,165,2,1327.16,663.58,736.5,90,2,126,1.4,United Kingdom,667.08,0.012048192771084338,10.450078740157482,0,🌱 Potential Customers
15147,240,1,623.5,623.5,366.0,28,1,0,0.0,United Kingdom,297.75,0.004149377593360996,623.5,3,⚠️ At Risk Customers
15148,11,1,301.29,301.29,187.0,20,1,0,0.0,United Kingdom,159.54500000000002,0.08333333333333333,301.29,3,⚠️ At Risk Customers
15149,134,1,520.8000000000001,520.8000000000001,128.0,23,1,0,0.0,United Kingdom,257.00000000000006,0.007407407407407408,520.8000000000001,3,⚠️ At Risk Customers
15150,17,10,5291.33,529.133,364.2,282,10,251,0.7294117647058823,United Kingdom,2743.965,0.5555555555555556,20.997341269841268,0,🌱 Potential Customers
15152,10,13,4745.69,365.05307692307696,208.0,196,13,177,0.6333333333333333,United Kingdom,2501.845,1.1818181818181819,26.661179775280896,0,🌱 Potential Customers
15153,31,1,329.25,329.25,198.0,22,1,0,0.0,United Kingdom,171.525,0.03125,329.25,3,⚠️ At Risk Customers
15154,75,1,254.28,254.28,89.0,66,1,0,0.0,United Kingdom,129.64,0.013157894736842105,254.28,3,⚠️ At Risk Customers
15156,1,3,961.49,320.49666666666667,199.0,51,3,32,0.5740740740740741,United Kingdom,510.645,1.5,29.136060606060607,3,⚠️ At Risk Customers
15157,4,3,1936.07,645.3566666666667,797.3333333333334,125,3,354,2.846774193548387,United Kingdom,997.635,0.6,5.453718309859155,0,🌱 Potential Customers
15158,45,1,401.40000000000003,401.40000000000003,198.0,7,1,0,0.0,United Kingdom,206.20000000000002,0.021739130434782608,401.40000000000003,3,⚠️ At Risk Customers
15159,2,30,18641.010000000002,621.3670000000001,381.3666666666667,363,30,359,0.4936530324400564,United Kingdom,9620.305,10.0,51.78058333333334,2,💎 Premium Customers
15160,357,1,158.16,158.16,84.0,4,1,0,0.0,United Kingdom,53.379999999999995,0.002793296089385475,158.16,3,⚠️ At Risk Customers
15163,18,2,304.47,152.235,93.0,29,2,173,6.178571428571429,United Kingdom,170.435,0.10526315789473684,1.7498275862068966,0,🌱 Potential Customers
15164,69,3,824.58,274.86,117.0,79,3,270,2.69,United Kingdom,435.39000000000004,0.04285714285714286,3.0427306273062733,0,🌱 Potential Customers
15165,373,1,487.75,487.75,160.0,27,1,0,0.0,United Kingdom,216.575,0.00267379679144385,487.75,3,⚠️ At Risk Customers
15167,321,1,158.8,158.8,65.0,39,1,0,0.0,United Kingdom,57.300000000000004,0.003105590062111801,158.8,3,⚠️ At Risk Customers
15168,26,1,106.56,106.56,52.0,5,1,0,0.0,United Kingdom,60.68,0.037037037037037035,106.56,3,⚠️ At Risk Customers
15171,331,1,1289.5,1289.5,290.0,5,1,0,0.0,United Kingdom,621.65,0.0030120481927710845,1289.5,1,🏆 High Value Customers
15172,9,5,1624.05,324.81,322.2,106,5,227,2.073394495412844,United Kingdom,861.125,0.5,7.123026315789473,0,🌱 Potential Customers
15174,323,1,135.75,135.75,145.0,11,1,0,0.0,United Kingdom,45.574999999999996,0.0030864197530864196,135.75,3,⚠️ At Risk Customers
15175,72,1,224.14,224.14,454.0,23,1,0,0.0,United Kingdom,114.86999999999999,0.0136986301369863,224.14,3,⚠️ At Risk Customers
15178,260,1,40.5,40.5,30.0,3,1,0,0.0,United Kingdom,4.25,0.0038314176245210726,40.5,3,⚠️ At Risk Customers
15179,18,5,2206.95,441.39,387.6,91,5,300,3.260869565217391,United Kingdom,1151.675,0.2631578947368421,7.332059800664451,0,🌱 Potential Customers
15180,367,1,87.5,87.5,36.0,6,1,0,0.0,United Kingdom,17.049999999999997,0.002717391304347826,87.5,3,⚠️ At Risk Customers
15181,66,3,689.4799999999999,229.82666666666668,181.33333333333334,11,3,203,13.533333333333333,United Kingdom,368.13999999999993,0.04477611940298507,3.379803921568627,0,🌱 Potential Customers
15182,154,2,622.85,311.425,126.5,24,2,114,4.071428571428571,United Kingdom,316.02500000000003,0.012903225806451613,5.416086956521739,3,⚠️ At Risk Customers
15184,29,2,402.2,201.10000000000002,99.5,59,2,161,2.639344262295082,United Kingdom,218.2,0.06666666666666667,2.482716049382716,0,🌱 Potential Customers
15185,70,1,310.62,310.62,666.0,21,1,0,0.0,United Kingdom,158.31,0.014084507042253521,310.62,3,⚠️ At Risk Customers
15186,14,2,411.41,205.70499999999998,107.5,17,2,154,8.555555555555555,United Kingdom,224.305,0.13333333333333333,2.6542580645161293,0,🌱 Potential Customers
15187,2,16,4777.18,298.57375,117.9375,61,16,210,2.2666666666666666,United Kingdom,2548.3900000000003,5.333333333333333,22.640663507109007,2,💎 Premium Customers
15189,1,41,16225.39,395.74121951219513,149.97560975609755,80,41,331,1.4786729857819905,United Kingdom,8522.595,20.5,48.871656626506024,2,💎 Premium Customers
15192,120,3,1044.32,348.1066666666666,306.0,36,3,245,4.9,United Kingdom,540.16,0.024793388429752067,4.24520325203252,0,🌱 Potential Customers
15193,61,1,499.32,499.32,144.0,19,1,0,0.0,United Kingdom,253.55999999999997,0.016129032258064516,499.32,3,⚠️ At Risk Customers
15194,3,15,7616.53,507.76866666666666,380.2,209,15,365,1.161812297734628,United Kingdom,3957.9649999999997,3.75,20.8101912568306,2,💎 Premium Customers
15195,3,1,3861.0,3861.0,1404.0,1,1,0,0.0,United Kingdom,1940.2,0.25,3861.0,1,🏆 High Value Customers
15197,11,3,1079.6100000000001,359.87000000000006,156.33333333333334,30,3,347,11.161290322580646,United Kingdom,568.705,0.25,3.102327586206897,0,🌱 Potential Customers
15198,92,2,193.64,96.82,60.0,10,2,31,3.4444444444444446,United Kingdom,107.61999999999999,0.021505376344086023,6.05125,3,⚠️ At Risk Customers
15199,59,4,1268.7,317.17499999999995,99.0,5,4,249,20.583333333333332,United Kingdom,668.45,0.06666666666666667,5.0748,0,🌱 Potential Customers
15201,87,5,1236.54,247.308,242.0,35,5,160,2.338235294117647,United Kingdom,659.5699999999999,0.056818181818181816,7.680372670807453,0,🌱 Potential Customers
15203,26,6,1827.8,304.6333333333333,292.1666666666667,82,6,285,2.00709219858156,United Kingdom,971.3,0.2222222222222222,6.390909090909091,0,🌱 Potential Customers
15204,357,1,316.58,316.58,258.0,9,1,0,0.0,United Kingdom,132.58999999999997,0.002793296089385475,316.58,3,⚠️ At Risk Customers
15205,85,2,653.24,326.62,189.0,37,2,42,1.1666666666666667,United Kingdom,338.12,0.023255813953488372,15.191627906976745,3,⚠️ At Risk Customers
15206,10,4,420.29999999999995,105.075,40.5,3,4,265,33.125,United Kingdom,249.14999999999998,0.36363636363636365,1.5800751879699246,0,🌱 Potential Customers
15208,1,5,870.12,174.024,63.2,25,5,352,8.560975609756097,United Kingdom,484.96,2.5,2.464929178470255,0,🌱 Potential Customers
15210,225,1,331.18,331.18,228.0,20,1,0,0.0,United Kingdom,153.09,0.004424778761061947,331.18,3,⚠️ At Risk Customers
15211,60,2,894.4100000000001,447.20500000000004,120.0,52,2,304,5.96078431372549,United Kingdom,461.20500000000004,0.03278688524590164,2.9324918032786886,0,🌱 Potential Customers
15212,241,1,101.8,101.8,36.0,5,1,0,0.0,United Kingdom,36.8,0.004132231404958678,101.8,3,⚠️ At Risk Customers
15213,319,2,328.35,164.17499999999998,136.0,22,2,11,0.4782608695652174,United Kingdom,152.275,0.00625,27.3625,3,⚠️ At Risk Customers
15214,2,8,1661.44,207.68,156.75,109,8,241,2.18348623853211,United Kingdom,910.52,2.6666666666666665,6.865454545454545,0,🌱 Potential Customers
15215,47,3,734.94,244.98000000000002,75.0,33,3,49,1.4411764705882353,United Kingdom,392.77000000000004,0.0625,14.6988,3,⚠️ At Risk Customers
15216,88,1,96.6,96.6,28.0,2,1,0,0.0,United Kingdom,49.5,0.011235955056179775,96.6,3,⚠️ At Risk Customers
15218,11,11,5756.89,523.3536363636363,302.6363636363636,77,11,308,1.8484848484848484,United Kingdom,2987.3450000000003,0.9166666666666666,18.630711974110035,0,🌱 Potential Customers
15219,176,1,305.75,305.75,45.0,9,1,0,0.0,United Kingdom,145.275,0.005649717514124294,305.75,3,⚠️ At Risk Customers
15220,52,6,1778.96,296.49333333333334,232.16666666666666,110,6,229,1.9482758620689655,United Kingdom,944.28,0.11320754716981132,7.734608695652174,0,🌱 Potential Customers
15221,366,1,403.25,403.25,43.0,5,1,0,0.0,United Kingdom,175.025,0.0027247956403269754,403.25,3,⚠️ At Risk Customers
15222,319,1,585.0,585.0,440.0,5,1,0,0.0,United Kingdom,270.6,0.003125,585.0,3,⚠️ At Risk Customers
15223,226,2,755.75,377.875,106.5,14,2,23,1.2105263157894737,United Kingdom,375.275,0.00881057268722467,31.489583333333332,3,⚠️ At Risk Customers
15224,358,2,322.08,161.04000000000002,76.0,13,2,4,0.3076923076923077,United Kingdom,145.23999999999998,0.005571030640668524,64.416,3,⚠️ At Risk Customers
15225,234,1,409.40000000000003,409.40000000000003,226.0,23,1,0,0.0,United Kingdom,191.3,0.00425531914893617,409.40000000000003,3,⚠️ At Risk Customers
15226,311,1,154.41,154.41,71.0,8,1,0,0.0,United Kingdom,56.105,0.003205128205128205,154.41,3,⚠️ At Risk Customers
15227,37,5,1219.4,243.88000000000002,150.0,43,5,280,4.894736842105263,United Kingdom,656.0,0.13157894736842105,4.339501779359431,0,🌱 Potential Customers
15228,66,4,3386.71,846.6775,563.75,110,4,228,1.8306451612903225,United Kingdom,1726.755,0.05970149253731343,14.789126637554585,0,🌱 Potential Customers
15230,239,2,429.6,214.8,175.5,23,2,1,0.045454545454545456,United Kingdom,210.9,0.008333333333333333,214.8,3,⚠️ At Risk Customers
15232,113,2,612.06,306.03,343.0,26,2,27,0.9,United Kingdom,314.72999999999996,0.017543859649122806,21.85928571428571,3,⚠️ At Risk Customers
15234,277,1,197.0,197.0,196.0,14,1,0,0.0,United Kingdom,80.8,0.0035971223021582736,197.0,3,⚠️ At Risk Customers
15235,218,12,2247.51,187.29250000000002,110.33333333333333,132,11,155,1.0633802816901408,United Kingdom,1221.9550000000002,0.0502283105022831,14.407115384615386,0,🌱 Potential Customers
15236,299,1,321.05,321.05,269.0,15,1,0,0.0,United Kingdom,140.625,0.0033333333333333335,321.05,3,⚠️ At Risk Customers
15237,2,4,1412.32,353.08000000000004,267.75,94,4,225,2.2857142857142856,United Kingdom,745.9599999999999,1.3333333333333333,6.249203539823008,0,🌱 Potential Customers
15238,29,3,1071.99,357.33,230.66666666666666,49,3,154,3.122448979591837,United Kingdom,563.095,0.1,6.916064516129032,0,🌱 Potential Customers
15239,10,2,780.59,390.295,297.0,48,2,68,1.4166666666666667,United Kingdom,409.295,0.18181818181818182,11.312898550724638,3,⚠️ At Risk Customers
15240,45,5,1706.57,341.31399999999996,273.8,58,5,267,3.4545454545454546,United Kingdom,898.785,0.10869565217391304,6.367798507462687,0,🌱 Potential Customers
15241,67,8,1756.44,219.555,227.25,82,8,216,1.9541284403669725,United Kingdom,951.52,0.11764705882352941,8.094193548387096,0,🌱 Potential Customers
15243,74,1,316.68,316.68,185.0,22,1,0,0.0,United Kingdom,160.94,0.013333333333333334,316.68,3,⚠️ At Risk Customers
15244,65,2,631.57,315.78499999999997,202.5,31,2,182,5.515151515151516,United Kingdom,329.285,0.030303030303030304,3.45120218579235,0,🌱 Potential Customers
15245,134,3,2515.84,838.6133333333333,594.6666666666666,55,3,127,1.4318181818181819,United Kingdom,1274.52,0.022222222222222223,19.655,0,🌱 Potential Customers
15246,238,2,514.15,257.07500000000005,123.5,32,2,120,3.75,United Kingdom,253.27499999999998,0.008368200836820083,4.249173553719008,3,⚠️ At Risk Customers
15247,122,1,356.0,356.0,160.0,6,1,0,0.0,United Kingdom,175.8,0.008130081300813009,356.0,3,⚠️ At Risk Customers
15249,32,13,6688.46,514.496923076923,275.15384615384613,211,13,224,0.6303724928366762,United Kingdom,3471.03,0.3939393939393939,29.726488888888888,0,🌱 Potential Customers
15251,9,11,10484.99,953.180909090909,561.0,97,11,232,2.0727272727272728,United Kingdom,5351.595,1.1,44.99995708154506,2,💎 Premium Customers
15252,36,2,740.78,370.39,261.0,44,2,146,3.395348837209302,United Kingdom,386.78999999999996,0.05405405405405406,5.039319727891156,0,🌱 Potential Customers
15253,16,5,918.1999999999999,183.64,173.2,52,4,153,2.9423076923076925,United Kingdom,507.49999999999994,0.23529411764705882,5.962337662337662,0,🌱 Potential Customers
15254,127,1,300.36,300.36,275.0,18,1,0,0.0,United Kingdom,147.48000000000002,0.0078125,300.36,3,⚠️ At Risk Customers
15255,67,1,890.85,890.85,489.0,47,1,0,0.0,United Kingdom,448.725,0.014705882352941176,890.85,1,🏆 High Value Customers
15256,149,1,98.45,98.45,55.0,6,1,0,0.0,United Kingdom,44.325,0.006666666666666667,98.45,3,⚠️ At Risk Customers
15257,283,1,317.15,317.15,46.0,7,1,0,0.0,United Kingdom,140.27499999999998,0.0035211267605633804,317.15,3,⚠️ At Risk Customers
15258,169,2,623.16,311.58000000000004,71.0,32,2,48,1.4545454545454546,United Kingdom,314.68,0.011764705882352941,12.717551020408163,3,⚠️ At Risk Customers
15260,100,7,1810.77,258.68142857142857,126.42857142857143,62,6,272,3.539473684210526,United Kingdom,965.385,0.0594059405940594,6.632857142857143,0,🌱 Potential Customers
15261,135,1,254.82,254.82,270.0,19,1,0,0.0,United Kingdom,123.91,0.007352941176470588,254.82,3,⚠️ At Risk Customers
15262,324,1,178.95000000000002,178.95000000000002,73.0,10,1,0,0.0,United Kingdom,67.07500000000002,0.003076923076923077,178.95000000000002,3,⚠️ At Risk Customers
15263,107,1,156.51,156.51,89.0,12,1,0,0.0,United Kingdom,77.55499999999999,0.009259259259259259,156.51,3,⚠️ At Risk Customers
15264,64,1,393.74,393.74,265.0,23,1,0,0.0,United Kingdom,200.47,0.015384615384615385,393.74,3,⚠️ At Risk Customers
15265,151,2,1506.1200000000001,753.06,306.0,76,2,84,1.037037037037037,United Kingdom,757.96,0.013157894736842105,17.719058823529412,3,⚠️ At Risk Customers
15266,338,1,119.3,119.3,18.0,6,1,0,0.0,United Kingdom,35.85,0.0029498525073746312,119.3,3,⚠️ At Risk Customers
15267,22,5,1717.36,343.472,188.8,8,5,160,15.9,United Kingdom,906.4799999999999,0.21739130434782608,10.666832298136645,0,🌱 Potential Customers
15269,24,1,408.8,408.8,26.0,2,1,0,0.0,United Kingdom,212.0,0.04,408.8,3,⚠️ At Risk Customers
15270,16,7,2379.49,339.9271428571428,217.28571428571428,22,7,294,7.3,United Kingdom,1258.145,0.4117647058823529,8.066067796610168,0,🌱 Potential Customers
15271,7,15,2493.34,166.22266666666667,83.4,184,15,358,1.3307984790874525,United Kingdom,1395.97,1.875,6.9452367688022285,0,🌱 Potential Customers
15272,57,2,721.94,360.97,155.0,63,2,28,0.45161290322580644,United Kingdom,375.27000000000004,0.034482758620689655,24.89448275862069,3,⚠️ At Risk Customers
15274,4,2,716.57,358.285,309.5,44,2,14,0.30434782608695654,United Kingdom,377.88500000000005,0.4,47.77133333333334,3,⚠️ At Risk Customers
15275,38,1,615.14,615.14,498.0,41,1,0,0.0,United Kingdom,313.77,0.02564102564102564,615.14,1,🏆 High Value Customers
15276,66,1,128.63,128.63,61.0,49,1,0,0.0,United Kingdom,67.715,0.014925373134328358,128.63,3,⚠️ At Risk Customers
15277,47,1,255.89999999999998,255.89999999999998,205.0,12,1,0,0.0,United Kingdom,133.25,0.020833333333333332,255.89999999999998,3,⚠️ At Risk Customers
15279,355,1,290.51,290.51,189.0,19,1,0,0.0,United Kingdom,119.755,0.0028089887640449437,290.51,3,⚠️ At Risk Customers
15280,172,1,113.12,113.12,154.0,16,1,0,0.0,United Kingdom,49.36,0.005780346820809248,113.12,3,⚠️ At Risk Customers
15281,59,9,2332.15,259.1277777777778,134.55555555555554,121,9,274,1.9492753623188406,United Kingdom,1250.175,0.15,8.480545454545455,0,🌱 Potential Customers
15286,50,1,240.55,240.55,55.0,3,1,0,0.0,United Kingdom,125.275,0.0196078431372549,240.55,3,⚠️ At Risk Customers
15287,22,2,486.69,243.34500000000003,216.5,17,2,48,2.526315789473684,United Kingdom,261.14500000000004,0.08695652173913043,9.932448979591836,3,⚠️ At Risk Customers
15288,43,5,2306.52,461.304,155.0,80,5,322,3.67816091954023,United Kingdom,1198.96,0.11363636363636363,7.140928792569659,0,🌱 Potential Customers
15289,29,3,939.78,313.26,336.0,43,3,220,3.8421052631578947,United Kingdom,496.99,0.1,4.252398190045248,0,🌱 Potential Customers
15290,5,18,7943.22,441.29,250.05555555555554,93,18,354,1.7044334975369457,United Kingdom,4151.110000000001,3.0,22.375267605633802,2,💎 Premium Customers
15291,26,15,4668.3,311.22,140.2,62,15,348,3.3529411764705883,United Kingdom,2481.55,0.5555555555555556,13.37621776504298,0,🌱 Potential Customers
15292,201,1,178.39,178.39,55.0,24,1,0,0.0,United Kingdom,79.095,0.0049504950495049506,178.39,3,⚠️ At Risk Customers
15296,51,6,3672.86,612.1433333333333,294.3333333333333,137,6,275,1.4145077720207253,United Kingdom,1891.3300000000002,0.11538461538461539,13.307463768115943,0,🌱 Potential Customers
15297,10,3,641.94,213.98000000000002,97.33333333333333,30,3,53,1.394736842105263,United Kingdom,349.97,0.2727272727272727,11.887777777777778,3,⚠️ At Risk Customers
15298,2,12,4799.9,399.9916666666666,259.6666666666667,115,12,364,1.8848167539267016,United Kingdom,2519.75,4.0,13.150410958904109,2,💎 Premium Customers
15299,67,7,4507.01,643.8585714285715,421.14285714285717,7,7,304,50.5,United Kingdom,2316.8050000000003,0.10294117647058823,14.777081967213116,0,🌱 Potential Customers
15300,64,1,496.44,496.44,292.0,28,1,0,0.0,United Kingdom,251.82000000000002,0.015384615384615385,496.44,3,⚠️ At Risk Customers
15301,51,12,5049.95,420.82916666666665,229.25,167,12,317,1.2987551867219918,United Kingdom,2639.875,0.23076923076923078,15.880345911949686,0,🌱 Potential Customers
15303,290,1,574.02,574.02,248.0,31,1,0,0.0,United Kingdom,268.01,0.003436426116838488,574.02,3,⚠️ At Risk Customers
15304,61,8,694.4000000000001,86.8,13.0,8,8,307,13.863636363636363,United Kingdom,421.1,0.12903225806451613,2.254545454545455,0,🌱 Potential Customers
15306,64,3,1174.35,391.45,270.0,57,3,83,1.456140350877193,United Kingdom,610.775,0.046153846153846156,13.980357142857141,3,⚠️ At Risk Customers
15307,96,1,205.3,205.3,37.0,12,1,0,0.0,United Kingdom,103.05000000000001,0.010309278350515464,205.3,3,⚠️ At Risk Customers
15308,274,1,310.47,310.47,175.0,19,1,0,0.0,United Kingdom,137.835,0.0036363636363636364,310.47,3,⚠️ At Risk Customers
15311,1,91,60632.75,666.2939560439561,419.1978021978022,567,91,373,0.1365750528541226,United Kingdom,31226.275,45.5,162.11965240641712,2,💎 Premium Customers
15312,75,4,924.85,231.2125,129.0,42,4,279,6.021739130434782,United Kingdom,494.925,0.05263157894736842,3.3030357142857145,0,🌱 Potential Customers
15313,110,1,52.0,52.0,25.0,1,1,0,0.0,United Kingdom,25.0,0.009009009009009009,52.0,3,⚠️ At Risk Customers
15314,199,1,327.97,327.97,313.0,24,1,0,0.0,United Kingdom,154.085,0.005,327.97,3,⚠️ At Risk Customers
15315,64,2,570.5,285.25,431.0,35,2,51,1.4166666666666667,United Kingdom,298.85,0.03076923076923077,10.971153846153847,3,⚠️ At Risk Customers
15316,327,1,165.0,165.0,100.0,1,1,0,0.0,United Kingdom,59.8,0.003048780487804878,165.0,3,⚠️ At Risk Customers
15318,4,1,312.62,312.62,642.0,33,1,0,0.0,United Kingdom,165.91,0.2,312.62,3,⚠️ At Risk Customers
15319,284,1,204.5,204.5,175.0,16,1,0,0.0,United Kingdom,83.85,0.0035087719298245615,204.5,3,⚠️ At Risk Customers
15320,44,1,267.13,267.13,326.0,36,1,0,0.0,United Kingdom,139.165,0.022222222222222223,267.13,3,⚠️ At Risk Customers
15321,71,3,2748.31,916.1033333333334,393.6666666666667,83,3,220,2.3404255319148937,United Kingdom,1397.055,0.041666666666666664,12.43579185520362,0,🌱 Potential Customers
15322,86,1,679.68,679.68,416.0,42,1,0,0.0,United Kingdom,341.23999999999995,0.011494252873563218,679.68,1,🏆 High Value Customers
15325,104,1,161.74,161.74,231.0,47,1,0,0.0,United Kingdom,80.47,0.009523809523809525,161.74,3,⚠️ At Risk Customers
15326,334,1,311.71,311.71,386.0,29,1,0,0.0,United Kingdom,132.45499999999998,0.0029850746268656717,311.71,3,⚠️ At Risk Customers
15327,53,1,208.75,208.75,116.0,10,1,0,0.0,United Kingdom,109.075,0.018518518518518517,208.75,3,⚠️ At Risk Customers
15329,39,3,1049.7,349.90000000000003,162.0,51,3,132,2.357142857142857,United Kingdom,550.95,0.075,7.892481203007519,0,🌱 Potential Customers
15330,32,2,714.96,357.48,656.0,10,2,28,2.3333333333333335,United Kingdom,374.28000000000003,0.06060606060606061,24.653793103448276,3,⚠️ At Risk Customers
15332,366,4,1661.06,415.265,163.0,29,4,3,0.08823529411764706,Lithuania,833.93,0.010899182561307902,415.265,3,⚠️ At Risk Customers
15333,208,1,1028.56,1028.56,344.0,16,1,0,0.0,United Kingdom,503.47999999999996,0.004784688995215311,1028.56,1,🏆 High Value Customers
15334,157,3,350.82,116.94,91.0,67,3,16,0.16494845360824742,United Kingdom,189.71,0.0189873417721519,20.636470588235294,3,⚠️ At Risk Customers
15335,54,1,170.22,170.22,79.0,34,1,0,0.0,United Kingdom,89.71,0.01818181818181818,170.22,3,⚠️ At Risk Customers
15339,66,2,574.07,287.03499999999997,208.0,77,2,251,2.9529411764705884,United Kingdom,300.435,0.029850746268656716,2.278055555555556,0,🌱 Potential Customers
15341,81,1,2020.52,2020.52,812.0,17,1,0,0.0,United Kingdom,1012.16,0.012195121951219513,2020.52,1,🏆 High Value Customers
15342,130,1,406.09,406.09,283.0,24,1,0,0.0,United Kingdom,200.045,0.007633587786259542,406.09,3,⚠️ At Risk Customers
15343,87,1,364.5,364.5,84.0,21,1,0,0.0,United Kingdom,183.55,0.011363636363636364,364.5,3,⚠️ At Risk Customers
15344,1,3,563.94,187.98,38.666666666666664,21,3,73,2.92,United Kingdom,311.87,1.5,7.620810810810812,3,⚠️ At Risk Customers
15345,46,1,393.54,393.54,81.0,20,1,0,0.0,United Kingdom,202.17000000000002,0.02127659574468085,393.54,3,⚠️ At Risk Customers
15346,333,1,252.42000000000002,252.42000000000002,144.0,17,1,0,0.0,United Kingdom,102.91,0.0029940119760479044,252.42000000000002,3,⚠️ At Risk Customers
15347,366,1,201.60000000000002,201.60000000000002,130.0,5,1,0,0.0,United Kingdom,74.20000000000002,0.0027247956403269754,201.60000000000002,3,⚠️ At Risk Customers
15348,72,1,158.04,158.04,84.0,9,1,0,0.0,United Kingdom,81.82,0.0136986301369863,158.04,3,⚠️ At Risk Customers
15349,158,2,463.90999999999997,231.95499999999998,160.5,65,2,29,0.4142857142857143,United Kingdom,236.15499999999997,0.012578616352201259,15.463666666666665,3,⚠️ At Risk Customers
15350,373,1,115.65,115.65,51.0,5,1,0,0.0,United Kingdom,30.525,0.00267379679144385,115.65,3,⚠️ At Risk Customers
15351,12,7,1934.66,276.38,106.0,157,7,357,1.6192660550458715,United Kingdom,1036.1299999999999,0.5384615384615384,5.404078212290503,0,🌱 Potential Customers
15353,255,2,770.12,385.06,170.5,59,2,113,1.8833333333333333,United Kingdom,379.56,0.0078125,6.755438596491228,3,⚠️ At Risk Customers
15355,29,2,277.05,138.525,22.5,9,2,23,1.7692307692307692,United Kingdom,155.625,0.06666666666666667,11.543750000000001,3,⚠️ At Risk Customers
15356,31,10,2718.03,271.803,164.3,215,10,336,0.6686746987951807,United Kingdom,1455.9150000000002,0.3125,8.065370919881307,0,🌱 Potential Customers
15358,5,22,8347.2,379.41818181818184,320.45454545454544,292,21,360,0.6472727272727272,United Kingdom,4393.1,3.5,23.122437673130197,2,💎 Premium Customers
15360,40,1,427.93,427.93,223.0,13,1,0,0.0,United Kingdom,219.965,0.024390243902439025,427.93,3,⚠️ At Risk Customers
15361,362,1,418.92,418.92,336.0,7,1,0,0.0,United Kingdom,183.26,0.0027548209366391185,418.92,3,⚠️ At Risk Customers
15363,373,1,326.0,326.0,144.0,16,1,0,0.0,United Kingdom,135.7,0.00267379679144385,326.0,3,⚠️ At Risk Customers
15364,96,2,913.19,456.595,246.5,29,2,158,5.642857142857143,United Kingdom,466.995,0.020618556701030927,5.743333333333334,0,🌱 Potential Customers
15365,26,7,2314.32,330.6171428571429,154.85714285714286,65,7,289,2.5486725663716814,United Kingdom,1224.5600000000002,0.25925925925925924,7.980413793103449,0,🌱 Potential Customers
15366,75,2,602.51,301.255,310.5,37,2,282,6.558139534883721,United Kingdom,313.755,0.02631578947368421,2.1290106007067138,0,🌱 Potential Customers
15367,57,4,1877.59,469.39750000000004,264.25,91,4,218,2.3085106382978724,United Kingdom,973.0949999999999,0.06896551724137931,8.573470319634703,0,🌱 Potential Customers
15368,21,1,446.94000000000005,446.94000000000005,230.0,4,1,0,0.0,United Kingdom,231.37000000000003,0.045454545454545456,446.94000000000005,3,⚠️ At Risk Customers
15370,41,7,2386.05,340.86428571428576,118.57142857142857,65,7,291,3.10752688172043,United Kingdom,1258.9250000000002,0.16666666666666666,8.17140410958904,0,🌱 Potential Customers
15372,137,1,2007.3999999999999,2007.3999999999999,2924.0,27,1,0,0.0,United Kingdom,999.9999999999999,0.007246376811594203,2007.3999999999999,1,🏆 High Value Customers
15373,8,12,2415.91,201.32583333333332,41.666666666666664,74,12,363,2.7404580152671754,United Kingdom,1327.155,1.3333333333333333,6.6371153846153845,0,🌱 Potential Customers
15374,129,1,168.0,168.0,126.0,3,1,0,0.0,United Kingdom,81.1,0.007692307692307693,168.0,3,⚠️ At Risk Customers
15376,40,3,1221.56,407.18666666666667,205.0,100,3,182,1.5739130434782609,United Kingdom,636.78,0.07317073170731707,6.675191256830601,0,🌱 Potential Customers
15379,169,7,3703.29,529.0414285714286,329.2857142857143,145,7,189,0.9585492227979274,United Kingdom,1904.745,0.041176470588235294,19.491,0,🌱 Potential Customers
15380,9,5,1690.2600000000002,338.052,75.2,22,5,356,10.142857142857142,United Kingdom,894.2300000000001,0.5,4.734621848739496,0,🌱 Potential Customers
15381,214,2,596.85,298.42499999999995,85.5,8,2,54,7.714285714285714,United Kingdom,297.02500000000003,0.009302325581395349,10.851818181818182,3,⚠️ At Risk Customers
15382,15,6,5955.71,992.6183333333333,668.6666666666666,193,6,280,0.9269102990033222,United Kingdom,3036.355,0.375,21.194697508896798,0,🌱 Potential Customers
15384,170,2,642.41,321.205,298.0,34,2,189,4.725,United Kingdom,324.205,0.011695906432748537,3.3811052631578944,3,⚠️ At Risk Customers
15385,40,1,316.88,316.88,161.0,12,1,0,0.0,United Kingdom,164.44,0.024390243902439025,316.88,3,⚠️ At Risk Customers
15386,186,1,394.14,394.14,446.0,31,1,0,0.0,United Kingdom,188.47,0.0053475935828877,394.14,3,⚠️ At Risk Customers
15388,270,1,140.54,140.54,88.0,10,1,0,0.0,Canada,53.269999999999996,0.0036900369003690036,140.54,3,⚠️ At Risk Customers
15389,172,1,500.0,500.0,400.0,1,1,0,0.0,United Kingdom,242.8,0.005780346820809248,500.0,3,⚠️ At Risk Customers
15392,5,4,1535.53,383.8825,319.25,74,4,355,4.265060240963855,United Kingdom,807.265,0.6666666666666666,4.313286516853933,0,🌱 Potential Customers
15393,16,2,231.86,115.93,75.0,10,2,264,24.0,United Kingdom,134.33,0.11764705882352941,0.8749433962264151,0,🌱 Potential Customers
15394,10,4,2183.54,545.885,227.5,54,4,348,4.142857142857143,United Kingdom,1130.77,0.36363636363636365,6.256561604584527,0,🌱 Potential Customers
15395,326,1,107.45,107.45,17.0,7,1,0,0.0,United Kingdom,31.125,0.0030581039755351682,107.45,3,⚠️ At Risk Customers
15396,113,1,288.18,288.18,122.0,14,1,0,0.0,United Kingdom,142.79,0.008771929824561403,288.18,3,⚠️ At Risk Customers
15397,290,1,94.0,94.0,20.0,6,1,0,0.0,United Kingdom,28.0,0.003436426116838488,94.0,3,⚠️ At Risk Customers
15398,16,2,1345.53,672.7650000000001,384.5,60,2,62,0.8611111111111112,United Kingdom,691.165,0.11764705882352941,21.357619047619046,0,🌱 Potential Customers
15399,1,3,815.77,271.92333333333335,203.66666666666666,45,3,77,1.5510204081632653,United Kingdom,437.78499999999997,1.5,10.458589743589743,0,🌱 Potential Customers
15400,92,5,716.2,143.24,78.0,10,5,186,16.818181818181817,United Kingdom,398.90000000000003,0.053763440860215055,3.8299465240641712,0,🌱 Potential Customers
15402,149,2,626.77,313.385,347.0,35,2,47,1.146341463414634,United Kingdom,318.485,0.013333333333333334,13.057708333333332,3,⚠️ At Risk Customers
15405,189,1,349.1,349.1,193.0,8,1,0,0.0,United Kingdom,165.65,0.005263157894736842,349.1,3,⚠️ At Risk Customers
15406,31,2,510.71000000000004,255.35500000000002,127.0,51,3,269,5.173076923076923,United Kingdom,272.255,0.09375,1.8915185185185186,0,🌱 Potential Customers
15407,34,4,1046.74,261.685,138.0,142,4,271,1.8435374149659864,United Kingdom,559.97,0.11428571428571428,3.8483088235294116,0,🌱 Potential Customers
15408,264,1,267.18,267.18,106.0,34,1,0,0.0,United Kingdom,117.19,0.0037735849056603774,267.18,3,⚠️ At Risk Customers
15410,84,8,3450.84,431.355,150.0,48,9,177,1.4297520661157024,United Kingdom,1797.02,0.10588235294117647,19.38674157303371,0,🌱 Potential Customers
15411,26,4,1348.93,337.2325,132.25,86,4,156,1.6082474226804124,United Kingdom,711.865,0.14814814814814814,8.591910828025478,0,🌱 Potential Customers
15412,171,1,190.53,190.53,108.0,10,1,0,0.0,United Kingdom,88.16499999999999,0.005813953488372093,190.53,3,⚠️ At Risk Customers
15414,10,3,774.9000000000001,258.3,147.66666666666666,37,3,232,6.105263157894737,United Kingdom,416.45000000000005,0.2727272727272727,3.3257510729613737,0,🌱 Potential Customers
15415,313,1,559.61,559.61,551.0,46,1,0,0.0,United Kingdom,258.505,0.0031847133757961785,559.61,3,⚠️ At Risk Customers
15416,65,4,3984.32,996.08,522.5,165,4,218,1.1361256544502618,United Kingdom,2025.66,0.06060606060606061,18.193242009132423,0,🌱 Potential Customers
15417,85,1,508.8,508.8,284.0,28,1,0,0.0,United Kingdom,255.89999999999998,0.011627906976744186,508.8,3,⚠️ At Risk Customers
15419,25,1,135.86,135.86,230.0,8,1,0,0.0,United Kingdom,75.43,0.038461538461538464,135.86,3,⚠️ At Risk Customers
15421,59,4,950.36,237.59,125.0,40,4,251,4.8076923076923075,United Kingdom,509.2800000000001,0.06666666666666667,3.771269841269841,0,🌱 Potential Customers
15422,323,2,97.7,48.85,19.0,6,2,0,0.0,United Kingdom,36.54999999999999,0.006172839506172839,97.7,3,⚠️ At Risk Customers
15423,38,1,43.5,43.5,101.0,2,1,0,0.0,United Kingdom,27.95,0.02564102564102564,43.5,3,⚠️ At Risk Customers
15424,254,2,383.34,191.67000000000002,277.0,17,2,0,0.0,United Kingdom,186.26999999999998,0.00784313725490196,383.34,3,⚠️ At Risk Customers
15426,19,5,1404.07,280.81399999999996,131.2,217,5,350,1.2737226277372262,United Kingdom,750.135,0.25,4.00019943019943,0,🌱 Potential Customers
15427,33,3,1430.54,476.84666666666664,322.3333333333333,233,3,13,0.044673539518900345,United Kingdom,741.97,0.08823529411764706,102.18142857142857,0,🌱 Potential Customers
15428,15,1,93.78,93.78,102.0,6,1,0,0.0,United Kingdom,55.39,0.0625,93.78,3,⚠️ At Risk Customers
15429,27,2,397.35,198.675,190.0,77,2,48,0.5925925925925926,United Kingdom,215.97500000000002,0.07142857142857142,8.109183673469389,3,⚠️ At Risk Customers
15432,23,1,171.19,171.19,65.0,10,1,0,0.0,United Kingdom,93.295,0.041666666666666664,171.19,3,⚠️ At Risk Customers
15433,214,2,533.3,266.65,267.0,40,2,53,1.325,United Kingdom,265.25,0.009302325581395349,9.875925925925925,3,⚠️ At Risk Customers
15434,8,5,1041.48,208.296,129.4,40,5,191,3.537037037037037,United Kingdom,569.94,0.5555555555555556,5.424375,0,🌱 Potential Customers
15435,22,1,149.29,149.29,54.0,29,1,0,0.0,United Kingdom,82.445,0.043478260869565216,149.29,3,⚠️ At Risk Customers
15436,12,3,1067.75,355.9166666666667,191.33333333333334,243,3,221,0.7586206896551724,United Kingdom,562.675,0.23076923076923078,4.809684684684685,0,🌱 Potential Customers
15437,262,1,200.16,200.16,79.0,44,1,0,0.0,United Kingdom,83.88,0.0038022813688212928,200.16,3,⚠️ At Risk Customers
15438,131,1,156.57999999999998,156.57999999999998,59.0,25,1,0,0.0,United Kingdom,75.19,0.007575757575757576,156.57999999999998,3,⚠️ At Risk Customers
15440,55,3,383.68,127.89333333333333,65.66666666666667,50,3,154,2.5081967213114753,United Kingdom,216.34,0.05357142857142857,2.4753548387096775,0,🌱 Potential Customers
15442,249,1,594.0,594.0,120.0,2,1,0,0.0,United Kingdom,282.1,0.004,594.0,3,⚠️ At Risk Customers
15443,2,7,3213.59,459.0842857142857,234.14285714285714,237,7,318,0.8490566037735849,United Kingdom,1676.595,2.3333333333333335,10.073949843260188,0,🌱 Potential Customers
15444,9,2,1411.21,705.605,379.5,191,2,31,0.14553990610328638,United Kingdom,724.705,0.2,44.1003125,0,🌱 Potential Customers
15445,264,1,113.5,113.5,58.0,5,1,0,0.0,United Kingdom,40.349999999999994,0.0037735849056603774,113.5,3,⚠️ At Risk Customers
15447,331,1,155.17,155.17,85.0,9,1,0,0.0,United Kingdom,54.48499999999999,0.0030120481927710845,155.17,3,⚠️ At Risk Customers
15448,313,1,494.64,494.64,232.0,28,1,0,0.0,United Kingdom,226.01999999999998,0.0031847133757961785,494.64,3,⚠️ At Risk Customers
15449,26,3,974.52,324.84,270.6666666666667,47,3,235,3.9661016949152543,United Kingdom,514.66,0.1111111111111111,4.129322033898305,0,🌱 Potential Customers
15450,30,1,429.84,429.84,376.0,30,1,0,0.0,United Kingdom,221.92,0.03225806451612903,429.84,3,⚠️ At Risk Customers
15452,30,3,528.48,176.16,93.33333333333333,47,3,234,4.236363636363636,United Kingdom,291.24,0.0967741935483871,2.2488510638297874,0,🌱 Potential Customers
15453,2,7,1371.77,195.96714285714285,119.57142857142857,169,7,185,0.6546762589928058,United Kingdom,755.685,2.3333333333333335,7.37510752688172,0,🌱 Potential Customers
15454,362,1,179.1,179.1,86.0,23,1,0,0.0,United Kingdom,63.349999999999994,0.0027548209366391185,179.1,3,⚠️ At Risk Customers
15456,283,3,434.59000000000003,144.86333333333332,211.0,48,3,75,1.3157894736842106,United Kingdom,218.995,0.01056338028169014,5.718289473684211,3,⚠️ At Risk Customers
15457,262,1,237.07,237.07,132.0,56,1,0,0.0,United Kingdom,102.335,0.0038022813688212928,237.07,3,⚠️ At Risk Customers
15458,25,1,161.64,161.64,156.0,7,1,0,0.0,United Kingdom,88.32,0.038461538461538464,161.64,3,⚠️ At Risk Customers
15460,354,1,214.26,214.26,107.0,53,1,0,0.0,United Kingdom,81.72999999999999,0.0028169014084507044,214.26,3,⚠️ At Risk Customers
15462,94,3,234.6,78.2,57.333333333333336,9,3,92,9.2,United Kingdom,137.9,0.031578947368421054,2.52258064516129,3,⚠️ At Risk Customers
15463,29,1,126.14,126.14,106.0,7,1,0,0.0,United Kingdom,70.16999999999999,0.03333333333333333,126.14,3,⚠️ At Risk Customers
15464,338,1,1044.65,1044.65,348.0,155,1,0,0.0,United Kingdom,498.52500000000003,0.0029498525073746312,1044.65,1,🏆 High Value Customers
15465,20,18,7354.62,408.59,69.83333333333333,43,18,349,3.5520833333333335,United Kingdom,3855.31,0.8571428571428571,21.0132,2,💎 Premium Customers
15466,85,1,334.53,334.53,246.0,56,1,0,0.0,United Kingdom,168.765,0.011627906976744186,334.53,3,⚠️ At Risk Customers
15467,9,3,524.88,174.96,103.33333333333333,41,3,142,2.784313725490196,United Kingdom,291.54,0.3,3.6704895104895106,0,🌱 Potential Customers
15468,51,2,467.51,233.755,77.5,24,2,0,0.0,United Kingdom,248.655,0.038461538461538464,467.51,3,⚠️ At Risk Customers
15469,50,2,538.55,269.275,76.5,24,2,69,3.0,United Kingdom,284.275,0.0392156862745098,7.693571428571428,3,⚠️ At Risk Customers
15471,2,1,454.48,454.48,256.0,67,1,0,0.0,United Kingdom,237.04000000000002,0.3333333333333333,454.48,3,⚠️ At Risk Customers
15472,113,1,371.56,371.56,251.0,76,1,0,0.0,United Kingdom,184.48,0.008771929824561403,371.56,3,⚠️ At Risk Customers
15473,14,7,1771.2,253.02857142857144,96.0,4,7,46,4.4,United Kingdom,954.2,0.4666666666666667,37.685106382978724,0,🌱 Potential Customers
15475,77,1,454.10999999999996,454.10999999999996,319.0,29,1,0,0.0,United Kingdom,229.355,0.01282051282051282,454.10999999999996,3,⚠️ At Risk Customers
15478,40,2,1399.92,699.96,287.5,34,2,16,0.37209302325581395,United Kingdom,715.96,0.04878048780487805,82.34823529411766,3,⚠️ At Risk Customers
15480,116,1,905.5,905.5,303.0,45,1,0,0.0,Malta,451.15,0.008547008547008548,905.5,1,🏆 High Value Customers
15482,16,12,10879.76,906.6466666666666,417.0,46,12,343,3.5416666666666665,United Kingdom,5558.28,0.7058823529411765,31.627209302325582,2,💎 Premium Customers
15483,161,4,225.26,56.315,72.75,74,4,105,1.2650602409638554,United Kingdom,136.53,0.024691358024691357,2.1250943396226414,3,⚠️ At Risk Customers
15484,1,4,3590.41,897.6025,787.5,135,4,77,0.4032258064516129,United Kingdom,1835.105,2.0,46.03089743589744,0,🌱 Potential Customers
15485,30,3,2564.5,854.8333333333334,427.0,59,3,343,4.071428571428571,United Kingdom,1309.25,0.0967741935483871,7.454941860465116,0,🌱 Potential Customers
15488,93,1,91.32000000000001,91.32000000000001,73.0,2,1,0,0.0,United Kingdom,46.36,0.010638297872340425,91.32000000000001,3,⚠️ At Risk Customers
15489,23,3,1134.28,378.0933333333333,202.66666666666666,47,3,188,3.816326530612245,United Kingdom,594.84,0.125,6.001481481481481,0,🌱 Potential Customers
15491,95,6,3100.09,516.6816666666667,274.3333333333333,108,6,140,0.9019607843137255,United Kingdom,1600.545,0.0625,21.986453900709222,0,🌱 Potential Customers
15492,28,2,659.4599999999999,329.73,241.5,32,2,46,1.3529411764705883,United Kingdom,346.92999999999995,0.06896551724137931,14.031063829787232,3,⚠️ At Risk Customers
15493,33,5,1953.41,390.68199999999996,110.2,177,5,238,0.8194444444444444,United Kingdom,1023.405,0.14705882352941177,8.17326359832636,0,🌱 Potential Customers
15494,21,2,1280.58,640.2900000000001,569.5,120,2,99,0.8181818181818182,United Kingdom,658.1899999999999,0.09090909090909091,12.8058,0,🌱 Potential Customers
15497,18,2,1262.2,631.1,312.0,13,2,302,21.571428571428573,United Kingdom,649.3000000000001,0.10526315789473684,4.1656765676567655,0,🌱 Potential Customers
15498,3,27,13316.4,493.2,226.11111111111111,360,27,364,0.6966731898238747,United Kingdom,6927.9,6.75,36.48328767123287,2,💎 Premium Customers
15500,8,4,1131.56,282.89,143.0,64,4,73,1.0597014925373134,United Kingdom,604.98,0.4444444444444444,15.29135135135135,0,🌱 Potential Customers
15502,16,12,10384.93,865.4108333333334,353.0,164,11,353,1.6462264150943395,United Kingdom,5310.865,0.6470588235294118,29.335960451977403,2,💎 Premium Customers
15503,363,1,141.04,141.04,70.0,66,1,0,0.0,United Kingdom,44.21999999999999,0.0027472527472527475,141.04,3,⚠️ At Risk Customers
15504,81,1,52.83,52.83,33.0,13,1,0,0.0,United Kingdom,28.314999999999998,0.012195121951219513,52.83,3,⚠️ At Risk Customers
15505,53,5,3610.96,722.192,478.0,90,5,102,1.0520833333333333,United Kingdom,1850.18,0.09259259259259259,35.057864077669905,0,🌱 Potential Customers
15506,23,3,972.08,324.02666666666664,280.6666666666667,121,3,116,0.725,United Kingdom,513.74,0.125,8.308376068376068,0,🌱 Potential Customers
15507,172,1,475.86,475.86,160.0,41,1,0,0.0,United Kingdom,230.73000000000002,0.005780346820809248,475.86,3,⚠️ At Risk Customers
15508,189,6,1000.27,166.71166666666667,73.33333333333333,78,6,46,0.4835164835164835,United Kingdom,541.235,0.031578947368421054,21.282340425531913,3,⚠️ At Risk Customers
15510,331,1,250.0,250.0,2.0,1,1,0,0.0,United Kingdom,101.9,0.0030120481927710845,250.0,3,⚠️ At Risk Customers
15511,12,5,900.53,180.106,53.8,117,5,73,0.4585987261146497,United Kingdom,499.065,0.38461538461538464,12.169324324324323,0,🌱 Potential Customers
15512,156,2,121.0,60.5,34.0,7,2,203,33.833333333333336,United Kingdom,64.9,0.012738853503184714,0.5931372549019608,0,🌱 Potential Customers
15513,33,19,14758.220000000001,776.7484210526317,300.4736842105263,183,19,340,1.0879478827361564,United Kingdom,7565.81,0.5588235294117647,43.27923753665689,2,💎 Premium Customers
15514,12,11,4023.7200000000003,365.7927272727273,190.72727272727272,96,10,352,2.109090909090909,United Kingdom,2120.6600000000003,0.7692307692307693,11.398640226628896,0,🌱 Potential Customers
15516,45,3,62.43,20.81,9.0,15,3,1,0.07142857142857142,United Kingdom,56.715,0.06521739130434782,31.215,3,⚠️ At Risk Customers
15517,233,1,267.03,267.03,293.0,27,1,0,0.0,United Kingdom,120.21499999999999,0.004273504273504274,267.03,3,⚠️ At Risk Customers
15518,64,8,1921.55,240.19375,157.875,135,8,268,1.263157894736842,United Kingdom,1034.375,0.12307692307692308,7.143308550185873,0,🌱 Potential Customers
15520,2,1,343.5,343.5,314.0,18,1,0,0.0,United Kingdom,181.55,0.3333333333333333,343.5,3,⚠️ At Risk Customers
15521,40,8,3000.2,375.025,229.5,116,7,214,1.1521739130434783,United Kingdom,1576.1,0.17073170731707318,13.954418604651162,0,🌱 Potential Customers
15522,33,2,397.99,198.995,286.0,47,2,54,0.9818181818181818,United Kingdom,215.695,0.058823529411764705,7.2361818181818185,3,⚠️ At Risk Customers
15523,84,1,412.01000000000005,412.01000000000005,132.0,10,1,0,0.0,United Kingdom,207.60500000000002,0.011764705882352941,412.01000000000005,3,⚠️ At Risk Customers
15524,25,1,440.0,440.0,4.0,1,1,0,0.0,United Kingdom,227.5,0.038461538461538464,440.0,3,⚠️ At Risk Customers
15525,2,3,734.37,244.79,129.0,133,3,371,2.3870967741935485,United Kingdom,396.985,1.0,1.9741129032258065,0,🌱 Potential Customers
15526,33,2,148.44,74.22,12.0,4,2,0,0.0,United Kingdom,90.92,0.058823529411764705,148.44,3,⚠️ At Risk Customers
15527,19,8,2428.53,303.56625,123.875,127,8,335,2.062111801242236,United Kingdom,1292.365,0.4,7.227767857142858,0,🌱 Potential Customers
15528,254,1,229.33,229.33,123.0,26,1,0,0.0,United Kingdom,99.265,0.00392156862745098,229.33,3,⚠️ At Risk Customers
15529,23,11,3962.6,360.23636363636365,314.09090909090907,415,11,343,0.5113464447806354,United Kingdom,2089.0,0.4583333333333333,11.519186046511628,0,🌱 Potential Customers
15530,22,4,1497.31,374.3275,234.5,90,4,225,2.1132075471698113,United Kingdom,786.4549999999999,0.17391304347826086,6.625265486725663,0,🌱 Potential Customers
15531,8,2,1972.39,986.1949999999999,542.5,196,2,22,0.10091743119266056,United Kingdom,1005.3950000000001,0.2222222222222222,85.75608695652174,0,🌱 Potential Customers
15532,25,4,1564.73,391.1825,128.75,205,4,332,1.324,United Kingdom,819.865,0.15384615384615385,4.698888888888889,0,🌱 Potential Customers
15533,19,3,807.57,269.19,96.33333333333333,73,3,69,0.8414634146341463,United Kingdom,431.88500000000005,0.15,11.536714285714286,3,⚠️ At Risk Customers
15535,173,4,502.9,125.725,33.75,55,4,154,2.1690140845070425,United Kingdom,274.15,0.022988505747126436,3.2445161290322577,3,⚠️ At Risk Customers
15537,163,1,110.92,110.92,29.0,24,1,0,0.0,United Kingdom,49.16000000000001,0.006097560975609756,110.92,3,⚠️ At Risk Customers
15539,7,1,538.46,538.46,410.0,41,1,0,0.0,United Kingdom,278.53000000000003,0.125,538.46,3,⚠️ At Risk Customers
15540,11,1,213.3,213.3,200.0,15,1,0,0.0,United Kingdom,115.55000000000001,0.08333333333333333,213.3,3,⚠️ At Risk Customers
15541,114,1,85.13000000000001,85.13000000000001,49.0,29,1,0,0.0,United Kingdom,41.165000000000006,0.008695652173913044,85.13000000000001,3,⚠️ At Risk Customers
15543,288,1,127.86,127.86,86.0,26,1,0,0.0,United Kingdom,45.13000000000001,0.0034602076124567475,127.86,3,⚠️ At Risk Customers
15544,9,9,3546.71,394.0788888888889,345.44444444444446,122,9,363,1.3953488372093024,United Kingdom,1862.455,0.9,9.74370879120879,0,🌱 Potential Customers
15545,54,2,288.96999999999997,144.485,81.0,78,2,316,4.0,United Kingdom,159.08499999999998,0.03636363636363636,0.911577287066246,0,🌱 Potential Customers
15547,7,14,4910.6,350.75714285714287,285.64285714285717,441,14,354,0.5043227665706052,United Kingdom,2594.6000000000004,1.75,13.832676056338029,2,💎 Premium Customers
15549,77,3,1681.46,560.4866666666667,231.33333333333334,104,3,239,2.106194690265487,United Kingdom,863.03,0.038461538461538464,7.006083333333334,0,🌱 Potential Customers
15550,4,4,575.63,143.9075,73.75,43,4,297,4.933333333333334,United Kingdom,327.415,0.8,1.9316442953020134,0,🌱 Potential Customers
15551,37,1,436.06,436.06,218.0,29,1,0,0.0,United Kingdom,224.33,0.02631578947368421,436.06,3,⚠️ At Risk Customers
15552,217,1,90.12,90.12,60.0,17,1,0,0.0,United Kingdom,33.36,0.0045871559633027525,90.12,3,⚠️ At Risk Customers
15553,60,1,428.93,428.93,449.0,51,1,0,0.0,United Kingdom,218.465,0.01639344262295082,428.93,3,⚠️ At Risk Customers
15554,278,1,217.2,217.2,74.0,14,1,0,0.0,United Kingdom,90.8,0.0035842293906810036,217.2,3,⚠️ At Risk Customers
15555,12,16,4794.86,299.67875,276.6875,401,16,357,0.3972911963882618,United Kingdom,2556.23,1.2307692307692308,13.393463687150836,2,💎 Premium Customers
15556,24,1,279.77,279.77,236.0,31,1,0,0.0,United Kingdom,147.48499999999999,0.04,279.77,3,⚠️ At Risk Customers
15557,29,1,468.91,468.91,213.0,16,1,0,0.0,United Kingdom,241.555,0.03333333333333333,468.91,3,⚠️ At Risk Customers
15561,12,4,800.59,200.1475,66.75,27,4,203,7.769230769230769,United Kingdom,439.095,0.3076923076923077,3.924460784313726,0,🌱 Potential Customers
15562,352,1,134.55,134.55,39.0,1,1,0,0.0,United Kingdom,42.075,0.0028328611898017,134.55,3,⚠️ At Risk Customers
15563,22,4,1400.44,350.11,375.25,88,4,336,3.0,United Kingdom,738.02,0.17391304347826086,4.155608308605341,0,🌱 Potential Customers
15565,50,2,173.16,86.58000000000001,30.0,8,2,20,2.857142857142857,United Kingdom,101.58,0.0392156862745098,8.245714285714286,3,⚠️ At Risk Customers
15567,19,1,186.01,186.01,223.0,7,1,0,0.0,United Kingdom,101.10499999999999,0.05,186.01,3,⚠️ At Risk Customers
15568,3,3,758.29,252.76333333333332,153.66666666666666,27,3,70,1.3269230769230769,United Kingdom,408.84499999999997,0.75,10.680140845070422,3,⚠️ At Risk Customers
15569,104,5,1375.71,275.142,133.2,27,5,228,7.566666666666666,United Kingdom,727.455,0.047619047619047616,6.007467248908297,0,🌱 Potential Customers
15570,7,12,4148.82,345.73500000000007,171.91666666666666,231,12,362,1.119496855345912,United Kingdom,2193.71,1.5,11.429256198347106,0,🌱 Potential Customers
15571,12,4,650.4300000000001,162.60750000000002,66.0,47,4,66,1.1607142857142858,United Kingdom,364.01500000000004,0.3076923076923077,9.707910447761195,3,⚠️ At Risk Customers
15572,5,7,2533.42,361.9171428571429,173.28571428571428,166,7,273,1.2843601895734598,United Kingdom,1336.21,1.1666666666666667,9.246058394160585,0,🌱 Potential Customers
15573,32,2,591.1899999999999,295.59499999999997,177.5,88,2,53,0.5520833333333334,United Kingdom,312.395,0.06060606060606061,10.947962962962961,3,⚠️ At Risk Customers
15574,178,4,675.64,168.91,83.0,131,4,194,1.2781456953642385,United Kingdom,360.02,0.0223463687150838,3.4648205128205127,0,🌱 Potential Customers
15576,38,1,921.37,921.37,394.0,43,1,0,0.0,United Kingdom,466.885,0.02564102564102564,921.37,1,🏆 High Value Customers
15577,151,3,258.88,86.29333333333334,29.666666666666668,39,3,154,4.052631578947368,United Kingdom,144.34,0.019736842105263157,1.6701935483870967,3,⚠️ At Risk Customers
15578,162,1,127.1,127.1,52.0,13,1,0,0.0,United Kingdom,57.349999999999994,0.006134969325153374,127.1,3,⚠️ At Risk Customers
15579,69,2,327.6,163.8,58.5,45,2,245,5.212765957446808,United Kingdom,176.9,0.02857142857142857,1.3317073170731708,0,🌱 Potential Customers
15581,121,13,3675.77,282.7515384615385,21.76923076923077,134,13,245,1.6482758620689655,United Kingdom,1955.785,0.10655737704918032,14.942154471544715,0,🌱 Potential Customers
15582,25,3,682.9100000000001,227.63666666666668,151.0,39,3,195,4.534883720930233,United Kingdom,368.95500000000004,0.11538461538461539,3.4842346938775512,0,🌱 Potential Customers
15584,24,4,720.86,180.215,78.25,89,4,138,1.1322314049586777,United Kingdom,398.03000000000003,0.16,5.186043165467626,0,🌱 Potential Customers
15585,177,1,455.3,455.3,320.0,31,1,0,0.0,United Kingdom,219.95000000000002,0.0056179775280898875,455.3,3,⚠️ At Risk Customers
15587,50,4,913.6800000000001,228.42,78.0,3,4,301,37.625,United Kingdom,491.84000000000003,0.0784313725490196,3.0254304635761593,0,🌱 Potential Customers
15589,256,3,478.53000000000003,159.51,81.0,28,3,54,1.9285714285714286,United Kingdom,243.665,0.011673151750972763,8.700545454545455,3,⚠️ At Risk Customers
15592,47,1,388.58,388.58,354.0,24,1,0,0.0,United Kingdom,199.59,0.020833333333333332,388.58,3,⚠️ At Risk Customers
15593,71,1,199.8,199.8,60.0,5,1,0,0.0,United Kingdom,102.80000000000001,0.013888888888888888,199.8,3,⚠️ At Risk Customers
15594,16,5,1771.78,354.356,196.6,85,5,218,2.1372549019607843,United Kingdom,934.29,0.29411764705882354,8.090319634703196,0,🌱 Potential Customers
15596,101,5,1406.59,281.318,112.2,51,5,264,3.4473684210526314,United Kingdom,743.1949999999999,0.049019607843137254,5.3078867924528295,0,🌱 Potential Customers
15597,35,1,324.57,324.57,279.0,22,1,0,0.0,United Kingdom,168.785,0.027777777777777776,324.57,3,⚠️ At Risk Customers
15598,53,1,240.68,240.68,160.0,14,1,0,0.0,United Kingdom,125.04,0.018518518518518517,240.68,3,⚠️ At Risk Customers
15599,27,2,761.74,380.87,359.0,50,2,177,3.4705882352941178,United Kingdom,398.17,0.07142857142857142,4.279438202247191,0,🌱 Potential Customers
15601,11,14,6776.56,484.04,355.92857142857144,230,14,361,0.8655256723716381,United Kingdom,3527.1800000000003,1.1666666666666667,18.719779005524863,2,💎 Premium Customers
15602,8,9,1297.8700000000001,144.20777777777778,126.33333333333333,30,9,359,7.888888888888889,United Kingdom,738.1350000000001,1.0,3.605194444444445,0,🌱 Potential Customers
15603,79,1,48.480000000000004,48.480000000000004,96.0,2,1,0,0.0,United Kingdom,26.340000000000003,0.0125,48.480000000000004,3,⚠️ At Risk Customers
15604,52,1,216.39,216.39,159.0,17,1,0,0.0,United Kingdom,112.99499999999999,0.018867924528301886,216.39,3,⚠️ At Risk Customers
15605,36,5,1198.23,239.64600000000002,88.2,61,5,337,5.075757575757576,United Kingdom,645.515,0.13513513513513514,3.545059171597633,0,🌱 Potential Customers
15606,61,9,2920.16,324.4622222222222,99.11111111111111,48,9,263,3.4210526315789473,United Kingdom,1543.98,0.14516129032258066,11.06121212121212,0,🌱 Potential Customers
15607,337,1,104.76,104.76,202.0,13,1,0,0.0,United Kingdom,28.68,0.0029585798816568047,104.76,3,⚠️ At Risk Customers
15608,28,4,1093.68,273.42,178.5,59,4,92,1.5423728813559323,United Kingdom,584.0400000000001,0.13793103448275862,11.760000000000002,0,🌱 Potential Customers
15609,184,1,298.48,298.48,148.0,16,1,0,0.0,United Kingdom,140.84,0.005405405405405406,298.48,3,⚠️ At Risk Customers
15610,52,1,112.46000000000001,112.46000000000001,66.0,6,1,0,0.0,United Kingdom,61.03,0.018867924528301886,112.46000000000001,3,⚠️ At Risk Customers
15611,10,13,1591.45,122.41923076923078,38.76923076923077,23,13,325,7.619047619047619,United Kingdom,924.725,1.1818181818181819,4.881748466257669,0,🌱 Potential Customers
15612,36,2,195.15,97.575,26.0,4,2,25,5.0,United Kingdom,113.97500000000001,0.05405405405405406,7.505769230769231,3,⚠️ At Risk Customers
15615,10,23,10399.74,452.1626086956522,239.47826086956522,184,23,348,0.8056872037914692,United Kingdom,5428.87,2.090909090909091,29.79868194842407,2,💎 Premium Customers
15618,33,4,776.851,194.21275,113.5,39,4,103,2.340909090909091,United Kingdom,425.1255,0.11764705882352941,7.469721153846153,0,🌱 Potential Customers
15619,11,1,336.40000000000003,336.40000000000003,136.0,3,1,0,0.0,United Kingdom,177.10000000000002,0.08333333333333333,336.40000000000003,3,⚠️ At Risk Customers
15620,57,3,1553.18,517.7266666666666,305.0,92,3,301,3.04040404040404,United Kingdom,800.89,0.05172413793103448,5.142980132450331,0,🌱 Potential Customers
15621,4,4,1293.03,323.2575,125.25,11,4,17,1.0666666666666667,United Kingdom,686.115,0.8,71.835,3,⚠️ At Risk Customers
15622,43,9,3709.56,412.17333333333335,186.0,169,9,239,1.2880434782608696,United Kingdom,1940.48,0.20454545454545456,15.4565,0,🌱 Potential Customers
15623,141,1,301.03,301.03,125.0,19,1,0,0.0,United Kingdom,146.415,0.007042253521126761,301.03,3,⚠️ At Risk Customers
15624,117,4,588.13,147.0325,89.25,26,4,139,4.181818181818182,United Kingdom,322.365,0.03389830508474576,4.200928571428571,3,⚠️ At Risk Customers
15625,104,4,1534.26,383.56499999999994,297.0,44,4,131,2.0476190476190474,United Kingdom,796.73,0.0380952380952381,11.623181818181818,0,🌱 Potential Customers
15626,75,2,675.8,337.9,383.0,49,2,254,5.291666666666667,United Kingdom,350.4,0.02631578947368421,2.6501960784313723,0,🌱 Potential Customers
15628,5,9,2870.2400000000002,318.91555555555556,210.44444444444446,85,9,362,2.324675324675325,United Kingdom,1524.6200000000001,1.5,7.906997245179064,0,🌱 Potential Customers
15630,45,2,1186.35,593.175,400.0,57,2,159,2.694915254237288,United Kingdom,608.675,0.043478260869565216,7.414687499999999,0,🌱 Potential Customers
15632,16,8,3285.31,410.66375,263.625,107,8,259,1.5421686746987953,United Kingdom,1721.055,0.47058823529411764,12.635807692307692,0,🌱 Potential Customers
15634,17,1,243.55,243.55,99.0,15,1,0,0.0,United Kingdom,130.07500000000002,0.05555555555555555,243.55,3,⚠️ At Risk Customers
15636,90,2,724.76,362.38,142.0,20,2,192,8.0,United Kingdom,373.38,0.02197802197802198,3.7552331606217617,0,🌱 Potential Customers
15637,53,1,223.36,223.36,128.0,15,1,0,0.0,United Kingdom,116.38000000000001,0.018518518518518517,223.36,3,⚠️ At Risk Customers
15639,134,1,425.32,425.32,323.0,25,1,0,0.0,United Kingdom,209.26,0.007407407407407408,425.32,3,⚠️ At Risk Customers
15640,4,15,12416.11,827.7406666666667,438.1333333333333,240,15,367,0.7578947368421053,United Kingdom,6357.655000000001,3.0,33.73942934782609,2,💎 Premium Customers
15641,105,4,1887.2,471.80000000000007,390.5,102,4,253,2.135593220338983,United Kingdom,973.1,0.03773584905660377,7.42992125984252,0,🌱 Potential Customers
15643,192,3,664.0,221.33333333333334,82.0,31,3,90,2.8125,United Kingdom,342.8,0.015544041450777202,7.2967032967032965,3,⚠️ At Risk Customers
15644,166,4,803.54,200.885,137.5,166,4,94,0.4025974025974026,United Kingdom,425.16999999999996,0.023952095808383235,8.458315789473684,0,🌱 Potential Customers
15645,19,1,612.01,612.01,256.0,50,1,0,0.0,United Kingdom,314.105,0.05,612.01,3,⚠️ At Risk Customers
15646,158,3,447.64000000000004,149.21333333333334,131.33333333333334,35,3,214,6.294117647058823,United Kingdom,238.02,0.018867924528301886,2.082046511627907,0,🌱 Potential Customers
15648,204,2,639.5,319.75,109.0,23,2,62,2.6956521739130435,United Kingdom,319.35,0.00975609756097561,10.15079365079365,3,⚠️ At Risk Customers
15649,336,2,816.0,408.0,96.0,1,2,31,31.0,United Kingdom,394.4,0.005934718100890208,25.5,3,⚠️ At Risk Customers
15651,37,3,646.3,215.4333333333333,159.66666666666666,27,3,223,7.193548387096774,United Kingdom,349.45,0.07894736842105263,2.885267857142857,0,🌱 Potential Customers
15652,91,1,337.74,337.74,208.0,21,1,0,0.0,United Kingdom,169.77,0.010869565217391304,337.74,3,⚠️ At Risk Customers
15653,93,2,877.4399999999999,438.71999999999997,600.0,4,2,23,4.6,United Kingdom,449.41999999999996,0.02127659574468085,36.559999999999995,3,⚠️ At Risk Customers
15654,9,2,922.53,461.265,237.5,15,2,16,0.8,United Kingdom,480.365,0.2,54.26647058823529,3,⚠️ At Risk Customers
15655,243,1,560.67,560.67,324.0,34,1,0,0.0,United Kingdom,266.03499999999997,0.004098360655737705,560.67,3,⚠️ At Risk Customers
15656,45,4,748.5,187.125,85.75,46,4,238,5.173913043478261,United Kingdom,409.75,0.08695652173913043,3.1317991631799162,0,🌱 Potential Customers
15657,23,1,30.0,30.0,24.0,1,1,0,0.0,United Kingdom,22.7,0.041666666666666664,30.0,3,⚠️ At Risk Customers
15658,190,5,1024.1000000000001,204.82,48.4,40,5,182,3.851063829787234,United Kingdom,543.0500000000001,0.02617801047120419,5.596174863387979,0,🌱 Potential Customers
15659,44,1,306.45,306.45,111.0,11,1,0,0.0,United Kingdom,158.825,0.022222222222222223,306.45,3,⚠️ At Risk Customers
15660,25,9,1600.86,177.87333333333333,116.66666666666667,55,9,340,3.797752808988764,United Kingdom,887.93,0.34615384615384615,4.694604105571847,0,🌱 Potential Customers
15661,317,2,309.8,154.89999999999998,118.0,4,2,21,5.25,United Kingdom,143.2,0.006289308176100629,14.081818181818182,3,⚠️ At Risk Customers
15663,106,1,138.14,138.14,106.0,9,1,0,0.0,United Kingdom,68.47,0.009345794392523364,138.14,3,⚠️ At Risk Customers
15664,51,1,386.43,386.43,157.0,17,1,0,0.0,United Kingdom,198.115,0.019230769230769232,386.43,3,⚠️ At Risk Customers
15665,168,2,2222.21,1111.105,827.0,92,2,74,0.6491228070175439,United Kingdom,1114.305,0.011834319526627219,29.629466666666666,1,🏆 High Value Customers
15667,40,1,301.32,301.32,240.0,13,1,0,0.0,United Kingdom,156.66,0.024390243902439025,301.32,3,⚠️ At Risk Customers
15668,218,1,76.32000000000001,76.32000000000001,72.0,1,1,0,0.0,United Kingdom,26.360000000000003,0.0045662100456621,76.32000000000001,3,⚠️ At Risk Customers
15669,40,4,684.34,171.085,85.5,31,4,223,6.9375,United Kingdom,378.17,0.0975609756097561,3.0550892857142857,0,🌱 Potential Customers
15670,297,1,173.05,173.05,91.0,12,1,0,0.0,United Kingdom,66.825,0.003355704697986577,173.05,3,⚠️ At Risk Customers
15671,19,7,2657.13,379.59000000000003,242.71428571428572,52,7,252,3.2337662337662336,United Kingdom,1396.665,0.35,10.502490118577075,0,🌱 Potential Customers
15673,88,4,2726.23,681.5575,362.75,107,4,238,1.72992700729927,United Kingdom,1394.315,0.0449438202247191,11.406820083682009,0,🌱 Potential Customers
15674,73,5,2446.6,489.32000000000005,255.0,88,5,181,1.592920353982301,United Kingdom,1266.0,0.06756756756756757,13.442857142857143,0,🌱 Potential Customers
15675,81,3,323.69,107.89666666666666,175.66666666666666,20,3,198,9.9,United Kingdom,183.745,0.036585365853658534,1.6265829145728643,0,🌱 Potential Customers
15676,19,3,3435.76,1145.2533333333333,750.6666666666666,191,3,265,1.3134328358208955,United Kingdom,1745.98,0.15,12.91639097744361,0,🌱 Potential Customers
15677,49,1,657.23,657.23,319.0,33,1,0,0.0,United Kingdom,333.71500000000003,0.02,657.23,3,⚠️ At Risk Customers
15678,53,1,352.7,352.7,184.0,12,1,0,0.0,United Kingdom,181.04999999999998,0.018518518518518517,352.7,3,⚠️ At Risk Customers
15679,24,4,781.28,195.32,292.5,98,4,158,1.4403669724770642,United Kingdom,428.24,0.16,4.9137106918238995,0,🌱 Potential Customers
15680,9,3,1333.68,444.56,317.3333333333333,61,3,356,4.6103896103896105,United Kingdom,695.94,0.3,3.7357983193277313,0,🌱 Potential Customers
15681,25,5,1426.16,285.232,163.2,32,5,255,4.884615384615385,United Kingdom,760.58,0.19230769230769232,5.5709375,0,🌱 Potential Customers
15683,117,1,193.75,193.75,131.0,10,1,0,0.0,United Kingdom,95.175,0.00847457627118644,193.75,3,⚠️ At Risk Customers
15687,9,9,2993.1,332.56666666666666,145.55555555555554,119,9,321,1.9212121212121211,United Kingdom,1585.6499999999999,0.9,9.295341614906832,0,🌱 Potential Customers
15689,120,2,254.1,127.05,42.0,8,2,241,30.125,United Kingdom,135.05,0.01652892561983471,1.05,0,🌱 Potential Customers
15690,4,2,239.76,119.88,204.0,19,2,96,5.333333333333333,United Kingdom,139.48,0.4,2.4717525773195876,0,🌱 Potential Customers
15691,252,1,136.8,136.8,72.0,2,1,0,0.0,United Kingdom,53.2,0.003952569169960474,136.8,3,⚠️ At Risk Customers
15692,28,1,191.04,191.04,138.0,12,1,0,0.0,United Kingdom,102.72,0.034482758620689655,191.04,3,⚠️ At Risk Customers
15694,1,14,6479.4,462.8142857142857,119.78571428571429,42,14,372,4.766233766233766,United Kingdom,3379.6,7.0,17.371045576407507,2,💎 Premium Customers
15695,267,2,409.98,204.99,106.0,22,2,0,0.0,United Kingdom,198.29000000000002,0.007462686567164179,409.98,3,⚠️ At Risk Customers
15696,33,8,2711.11,338.88875,126.875,140,8,293,1.7305389221556886,United Kingdom,1432.255,0.23529411764705882,9.221462585034015,0,🌱 Potential Customers
15699,18,1,309.65,309.65,113.0,18,1,0,0.0,United Kingdom,163.02499999999998,0.05263157894736842,309.65,3,⚠️ At Risk Customers
15700,172,2,696.68,348.34,178.5,85,2,1,0.011764705882352941,United Kingdom,351.14,0.011560693641618497,348.34,3,⚠️ At Risk Customers
15701,2,4,1529.0,382.25,228.0,193,4,108,0.4672489082969432,United Kingdom,804.3,1.3333333333333333,14.027522935779816,0,🌱 Potential Customers
15703,265,1,211.5,211.5,66.0,5,1,0,0.0,United Kingdom,89.25,0.0037593984962406013,211.5,3,⚠️ At Risk Customers
15704,140,4,2293.62,573.405,257.0,79,4,75,0.6379310344827587,United Kingdom,1172.81,0.028368794326241134,30.17921052631579,3,⚠️ At Risk Customers
15705,201,1,143.1,143.1,62.0,6,1,0,0.0,United Kingdom,61.449999999999996,0.0049504950495049506,143.1,3,⚠️ At Risk Customers
15706,64,4,1060.56,265.14,80.25,50,4,52,0.9259259259259259,United Kingdom,563.88,0.06153846153846154,20.01056603773585,3,⚠️ At Risk Customers
15707,35,4,916.98,229.245,148.5,126,4,51,0.24019607843137256,United Kingdom,494.99,0.1111111111111111,17.63423076923077,0,🌱 Potential Customers
15708,41,7,3235.25,462.17857142857144,173.85714285714286,124,7,328,1.1985294117647058,United Kingdom,1683.525,0.16666666666666666,9.833586626139818,0,🌱 Potential Customers
15709,284,1,133.25,133.25,121.0,6,1,0,0.0,United Kingdom,48.224999999999994,0.0035087719298245615,133.25,3,⚠️ At Risk Customers
15712,9,5,1072.3600000000001,214.47200000000004,97.2,41,5,278,5.326923076923077,United Kingdom,585.2800000000001,0.5,3.8435842293906815,0,🌱 Potential Customers
15713,143,2,356.7,178.35000000000002,75.0,18,2,222,12.333333333333334,United Kingdom,184.04999999999998,0.013888888888888888,1.5995515695067264,0,🌱 Potential Customers
15714,12,2,330.03000000000003,165.01500000000001,93.0,34,2,66,2.0,United Kingdom,183.81500000000003,0.15384615384615385,4.9258208955223886,3,⚠️ At Risk Customers
15716,146,4,1101.1100000000001,275.27750000000003,184.5,101,4,223,1.9137931034482758,United Kingdom,575.955,0.027210884353741496,4.915669642857144,0,🌱 Potential Customers
15717,234,1,150.3,150.3,70.0,7,1,0,0.0,United Kingdom,61.75,0.00425531914893617,150.3,3,⚠️ At Risk Customers
15719,33,13,5030.07,386.92846153846153,209.07692307692307,299,13,304,0.3225806451612903,United Kingdom,2641.7349999999997,0.38235294117647056,16.492032786885243,0,🌱 Potential Customers
15720,24,1,598.73,598.73,281.0,128,1,0,0.0,United Kingdom,306.96500000000003,0.04,598.73,3,⚠️ At Risk Customers
15721,12,1,471.40000000000003,471.40000000000003,388.0,80,1,0,0.0,United Kingdom,244.50000000000003,0.07692307692307693,471.40000000000003,3,⚠️ At Risk Customers
15722,36,5,2211.21,442.242,204.6,45,5,254,3.8333333333333335,United Kingdom,1152.005,0.13513513513513514,8.671411764705882,0,🌱 Potential Customers
15723,365,1,190.7,190.7,73.0,37,1,0,0.0,United Kingdom,68.85,0.00273224043715847,190.7,3,⚠️ At Risk Customers
15724,201,2,218.25,109.125,36.5,11,2,83,8.3,United Kingdom,109.025,0.009900990099009901,2.5982142857142856,3,⚠️ At Risk Customers
15725,15,1,415.25,415.25,221.0,32,1,0,0.0,United Kingdom,216.125,0.0625,415.25,3,⚠️ At Risk Customers
15727,17,7,5159.06,737.0085714285715,437.57142857142856,213,7,342,1.13,United Kingdom,2647.8300000000004,0.3888888888888889,15.040991253644316,0,🌱 Potential Customers
15729,213,1,85.0,85.0,28.0,5,1,0,0.0,United Kingdom,31.2,0.004672897196261682,85.0,3,⚠️ At Risk Customers
15730,66,3,1120.88,373.6266666666667,229.66666666666666,68,3,140,2.028985507246377,United Kingdom,583.84,0.04477611940298507,7.949503546099292,0,🌱 Potential Customers
15732,212,2,294.12,147.06,107.5,13,2,159,12.23076923076923,United Kingdom,145.86,0.009389671361502348,1.83825,3,⚠️ At Risk Customers
15733,283,1,162.3,162.3,62.0,10,1,0,0.0,United Kingdom,62.85000000000001,0.0035211267605633804,162.3,3,⚠️ At Risk Customers
15734,115,2,1339.45,669.7250000000001,173.0,25,2,85,3.4,United Kingdom,678.225,0.017241379310344827,15.575000000000001,3,⚠️ At Risk Customers
15737,15,8,1188.1200000000001,148.51500000000001,74.625,60,8,228,3.2285714285714286,United Kingdom,672.5600000000001,0.5,5.188296943231442,0,🌱 Potential Customers
15738,19,16,4812.42,300.77625,186.375,46,16,353,2.005813953488372,United Kingdom,2564.31,0.8,13.594406779661018,0,🌱 Potential Customers
15739,66,1,449.12,449.12,472.0,8,1,0,0.0,United Kingdom,227.96,0.014925373134328358,449.12,3,⚠️ At Risk Customers
15740,49,1,154.88,154.88,152.0,9,1,0,0.0,United Kingdom,82.53999999999999,0.02,154.88,3,⚠️ At Risk Customers
15743,16,4,775.96,193.99,53.5,59,4,168,1.9764705882352942,United Kingdom,426.38,0.23529411764705882,4.591479289940828,0,🌱 Potential Customers
15744,78,1,34.8,34.8,120.0,3,1,0,0.0,United Kingdom,19.599999999999998,0.012658227848101266,34.8,3,⚠️ At Risk Customers
15745,19,4,1094.59,273.64750000000004,105.25,57,4,217,3.540983606557377,United Kingdom,585.395,0.2,5.0210550458715595,0,🌱 Potential Customers
15746,134,1,196.88,196.88,178.0,28,1,0,0.0,United Kingdom,95.03999999999999,0.007407407407407408,196.88,3,⚠️ At Risk Customers
15747,13,3,946.64,315.5466666666666,155.33333333333334,52,3,160,1.7865168539325842,United Kingdom,502.02,0.21428571428571427,5.879751552795031,0,🌱 Potential Customers
15748,40,1,144.36,144.36,50.0,19,1,0,0.0,United Kingdom,78.18,0.024390243902439025,144.36,3,⚠️ At Risk Customers
15749,235,3,44534.3,14844.766666666668,6009.333333333333,5,3,97,10.777777777777779,United Kingdom,22273.65,0.012711864406779662,454.43163265306123,1,🏆 High Value Customers
15750,3,8,2463.05,307.88125,222.875,214,8,364,1.2448275862068965,United Kingdom,1311.2250000000001,2.0,6.7480821917808225,0,🌱 Potential Customers
15752,40,7,2626.6,375.2285714285714,280.0,236,7,333,0.8143564356435643,United Kingdom,1379.3,0.17073170731707318,7.864071856287425,0,🌱 Potential Customers
15753,305,1,79.2,79.2,144.0,1,1,0,0.0,United Kingdom,19.1,0.0032679738562091504,79.2,3,⚠️ At Risk Customers
15754,51,3,458.57,152.85666666666668,66.33333333333333,24,3,195,7.185185185185185,United Kingdom,254.18499999999997,0.057692307692307696,2.339642857142857,0,🌱 Potential Customers
15755,10,6,2364.25,394.0416666666667,237.83333333333334,127,6,284,2.0142857142857142,United Kingdom,1241.125,0.5454545454545454,8.29561403508772,0,🌱 Potential Customers
15756,61,4,528.01,132.0025,60.25,160,4,187,0.9842105263157894,United Kingdom,297.905,0.06451612903225806,2.808563829787234,0,🌱 Potential Customers
15757,66,2,714.42,357.21000000000004,245.5,43,2,152,3.4545454545454546,United Kingdom,370.60999999999996,0.029850746268656716,4.669411764705882,0,🌱 Potential Customers
15758,25,1,205.25,205.25,47.0,9,1,0,0.0,United Kingdom,110.125,0.038461538461538464,205.25,3,⚠️ At Risk Customers
15759,218,3,253.04,84.34666666666668,20.0,5,3,139,23.166666666666668,United Kingdom,134.71999999999997,0.0136986301369863,1.8074285714285714,0,🌱 Potential Customers
15762,65,2,583.75,291.875,125.5,37,2,12,0.3333333333333333,United Kingdom,305.375,0.030303030303030304,44.90384615384615,3,⚠️ At Risk Customers
15763,32,2,1086.92,543.46,135.5,58,2,45,0.75,United Kingdom,560.26,0.06060606060606061,23.628695652173914,3,⚠️ At Risk Customers
15764,88,6,3279.97,546.6616666666667,341.6666666666667,150,6,188,1.0502793296089385,United Kingdom,1691.185,0.06741573033707865,17.354338624338624,0,🌱 Potential Customers
15766,64,1,315.06,315.06,170.0,11,1,0,0.0,United Kingdom,161.13,0.015384615384615385,315.06,3,⚠️ At Risk Customers
15768,116,3,621.8299999999999,207.27666666666664,81.33333333333333,23,3,110,4.230769230769231,United Kingdom,329.31499999999994,0.02564102564102564,5.602072072072072,3,⚠️ At Risk Customers
15769,7,26,56252.72,2163.566153846154,1141.2307692307693,26,25,363,2.744186046511628,United Kingdom,28385.66,3.125,154.54043956043955,2,💎 Premium Customers
15773,6,1,635.6800000000001,635.6800000000001,311.0,10,1,0,0.0,United Kingdom,327.24,0.14285714285714285,635.6800000000001,3,⚠️ At Risk Customers
15774,69,1,270.8,270.8,87.0,25,1,0,0.0,United Kingdom,138.5,0.014285714285714285,270.8,3,⚠️ At Risk Customers
15775,245,1,104.9,104.9,68.0,7,1,0,0.0,United Kingdom,37.95,0.0040650406504065045,104.9,3,⚠️ At Risk Customers
15776,133,1,241.62,241.62,138.0,18,1,0,0.0,United Kingdom,117.51,0.007462686567164179,241.62,3,⚠️ At Risk Customers
15777,241,4,1047.11,261.7775,94.5,18,4,120,5.95,United Kingdom,539.4549999999999,0.01652892561983471,8.653801652892561,3,⚠️ At Risk Customers
15780,184,3,475.28000000000003,158.42666666666668,73.33333333333333,26,3,174,6.178571428571429,United Kingdom,249.23999999999998,0.016216216216216217,2.7158857142857142,3,⚠️ At Risk Customers
15781,25,3,345.46,115.15333333333335,60.0,20,3,280,14.736842105263158,United Kingdom,200.23,0.11538461538461539,1.2293950177935942,0,🌱 Potential Customers
15782,10,3,2614.7400000000002,871.58,288.0,34,3,79,1.880952380952381,United Kingdom,1336.3700000000001,0.2727272727272727,32.684250000000006,0,🌱 Potential Customers
15783,11,1,246.3,246.3,212.0,14,1,0,0.0,United Kingdom,132.05,0.08333333333333333,246.3,3,⚠️ At Risk Customers
15785,33,5,2328.9700000000003,465.79400000000004,322.4,58,5,262,3.1951219512195124,United Kingdom,1211.1850000000002,0.14705882352941177,8.855399239543727,0,🌱 Potential Customers
15786,46,3,4919.0,1639.6666666666667,1113.3333333333333,257,3,68,0.25660377358490566,United Kingdom,2484.9,0.06382978723404255,71.28985507246377,1,🏆 High Value Customers
15787,26,3,933.26,311.08666666666664,178.0,156,3,35,0.17587939698492464,United Kingdom,494.03,0.1111111111111111,25.92388888888889,0,🌱 Potential Customers
15789,358,1,351.3,351.3,438.0,25,1,0,0.0,United Kingdom,149.85,0.002785515320334262,351.3,3,⚠️ At Risk Customers
15790,10,1,218.75,218.75,113.0,34,1,0,0.0,United Kingdom,118.375,0.09090909090909091,218.75,3,⚠️ At Risk Customers
15791,44,2,1612.69,806.345,365.5,66,2,160,2.1621621621621623,United Kingdom,821.945,0.044444444444444446,10.016708074534161,0,🌱 Potential Customers
15793,15,3,965.61,321.87,184.33333333333334,6,3,253,23.0,United Kingdom,511.30500000000006,0.1875,3.8016141732283466,0,🌱 Potential Customers
15795,150,1,610.01,610.01,581.0,42,1,0,0.0,United Kingdom,300.005,0.006622516556291391,610.01,1,🏆 High Value Customers
15796,1,8,2708.61,338.57625,107.5,70,8,301,2.2748091603053435,United Kingdom,1434.2050000000002,4.0,8.968907284768212,0,🌱 Potential Customers
15797,113,4,2207.4,551.85,218.25,8,4,206,29.285714285714285,United Kingdom,1132.4,0.03508771929824561,10.663768115942029,0,🌱 Potential Customers
15799,76,3,884.14,294.7133333333333,318.3333333333333,94,3,258,2.6597938144329896,United Kingdom,464.46999999999997,0.03896103896103896,3.4136679536679537,0,🌱 Potential Customers
15800,107,2,696.89,348.445,166.0,116,2,139,1.1982758620689655,United Kingdom,357.745,0.018518518518518517,4.977785714285714,0,🌱 Potential Customers
15801,46,3,1063.95,354.65000000000003,190.0,61,3,63,0.9841269841269841,United Kingdom,557.375,0.06382978723404255,16.62421875,3,⚠️ At Risk Customers
15802,143,1,451.42,451.42,1.0,1,1,0,0.0,United Kingdom,221.41,0.006944444444444444,451.42,3,⚠️ At Risk Customers
15803,51,1,415.82000000000005,415.82000000000005,290.0,8,1,0,0.0,United Kingdom,212.81000000000003,0.019230769230769232,415.82000000000005,3,⚠️ At Risk Customers
15804,1,13,4206.39,323.5684615384616,197.30769230769232,170,13,198,0.7394636015325671,United Kingdom,2233.0950000000003,6.5,21.137638190954775,2,💎 Premium Customers
15805,23,17,5488.18,322.83411764705886,198.05882352941177,220,17,341,1.1308724832214765,United Kingdom,2911.79,0.7083333333333334,16.047309941520467,2,💎 Premium Customers
15806,46,3,784.58,261.5266666666667,200.66666666666666,24,3,230,7.666666666666667,United Kingdom,417.69,0.06382978723404255,3.3964502164502166,0,🌱 Potential Customers
15807,50,3,903.9,301.3,143.33333333333334,48,3,26,0.5531914893617021,United Kingdom,476.95,0.058823529411764705,33.477777777777774,3,⚠️ At Risk Customers
15808,306,4,3651.27,912.8175,326.25,142,4,63,0.31958762886597936,United Kingdom,1835.035,0.013029315960912053,57.05109375,3,⚠️ At Risk Customers
15809,36,5,515.77,103.154,60.2,31,5,266,7.794117647058823,United Kingdom,304.28499999999997,0.13513513513513514,1.9317228464419476,0,🌱 Potential Customers
15810,79,4,1391.98,347.995,215.25,66,4,218,2.4545454545454546,United Kingdom,728.09,0.05,6.356073059360731,0,🌱 Potential Customers
15811,22,6,2218.62,369.77,178.5,117,6,343,2.5757575757575757,United Kingdom,1167.11,0.2608695652173913,6.449476744186046,0,🌱 Potential Customers
15812,107,5,1801.14,360.228,184.4,36,5,210,5.225,United Kingdom,939.87,0.046296296296296294,8.536208530805688,0,🌱 Potential Customers
15813,208,2,1303.9099999999999,651.9549999999999,301.5,40,2,31,0.7948717948717948,United Kingdom,651.155,0.009569377990430622,40.747187499999995,3,⚠️ At Risk Customers
15814,17,4,1945.33,486.3325,317.75,63,4,33,0.4507042253521127,United Kingdom,1010.9649999999999,0.2222222222222222,57.21558823529411,0,🌱 Potential Customers
15815,64,5,2100.6,420.12,371.2,33,5,196,4.0625,United Kingdom,1093.8999999999999,0.07692307692307693,10.662944162436547,0,🌱 Potential Customers
15819,49,4,1905.45,476.3625,339.25,96,4,227,1.8524590163934427,United Kingdom,987.825,0.08,8.357236842105264,0,🌱 Potential Customers
15820,320,1,206.98,206.98,128.0,17,1,0,0.0,United Kingdom,81.49,0.003115264797507788,206.98,3,⚠️ At Risk Customers
15821,44,2,570.96,285.48,101.0,57,2,17,0.2786885245901639,United Kingdom,301.08000000000004,0.044444444444444446,31.720000000000002,3,⚠️ At Risk Customers
15822,3,2,885.47,442.735,187.5,28,2,356,11.125,United Kingdom,462.435,0.5,2.4803081232492996,0,🌱 Potential Customers
15823,372,1,15.0,15.0,1.0,1,1,0,0.0,United Kingdom,-19.700000000000003,0.002680965147453083,15.0,3,⚠️ At Risk Customers
15825,172,1,532.94,532.94,220.0,20,1,0,0.0,United Kingdom,259.27000000000004,0.005780346820809248,532.94,3,⚠️ At Risk Customers
15826,56,3,1654.31,551.4366666666666,321.0,64,3,154,2.298507462686567,United Kingdom,851.555,0.05263157894736842,10.672967741935484,0,🌱 Potential Customers
15827,73,14,1836.0900000000001,131.14928571428572,63.0,72,13,299,2.587719298245614,United Kingdom,1050.7450000000001,0.17567567567567569,6.1203,0,🌱 Potential Customers
15829,99,2,636.14,318.07,498.0,44,2,41,0.82,United Kingdom,328.17,0.02,15.146190476190476,3,⚠️ At Risk Customers
15830,38,1,576.0,576.0,415.0,39,1,0,0.0,United Kingdom,294.2,0.02564102564102564,576.0,3,⚠️ At Risk Customers
15831,58,3,794.64,264.88,364.0,63,3,265,4.061538461538461,United Kingdom,421.52,0.05084745762711865,2.9873684210526315,0,🌱 Potential Customers
15832,254,1,836.79,836.79,465.0,54,1,0,0.0,United Kingdom,402.995,0.00392156862745098,836.79,1,🏆 High Value Customers
15834,70,4,2225.15,556.2875,240.25,242,4,206,0.7686567164179104,United Kingdom,1145.575,0.056338028169014086,10.749516908212561,0,🌱 Potential Customers
15835,44,4,954.09,238.5225,109.75,47,4,286,5.816326530612245,United Kingdom,512.6450000000001,0.08888888888888889,3.3243554006968643,0,🌱 Potential Customers
15836,50,1,137.37,137.37,26.0,10,1,0,0.0,United Kingdom,73.685,0.0196078431372549,137.37,3,⚠️ At Risk Customers
15837,65,1,391.98,391.98,189.0,24,1,0,0.0,United Kingdom,199.49,0.015151515151515152,391.98,3,⚠️ At Risk Customers
15838,11,19,33643.08,1770.6884210526316,966.7368421052631,54,19,356,2.1144578313253013,United Kingdom,17010.440000000002,1.5833333333333333,94.23831932773109,2,💎 Premium Customers
15839,33,3,1048.49,349.49666666666667,225.0,56,3,114,1.8688524590163935,United Kingdom,550.945,0.08823529411764706,9.117304347826087,0,🌱 Potential Customers
15840,59,2,355.56,177.78,198.0,26,2,113,4.346153846153846,United Kingdom,191.88,0.03333333333333333,3.1189473684210527,3,⚠️ At Risk Customers
15841,73,4,1224.06,306.015,235.5,36,4,266,5.739130434782608,United Kingdom,644.73,0.05405405405405406,4.584494382022472,0,🌱 Potential Customers
15843,304,1,118.95000000000002,118.95000000000002,27.0,8,1,0,0.0,United Kingdom,39.075,0.003278688524590164,118.95000000000002,3,⚠️ At Risk Customers
15844,46,1,130.73999999999998,130.73999999999998,134.0,11,1,0,0.0,United Kingdom,70.77,0.02127659574468085,130.73999999999998,3,⚠️ At Risk Customers
15845,18,8,3711.77,463.97125,240.75,97,8,319,2.2992700729927007,United Kingdom,1934.085,0.42105263157894735,11.59928125,0,🌱 Potential Customers
15847,38,2,389.27,194.635,224.5,22,2,249,11.857142857142858,United Kingdom,210.83499999999998,0.05128205128205128,1.55708,0,🌱 Potential Customers
15850,19,2,234.88,117.44,149.0,87,2,148,1.608695652173913,United Kingdom,135.54,0.1,1.5763758389261744,0,🌱 Potential Customers
15852,187,2,160.71,80.355,24.0,22,2,10,0.47619047619047616,United Kingdom,81.655,0.010638297872340425,14.610000000000001,3,⚠️ At Risk Customers
15853,52,1,110.8,110.8,135.0,29,1,0,0.0,United Kingdom,60.2,0.018867924528301886,110.8,3,⚠️ At Risk Customers
15854,4,12,2969.12,247.42666666666665,77.16666666666667,105,11,357,2.5693430656934306,United Kingdom,1604.1599999999999,2.2,8.2936312849162,0,🌱 Potential Customers
15855,137,5,712.24,142.448,94.0,59,5,126,1.5949367088607596,United Kingdom,392.42,0.036231884057971016,5.608188976377953,3,⚠️ At Risk Customers
15856,4,27,16143.64,597.9125925925925,402.44444444444446,295,27,361,0.5582137161084529,United Kingdom,8341.42,5.4,44.5956906077348,2,💎 Premium Customers
15857,19,1,297.0,297.0,308.0,14,1,0,0.0,United Kingdom,156.6,0.05,297.0,3,⚠️ At Risk Customers
15858,16,5,1427.57,285.514,232.6,145,5,351,1.8663101604278074,United Kingdom,762.185,0.29411764705882354,4.055596590909091,0,🌱 Potential Customers
15860,41,8,965.16,120.645,54.625,105,8,327,2.3405797101449277,United Kingdom,558.4799999999999,0.19047619047619047,2.942560975609756,0,🌱 Potential Customers
15861,12,8,3146.92,393.365,316.0,339,9,254,0.46938775510204084,United Kingdom,1652.26,0.6923076923076923,12.34086274509804,0,🌱 Potential Customers
15862,8,4,832.88,208.22,146.25,142,4,365,2.493150684931507,United Kingdom,455.64,0.4444444444444444,2.2756284153005466,0,🌱 Potential Customers
15863,26,2,68.84,34.42,9.5,18,2,167,9.823529411764707,United Kingdom,51.82,0.07407407407407407,0.40976190476190477,0,🌱 Potential Customers
15864,22,6,1936.3200000000002,322.71999999999997,198.66666666666666,16,6,293,15.368421052631579,United Kingdom,1025.96,0.2608695652173913,6.586122448979593,0,🌱 Potential Customers
15865,41,3,895.13,298.37666666666667,122.66666666666667,37,3,173,4.410256410256411,United Kingdom,473.465,0.07142857142857142,5.144425287356322,0,🌱 Potential Customers
15866,101,1,211.89,211.89,124.0,43,1,0,0.0,United Kingdom,105.845,0.00980392156862745,211.89,3,⚠️ At Risk Customers
15867,5,15,3810.14,254.00933333333333,136.8,302,15,363,0.7816593886462883,United Kingdom,2054.5699999999997,2.5,10.467417582417582,2,💎 Premium Customers
15869,277,2,149.64,74.82,87.5,13,2,0,0.0,United Kingdom,67.11999999999999,0.007194244604316547,149.64,3,⚠️ At Risk Customers
15870,33,1,351.44,351.44,333.0,68,1,0,0.0,United Kingdom,182.42,0.029411764705882353,351.44,3,⚠️ At Risk Customers
15872,15,2,316.25,158.125,93.5,101,2,0,0.0,United Kingdom,176.625,0.125,316.25,3,⚠️ At Risk Customers
15874,64,7,4405.88,629.4114285714286,362.0,110,7,220,1.8319327731092436,United Kingdom,2266.54,0.1076923076923077,19.936108597285067,0,🌱 Potential Customers
15877,2,2,490.33,245.16500000000002,184.0,122,2,16,0.128,United Kingdom,264.965,0.6666666666666666,28.84294117647059,3,⚠️ At Risk Customers
15880,369,1,329.03000000000003,329.03000000000003,202.0,95,1,0,0.0,United Kingdom,137.615,0.002702702702702703,329.03000000000003,3,⚠️ At Risk Customers
15881,312,5,501.39000000000004,100.278,52.0,26,5,52,1.8214285714285714,United Kingdom,269.49500000000006,0.01597444089456869,9.460188679245285,3,⚠️ At Risk Customers
15882,199,4,516.36,129.09,69.0,23,4,169,7.681818181818182,United Kingdom,278.28000000000003,0.02,3.0374117647058823,3,⚠️ At Risk Customers
15883,2,2,396.48,198.24,111.5,42,2,31,0.6458333333333334,United Kingdom,218.04000000000002,0.6666666666666666,12.39,3,⚠️ At Risk Customers
15885,93,3,379.35,126.45,37.0,18,3,216,12.647058823529411,United Kingdom,210.375,0.031914893617021274,1.74815668202765,0,🌱 Potential Customers
15886,60,1,181.09,181.09,147.0,12,1,0,0.0,United Kingdom,94.545,0.01639344262295082,181.09,3,⚠️ At Risk Customers
15888,81,1,168.31,168.31,76.0,11,1,0,0.0,United Kingdom,86.055,0.012195121951219513,168.31,3,⚠️ At Risk Customers
15889,157,2,420.07,210.035,103.0,79,2,212,2.5238095238095237,United Kingdom,214.335,0.012658227848101266,1.9721596244131454,0,🌱 Potential Customers
15891,227,1,511.68,511.68,418.0,60,1,0,0.0,United Kingdom,243.14000000000004,0.0043859649122807015,511.68,3,⚠️ At Risk Customers
15894,253,2,258.25,129.125,82.0,35,2,115,3.1944444444444446,United Kingdom,123.825,0.007874015748031496,2.226293103448276,3,⚠️ At Risk Customers
15895,150,1,179.17,179.17,94.0,11,1,0,0.0,United Kingdom,84.585,0.006622516556291391,179.17,3,⚠️ At Risk Customers
15897,194,2,208.59,104.295,111.5,17,2,0,0.0,United Kingdom,104.895,0.010256410256410256,208.59,3,⚠️ At Risk Customers
15898,1,5,1383.83,276.76599999999996,113.4,70,5,367,4.397590361445783,United Kingdom,741.8149999999999,2.5,3.760407608695652,0,🌱 Potential Customers
15899,369,1,56.25,56.25,39.0,4,1,0,0.0,United Kingdom,1.2250000000000014,0.002702702702702703,56.25,3,⚠️ At Risk Customers
15900,24,1,337.28,337.28,216.0,44,1,0,0.0,United Kingdom,176.23999999999998,0.04,337.28,3,⚠️ At Risk Customers
15901,17,3,351.73,117.24333333333334,126.33333333333333,102,3,138,1.2545454545454546,United Kingdom,204.16500000000002,0.16666666666666666,2.530431654676259,0,🌱 Potential Customers
15903,10,7,5126.76,732.3942857142857,344.2857142857143,46,7,285,3.863013698630137,United Kingdom,2632.38,0.6363636363636364,17.925734265734267,0,🌱 Potential Customers
15904,8,1,164.68,164.68,84.0,30,1,0,0.0,United Kingdom,91.54,0.1111111111111111,164.68,3,⚠️ At Risk Customers
15906,20,7,1567.69,223.95571428571427,77.71428571428571,113,7,235,1.563758389261745,United Kingdom,851.845,0.3333333333333333,6.642754237288136,0,🌱 Potential Customers
15907,4,3,882.72,294.24,159.33333333333334,175,3,206,0.9111111111111111,United Kingdom,470.96000000000004,0.6,4.264347826086957,0,🌱 Potential Customers
15909,174,1,191.94,191.94,98.0,7,1,0,0.0,United Kingdom,88.57,0.005714285714285714,191.94,3,⚠️ At Risk Customers
15910,1,8,1228.88,153.61,126.625,215,8,315,1.181132075471698,United Kingdom,694.34,4.0,3.8888607594936713,0,🌱 Potential Customers
15912,178,2,264.62,132.31,92.5,19,2,54,3.0,United Kingdom,134.51,0.0111731843575419,4.811272727272727,3,⚠️ At Risk Customers
15916,16,8,1502.8600000000001,187.85750000000002,94.0,124,8,350,2.3133333333333335,United Kingdom,829.83,0.47058823529411764,4.281652421652422,0,🌱 Potential Customers
15917,248,1,123.1,123.1,42.0,12,1,0,0.0,United Kingdom,46.75,0.004016064257028112,123.1,3,⚠️ At Risk Customers
15918,191,2,334.23,167.115,76.5,33,2,80,2.051282051282051,United Kingdom,168.01500000000001,0.010416666666666666,4.126296296296297,3,⚠️ At Risk Customers
15919,20,2,525.69,262.845,192.5,103,2,349,2.884297520661157,United Kingdom,280.845,0.09523809523809523,1.5019714285714287,0,🌱 Potential Customers
15920,154,4,167.5,41.875,24.75,53,4,0,0.0,United Kingdom,108.35,0.025806451612903226,167.5,3,⚠️ At Risk Customers
15921,173,1,323.03000000000003,323.03000000000003,162.0,24,1,0,0.0,United Kingdom,154.215,0.005747126436781609,323.03000000000003,3,⚠️ At Risk Customers
15922,373,1,369.5,369.5,138.0,11,1,0,0.0,United Kingdom,157.45,0.00267379679144385,369.5,3,⚠️ At Risk Customers
15923,373,1,127.08,127.08,122.0,21,1,0,0.0,United Kingdom,36.23999999999999,0.00267379679144385,127.08,3,⚠️ At Risk Customers
15925,194,1,207.15,207.15,93.0,12,1,0,0.0,United Kingdom,94.175,0.005128205128205128,207.15,3,⚠️ At Risk Customers
15930,67,1,426.63,426.63,139.0,21,1,0,0.0,United Kingdom,216.615,0.014705882352941176,426.63,3,⚠️ At Risk Customers
15932,4,8,2495.87,311.98375,290.625,93,8,285,2.473684210526316,United Kingdom,1327.5349999999999,1.6,8.726818181818182,0,🌱 Potential Customers
15933,21,3,1107.46,369.15333333333336,295.0,63,3,65,0.8767123287671232,United Kingdom,581.63,0.13636363636363635,16.77969696969697,0,🌱 Potential Customers
15935,239,2,416.86,208.43,57.5,12,2,2,0.18181818181818182,United Kingdom,204.53,0.008333333333333333,138.95333333333335,3,⚠️ At Risk Customers
15937,64,1,145.35,145.35,73.0,7,1,0,0.0,United Kingdom,76.27499999999999,0.015384615384615385,145.35,3,⚠️ At Risk Customers
15938,112,5,404.58,80.91600000000001,48.0,13,5,211,12.294117647058824,United Kingdom,241.09,0.04424778761061947,1.9083962264150942,0,🌱 Potential Customers
15939,90,15,6115.01,407.6673333333334,315.2,28,15,241,3.1466666666666665,United Kingdom,3198.505,0.16483516483516483,25.268636363636364,0,🌱 Potential Customers
15940,311,1,35.8,35.8,4.0,1,1,0,0.0,United Kingdom,-3.200000000000003,0.003205128205128205,35.8,3,⚠️ At Risk Customers
15942,134,1,337.44,337.44,232.0,14,1,0,0.0,United Kingdom,165.32,0.007407407407407408,337.44,3,⚠️ At Risk Customers
15944,277,1,325.1,325.1,50.0,6,1,0,0.0,United Kingdom,144.85000000000002,0.0035971223021582736,325.1,3,⚠️ At Risk Customers
15945,365,1,181.0,181.0,52.0,2,1,0,0.0,United Kingdom,64.0,0.00273224043715847,181.0,3,⚠️ At Risk Customers
15947,83,1,1708.24,1708.24,898.0,29,1,0,0.0,United Kingdom,855.82,0.011904761904761904,1708.24,1,🏆 High Value Customers
15948,8,2,955.24,477.62,283.5,51,2,35,0.5932203389830508,United Kingdom,496.82,0.2222222222222222,26.534444444444446,3,⚠️ At Risk Customers
15949,17,2,364.72,182.36,142.0,12,2,54,3.0,United Kingdom,200.66000000000003,0.1111111111111111,6.631272727272727,3,⚠️ At Risk Customers
15950,32,4,1744.71,436.1775,179.75,86,4,327,3.3958333333333335,United Kingdom,909.155,0.12121212121212122,5.319237804878049,0,🌱 Potential Customers
15951,9,2,708.22,354.11,156.5,36,2,276,6.9,United Kingdom,373.21000000000004,0.2,2.556750902527076,0,🌱 Potential Customers
15952,34,4,781.91,195.4775,97.75,65,4,191,2.289156626506024,United Kingdom,427.555,0.11428571428571428,4.0724479166666665,0,🌱 Potential Customers
15953,15,8,1657.28,207.16,111.375,63,8,354,3.6458333333333335,United Kingdom,907.14,0.5,4.668394366197183,0,🌱 Potential Customers
15955,24,14,4416.26,315.44714285714286,152.5,137,13,348,1.89010989010989,United Kingdom,2345.73,0.52,12.654040114613181,0,🌱 Potential Customers
15957,32,1,428.89,428.89,211.0,40,1,0,0.0,United Kingdom,221.245,0.030303030303030304,428.89,3,⚠️ At Risk Customers
15958,74,1,104.35,104.35,33.0,7,1,0,0.0,United Kingdom,54.775,0.013333333333333334,104.35,3,⚠️ At Risk Customers
15963,20,2,470.76,235.38,149.0,26,2,25,0.9259259259259259,United Kingdom,253.38,0.09523809523809523,18.106153846153845,3,⚠️ At Risk Customers
15965,17,4,808.87,202.2175,108.5,88,4,350,3.172727272727273,United Kingdom,442.735,0.2222222222222222,2.3044729344729347,0,🌱 Potential Customers
15967,23,2,397.68,198.84,102.5,73,2,295,3.7341772151898733,United Kingdom,216.54,0.08333333333333333,1.3435135135135134,0,🌱 Potential Customers
15969,3,3,666.1,222.03333333333333,41.333333333333336,20,3,182,9.578947368421053,United Kingdom,362.75,0.75,3.639890710382514,0,🌱 Potential Customers
15970,304,1,314.1,314.1,116.0,11,1,0,0.0,United Kingdom,136.65,0.003278688524590164,314.1,3,⚠️ At Risk Customers
15971,18,12,4199.85,349.9875,143.08333333333334,10,12,293,8.529411764705882,United Kingdom,2218.125,0.631578947368421,14.285204081632655,0,🌱 Potential Customers
15973,367,1,307.82000000000005,307.82000000000005,106.0,4,1,0,0.0,United Kingdom,127.21000000000002,0.002717391304347826,307.82000000000005,3,⚠️ At Risk Customers
15974,39,7,3442.15,491.7357142857143,323.14285714285717,141,7,249,1.4057142857142857,United Kingdom,1787.175,0.175,13.768600000000001,0,🌱 Potential Customers
15975,84,1,371.01,371.01,243.0,24,1,0,0.0,United Kingdom,187.105,0.011764705882352941,371.01,3,⚠️ At Risk Customers
15976,165,2,427.64,213.82,137.5,83,2,54,0.5684210526315789,United Kingdom,217.32,0.012048192771084338,7.775272727272727,3,⚠️ At Risk Customers
15977,17,2,1054.73,527.365,508.0,48,2,21,0.328125,United Kingdom,545.665,0.1111111111111111,47.94227272727273,3,⚠️ At Risk Customers
15978,77,1,1098.78,1098.78,888.0,49,1,0,0.0,United Kingdom,551.6899999999999,0.01282051282051282,1098.78,1,🏆 High Value Customers
15980,89,3,2398.86,799.6199999999999,520.0,40,3,165,3.9285714285714284,United Kingdom,1220.53,0.03333333333333333,14.450963855421687,0,🌱 Potential Customers
15981,25,8,3408.48,426.06,233.25,53,8,286,2.9583333333333335,United Kingdom,1781.74,0.3076923076923077,11.876236933797909,0,🌱 Potential Customers
15983,22,4,1465.12,366.28000000000003,221.5,82,4,351,3.1531531531531534,United Kingdom,770.3599999999999,0.17391304347826086,4.162272727272727,0,🌱 Potential Customers
15984,3,10,2780.63,278.063,181.5,217,10,365,1.404669260700389,United Kingdom,1490.015,2.5,7.597349726775956,0,🌱 Potential Customers
15985,123,2,1142.42,571.21,543.0,29,2,113,3.138888888888889,United Kingdom,578.9100000000001,0.016129032258064516,10.02122807017544,3,⚠️ At Risk Customers
15986,30,1,168.12,168.12,268.0,14,1,0,0.0,United Kingdom,91.06,0.03225806451612903,168.12,3,⚠️ At Risk Customers
15987,12,7,1432.77,204.68142857142857,219.0,110,7,356,2.7874015748031495,United Kingdom,785.185,0.5384615384615384,4.013361344537815,0,🌱 Potential Customers
15988,19,1,156.78,156.78,180.0,26,1,0,0.0,United Kingdom,86.49,0.05,156.78,3,⚠️ At Risk Customers
15990,44,2,792.11,396.055,221.5,52,2,243,4.764705882352941,United Kingdom,411.65500000000003,0.044444444444444446,3.2463524590163937,0,🌱 Potential Customers
15992,4,1,41.989999999999995,41.989999999999995,17.0,3,1,0,0.0,United Kingdom,30.595,0.2,41.989999999999995,3,⚠️ At Risk Customers
15993,9,7,2777.67,396.81,291.0,335,7,35,0.05904059040590406,United Kingdom,1457.935,0.7,77.1575,0,🌱 Potential Customers
15994,55,1,414.27,414.27,173.0,31,1,0,0.0,United Kingdom,211.635,0.017857142857142856,414.27,3,⚠️ At Risk Customers
15996,88,6,1032.58,172.09666666666666,63.333333333333336,103,6,277,2.1984126984126986,United Kingdom,567.49,0.06741573033707865,3.7143165467625896,0,🌱 Potential Customers
15998,37,5,3080.22,616.044,406.4,370,5,325,0.6421471172962226,United Kingdom,1586.4099999999999,0.13157894736842105,9.448527607361962,0,🌱 Potential Customers
16000,3,3,12393.7,4131.233333333334,1703.3333333333333,9,3,0,0.0,United Kingdom,6226.55,0.75,12393.7,1,🏆 High Value Customers
16003,30,5,2735.37,547.074,237.0,82,5,329,3.215686274509804,United Kingdom,1414.685,0.16129032258064516,8.289,0,🌱 Potential Customers
16005,12,4,578.71,144.6775,70.0,173,4,258,1.29,United Kingdom,328.15500000000003,0.3076923076923077,2.2344015444015444,0,🌱 Potential Customers
16006,211,1,101.4,101.4,84.0,8,1,0,0.0,United Kingdom,39.6,0.0047169811320754715,101.4,3,⚠️ At Risk Customers
16007,48,4,1693.81,423.4525,347.0,221,4,167,0.4368421052631579,United Kingdom,882.105,0.08163265306122448,10.082202380952381,0,🌱 Potential Customers
16008,24,3,478.78,159.59333333333333,107.66666666666667,29,3,180,5.625,United Kingdom,266.99,0.12,2.6451933701657455,0,🌱 Potential Customers
16009,22,4,972.11,243.0275,91.5,68,4,137,1.691358024691358,United Kingdom,523.855,0.17391304347826086,7.0442753623188405,0,🌱 Potential Customers
16010,246,3,392.4,130.79999999999998,67.33333333333333,62,3,116,1.4743589743589745,United Kingdom,201.6,0.012145748987854251,3.3538461538461535,3,⚠️ At Risk Customers
16011,8,16,3352.96,209.56,127.1875,99,16,357,1.6794258373205742,United Kingdom,1835.68,1.7777777777777777,9.365810055865921,0,🌱 Potential Customers
16012,35,3,1415.29,471.7633333333333,266.3333333333333,87,3,119,1.2795698924731183,United Kingdom,734.145,0.08333333333333333,11.794083333333333,0,🌱 Potential Customers
16013,4,47,37130.6,790.0127659574467,330.5531914893617,30,44,367,2.5579710144927534,United Kingdom,19034.899999999998,8.8,100.8983695652174,2,💎 Premium Customers
16014,38,3,646.83,215.61,86.0,123,3,253,1.8394160583941606,United Kingdom,349.615,0.07692307692307693,2.5465748031496065,0,🌱 Potential Customers
16015,4,3,704.55,234.85,302.3333333333333,146,3,45,0.24444444444444444,United Kingdom,381.875,0.6,15.316304347826087,0,🌱 Potential Customers
16016,3,8,1465.51,183.18875,75.25,156,8,363,1.6143497757847534,United Kingdom,812.455,2.0,4.026126373626374,0,🌱 Potential Customers
16017,47,1,211.88,211.88,102.0,26,1,0,0.0,United Kingdom,111.24,0.020833333333333332,211.88,3,⚠️ At Risk Customers
16018,39,2,408.90000000000003,204.45,95.0,26,2,141,5.222222222222222,United Kingdom,220.55,0.05,2.8795774647887327,0,🌱 Potential Customers
16019,47,9,3786.2400000000002,420.6933333333334,192.55555555555554,133,9,317,1.9748427672955975,United Kingdom,1978.42,0.1875,11.906415094339623,0,🌱 Potential Customers
16020,17,3,851.01,283.67,162.33333333333334,42,2,48,1.0666666666666667,United Kingdom,453.805,0.1111111111111111,17.367551020408165,3,⚠️ At Risk Customers
16022,260,1,602.63,602.63,255.0,68,1,0,0.0,United Kingdom,285.315,0.0038314176245210726,602.63,3,⚠️ At Risk Customers
16023,46,3,719.81,239.9366666666667,119.33333333333333,90,3,220,2.2,United Kingdom,385.30499999999995,0.06382978723404255,3.2570588235294116,0,🌱 Potential Customers
16024,12,1,251.03,251.03,397.0,61,1,0,0.0,United Kingdom,134.315,0.07692307692307693,251.03,3,⚠️ At Risk Customers
16025,30,1,439.65999999999997,439.65999999999997,338.0,28,1,0,0.0,United Kingdom,226.82999999999998,0.03225806451612903,439.65999999999997,3,⚠️ At Risk Customers
16026,43,1,236.09,236.09,243.0,30,1,0,0.0,United Kingdom,123.74500000000002,0.022727272727272728,236.09,3,⚠️ At Risk Customers
16027,92,6,934.62,155.77,191.16666666666666,11,6,210,13.866666666666667,United Kingdom,518.1099999999999,0.06451612903225806,4.429478672985782,0,🌱 Potential Customers
16029,39,63,80850.84,1283.3466666666666,636.6349206349206,44,61,335,1.3166666666666667,United Kingdom,41051.52,1.525,240.6275,2,💎 Premium Customers
16030,310,1,331.24,331.24,283.0,28,1,0,0.0,United Kingdom,144.62,0.003215434083601286,331.24,3,⚠️ At Risk Customers
16031,92,2,547.9,273.95,210.5,91,2,154,1.5876288659793814,United Kingdom,284.75,0.021505376344086023,3.534838709677419,0,🌱 Potential Customers
16033,6,20,8778.82,438.941,176.45,538,20,364,0.3149955634427684,United Kingdom,4588.8099999999995,2.857142857142857,24.051561643835615,2,💎 Premium Customers
16034,196,3,437.7,145.9,80.66666666666667,18,3,136,6.476190476190476,United Kingdom,229.25,0.015228426395939087,3.194890510948905,3,⚠️ At Risk Customers
16036,87,2,758.92,379.46000000000004,358.0,55,2,176,3.259259259259259,United Kingdom,390.76,0.022727272727272728,4.287683615819208,0,🌱 Potential Customers
16037,270,3,855.02,285.00666666666666,142.66666666666666,37,3,88,2.3157894736842106,United Kingdom,430.51,0.01107011070110701,9.606966292134832,3,⚠️ At Risk Customers
16038,8,3,471.78000000000003,157.26,81.33333333333333,24,3,194,7.72,United Kingdom,265.09,0.3333333333333333,2.4193846153846157,0,🌱 Potential Customers
16040,65,3,1313.55,437.84999999999997,228.0,57,3,203,3.15625,United Kingdom,680.275,0.045454545454545456,6.438970588235294,0,🌱 Potential Customers
16041,31,3,3166.4,1055.4666666666667,528.0,6,3,110,22.0,United Kingdom,1610.1000000000001,0.09375,28.526126126126126,0,🌱 Potential Customers
16042,22,5,1177.47,235.494,148.6,68,5,310,4.478260869565218,United Kingdom,636.535,0.21739130434782608,3.7860771704180065,0,🌱 Potential Customers
16043,38,4,773.99,193.4975,125.75,30,4,280,7.342105263157895,United Kingdom,423.195,0.10256410256410256,2.7544128113879003,0,🌱 Potential Customers
16045,120,4,1340.7,335.175,224.25,71,4,170,2.0609756097560976,United Kingdom,698.35,0.03305785123966942,7.840350877192983,0,🌱 Potential Customers
16048,373,2,256.44,128.22000000000003,72.0,8,2,0,0.0,United Kingdom,110.91999999999999,0.0053475935828877,256.44,3,⚠️ At Risk Customers
16049,40,3,1074.81,358.27,254.33333333333334,248,3,34,0.11409395973154363,United Kingdom,563.405,0.07317073170731707,30.70885714285714,0,🌱 Potential Customers
16050,174,1,137.9,137.9,278.0,10,1,0,0.0,United Kingdom,61.55,0.005714285714285714,137.9,3,⚠️ At Risk Customers
16052,54,1,362.06,362.06,282.0,34,1,0,0.0,United Kingdom,185.63,0.01818181818181818,362.06,3,⚠️ At Risk Customers
16053,33,2,1511.95,755.975,896.5,81,2,89,1.072289156626506,United Kingdom,772.6750000000001,0.058823529411764705,16.799444444444443,1,🏆 High Value Customers
16054,145,1,783.9,783.9,380.0,70,1,0,0.0,United Kingdom,387.45,0.00684931506849315,783.9,1,🏆 High Value Customers
16055,221,1,134.8,134.8,22.0,8,1,0,0.0,United Kingdom,55.300000000000004,0.0045045045045045045,134.8,3,⚠️ At Risk Customers
16056,45,1,650.75,650.75,345.0,66,1,0,0.0,United Kingdom,330.875,0.021739130434782608,650.75,3,⚠️ At Risk Customers
16057,16,7,2263.12,323.30285714285714,123.28571428571429,109,6,268,2.2333333333333334,United Kingdom,1199.96,0.35294117647058826,8.413085501858736,0,🌱 Potential Customers
16059,66,6,1453.16,242.19333333333336,106.83333333333333,126,6,301,1.689265536723164,United Kingdom,779.98,0.08955223880597014,4.811788079470199,0,🌱 Potential Customers
16062,10,4,1153.62,288.405,200.0,50,4,355,5.603174603174603,United Kingdom,615.81,0.36363636363636365,3.2405056179775276,0,🌱 Potential Customers
16063,260,1,335.32,335.32,262.0,23,2,0,0.0,United Kingdom,151.66,0.007662835249042145,335.32,3,⚠️ At Risk Customers
16065,365,1,367.14,367.14,228.0,71,1,0,0.0,United Kingdom,157.07,0.00273224043715847,367.14,3,⚠️ At Risk Customers
16066,17,5,1521.04,304.20799999999997,187.0,77,5,107,1.06,United Kingdom,808.8199999999999,0.2777777777777778,14.083703703703703,0,🌱 Potential Customers
16070,22,2,852.15,426.07500000000005,228.5,32,2,9,0.28125,United Kingdom,443.875,0.08695652173913043,85.215,3,⚠️ At Risk Customers
16071,45,1,326.24,326.24,180.0,21,1,0,0.0,United Kingdom,168.62,0.021739130434782608,326.24,3,⚠️ At Risk Customers
16072,288,1,584.3199999999999,584.3199999999999,140.0,23,1,0,0.0,United Kingdom,273.35999999999996,0.0034602076124567475,584.3199999999999,3,⚠️ At Risk Customers
16073,297,1,122.39999999999999,122.39999999999999,48.0,1,1,0,0.0,United Kingdom,41.499999999999986,0.003355704697986577,122.39999999999999,3,⚠️ At Risk Customers
16076,3,10,2234.73,223.473,143.5,71,10,205,1.5703125,United Kingdom,1217.065,2.5,10.848203883495145,0,🌱 Potential Customers
16078,284,1,79.2,79.2,16.0,1,1,0,0.0,United Kingdom,21.2,0.0035087719298245615,79.2,3,⚠️ At Risk Customers
16079,17,3,1352.0,450.6666666666667,288.0,18,3,23,1.15,United Kingdom,704.3,0.16666666666666666,56.333333333333336,3,⚠️ At Risk Customers
16080,82,2,217.16,108.58,64.0,10,2,192,21.333333333333332,United Kingdom,120.37999999999998,0.024096385542168676,1.125181347150259,0,🌱 Potential Customers
16081,56,5,2799.42,559.884,294.6,175,5,310,1.3873873873873874,United Kingdom,1444.1100000000001,0.08771929824561403,9.001350482315113,0,🌱 Potential Customers
16083,101,2,1317.62,658.81,454.0,31,2,259,8.633333333333333,United Kingdom,668.7099999999999,0.0196078431372549,5.067769230769231,0,🌱 Potential Customers
16084,299,1,436.18,436.18,216.0,38,1,0,0.0,United Kingdom,198.19,0.0033333333333333335,436.18,3,⚠️ At Risk Customers
16085,23,5,981.51,196.302,127.2,123,5,297,1.783132530120482,United Kingdom,538.455,0.20833333333333334,3.2936577181208055,0,🌱 Potential Customers
16086,59,5,1121.39,224.27799999999996,102.2,24,5,307,8.026315789473685,United Kingdom,604.7950000000001,0.08333333333333333,3.6408766233766237,0,🌱 Potential Customers
16091,155,2,315.06,157.53,77.0,16,2,43,2.5294117647058822,United Kingdom,162.03,0.01282051282051282,7.160454545454545,3,⚠️ At Risk Customers
16092,115,3,817.86,272.62,209.33333333333334,37,3,139,2.76,United Kingdom,427.43,0.02586206896551724,5.841857142857143,3,⚠️ At Risk Customers
16093,107,1,17.0,17.0,20.0,1,1,0,0.0,United Kingdom,7.799999999999999,0.009259259259259259,17.0,3,⚠️ At Risk Customers
16094,12,4,1078.23,269.5575,161.75,48,3,207,3.338709677419355,United Kingdom,577.915,0.23076923076923078,5.183798076923077,0,🌱 Potential Customers
16096,264,1,320.62,320.62,155.0,12,1,0,0.0,United Kingdom,143.91,0.0037735849056603774,320.62,3,⚠️ At Risk Customers
16097,240,1,185.04999999999998,185.04999999999998,87.0,10,1,0,0.0,United Kingdom,78.52499999999999,0.004149377593360996,185.04999999999998,3,⚠️ At Risk Customers
16098,88,7,2005.63,286.5185714285714,87.57142857142857,34,8,286,4.2727272727272725,United Kingdom,1064.015,0.0898876404494382,6.988257839721255,0,🌱 Potential Customers
16099,50,3,731.9,243.9666666666667,144.66666666666666,29,3,175,4.605263157894737,United Kingdom,390.95,0.058823529411764705,4.158522727272727,0,🌱 Potential Customers
16101,71,1,1290.7,1290.7,757.0,76,1,0,0.0,United Kingdom,648.25,0.013888888888888888,1290.7,1,🏆 High Value Customers
16102,42,3,1842.14,614.0466666666667,314.0,41,3,86,1.5178571428571428,United Kingdom,946.87,0.06976744186046512,21.174022988505747,0,🌱 Potential Customers
16103,7,6,1429.64,238.27333333333334,93.0,30,6,226,4.76595744680851,United Kingdom,774.12,0.75,6.297973568281939,0,🌱 Potential Customers
16104,62,1,298.21,298.21,122.0,28,1,0,0.0,United Kingdom,152.905,0.015873015873015872,298.21,3,⚠️ At Risk Customers
16105,249,1,336.96,336.96,330.0,13,1,0,0.0,United Kingdom,153.57999999999998,0.004,336.96,3,⚠️ At Risk Customers
16106,66,1,108.38,108.38,74.0,6,1,0,0.0,United Kingdom,57.589999999999996,0.014925373134328358,108.38,3,⚠️ At Risk Customers
16107,18,7,3204.1600000000003,457.7371428571429,168.0,16,7,165,5.4,United Kingdom,1670.2800000000002,0.3684210526315789,19.302168674698798,0,🌱 Potential Customers
16108,85,1,842.5,842.5,615.0,48,1,0,0.0,United Kingdom,422.75,0.011627906976744186,842.5,1,🏆 High Value Customers
16109,219,2,611.88,305.93999999999994,306.0,18,2,89,5.235294117647059,United Kingdom,304.04,0.00909090909090909,6.798666666666667,3,⚠️ At Risk Customers
16110,45,3,1320.95,440.31666666666666,240.0,283,3,266,0.7771260997067448,United Kingdom,685.975,0.06521739130434782,4.947378277153558,0,🌱 Potential Customers
16112,143,4,195.73999999999998,48.935,143.5,15,4,195,12.866666666666667,United Kingdom,123.57000000000001,0.027777777777777776,0.998673469387755,0,🌱 Potential Customers
16113,183,1,161.38,161.38,176.0,30,1,0,0.0,United Kingdom,72.39,0.005434782608695652,161.38,3,⚠️ At Risk Customers
16114,171,1,135.75000000000003,135.75000000000003,43.0,8,1,0,0.0,United Kingdom,60.77500000000001,0.005813953488372093,135.75000000000003,3,⚠️ At Risk Customers
16115,10,8,1660.8799999999999,207.61,124.25,169,8,282,1.0035971223021583,United Kingdom,909.4399999999999,0.7272727272727273,5.868833922261484,0,🌱 Potential Customers
16116,212,1,612.78,612.78,248.0,34,1,0,0.0,United Kingdom,295.19,0.004694835680751174,612.78,3,⚠️ At Risk Customers
16117,190,1,232.21,232.21,130.0,30,1,0,0.0,United Kingdom,107.105,0.005235602094240838,232.21,3,⚠️ At Risk Customers
16119,8,2,423.36,211.68,120.0,14,2,64,4.266666666666667,United Kingdom,230.88,0.2222222222222222,6.51323076923077,3,⚠️ At Risk Customers
16120,59,4,1309.14,327.285,219.5,26,4,0,0.0,United Kingdom,688.6700000000001,0.06666666666666667,1309.14,1,🏆 High Value Customers
16121,57,2,854.66,427.33000000000004,288.0,170,2,158,0.7783251231527094,United Kingdom,441.63,0.034482758620689655,5.375220125786163,0,🌱 Potential Customers
16122,73,4,684.4200000000001,171.10500000000002,282.0,26,4,293,7.864864864864865,United Kingdom,374.91,0.05405405405405406,2.3279591836734697,0,🌱 Potential Customers
16123,52,1,307.78,307.78,170.0,16,1,0,0.0,United Kingdom,158.69,0.018867924528301886,307.78,3,⚠️ At Risk Customers
16124,317,1,249.0,249.0,48.0,11,1,0,0.0,United Kingdom,102.8,0.0031446540880503146,249.0,3,⚠️ At Risk Customers
16125,367,1,289.35,289.35,124.0,13,1,0,0.0,United Kingdom,117.97500000000001,0.002717391304347826,289.35,3,⚠️ At Risk Customers
16126,29,4,6287.77,1571.9425,531.25,57,4,267,2.293103448275862,United Kingdom,3180.985,0.13333333333333333,23.461828358208958,1,🏆 High Value Customers
16127,39,1,656.25,656.25,323.0,40,1,0,0.0,United Kingdom,334.225,0.025,656.25,3,⚠️ At Risk Customers
16128,18,5,1880.22,376.044,197.6,76,5,264,2.9886363636363638,United Kingdom,988.3100000000001,0.2631578947368421,7.095169811320755,0,🌱 Potential Customers
16131,52,6,3506.54,584.4233333333334,300.3333333333333,55,5,188,2.4155844155844157,United Kingdom,1808.07,0.09433962264150944,18.553121693121692,0,🌱 Potential Customers
16133,4,33,14589.04,442.09212121212124,269.3030303030303,219,33,314,0.8902077151335311,United Kingdom,7624.120000000001,6.6,46.3144126984127,2,💎 Premium Customers
16134,22,2,618.09,309.045,185.5,34,2,337,9.911764705882353,United Kingdom,326.845,0.08695652173913043,1.8286686390532545,0,🌱 Potential Customers
16135,263,1,517.55,517.55,209.0,21,1,0,0.0,United Kingdom,242.47499999999997,0.003787878787878788,517.55,3,⚠️ At Risk Customers
16136,60,3,709.38,236.46,146.66666666666666,35,3,217,6.027777777777778,United Kingdom,378.69,0.04918032786885246,3.2540366972477064,0,🌱 Potential Customers
16139,19,3,635.41,211.8033333333333,110.0,25,3,187,6.233333333333333,United Kingdom,345.805,0.15,3.3798404255319148,0,🌱 Potential Customers
16140,66,2,725.18,362.59,365.0,32,2,305,8.970588235294118,United Kingdom,375.98999999999995,0.029850746268656716,2.3698692810457516,0,🌱 Potential Customers
16141,88,1,620.4,620.4,238.0,30,1,0,0.0,United Kingdom,311.4,0.011235955056179775,620.4,3,⚠️ At Risk Customers
16142,250,1,535.34,535.34,422.0,37,1,0,0.0,United Kingdom,252.67000000000002,0.00398406374501992,535.34,3,⚠️ At Risk Customers
16143,3,6,2424.94,404.1566666666667,153.16666666666666,75,6,365,3.1293103448275863,United Kingdom,1272.17,1.5,6.62551912568306,0,🌱 Potential Customers
16144,247,1,175.2,175.2,16.0,1,1,0,0.0,United Kingdom,72.89999999999999,0.004032258064516129,175.2,3,⚠️ At Risk Customers
16145,9,11,3799.4900000000002,345.4081818181818,283.90909090909093,134,11,351,1.5605381165919283,United Kingdom,2008.845,1.1,10.794005681818183,0,🌱 Potential Customers
16146,157,3,734.13,244.71,142.33333333333334,26,3,74,2.642857142857143,United Kingdom,381.365,0.0189873417721519,9.7884,3,⚠️ At Risk Customers
16147,134,1,375.0,375.0,246.0,22,1,0,0.0,United Kingdom,184.1,0.007407407407407408,375.0,3,⚠️ At Risk Customers
16148,296,1,76.32000000000001,76.32000000000001,72.0,1,1,0,0.0,United Kingdom,18.560000000000002,0.003367003367003367,76.32000000000001,3,⚠️ At Risk Customers
16149,5,2,280.52,140.26,154.0,18,2,137,8.058823529411764,United Kingdom,159.76,0.3333333333333333,2.032753623188406,0,🌱 Potential Customers
16150,43,5,2053.02,410.604,209.4,91,6,329,2.8275862068965516,United Kingdom,1072.21,0.13636363636363635,6.221272727272727,0,🌱 Potential Customers
16152,269,1,1829.04,1829.04,642.0,29,1,0,0.0,United Kingdom,897.62,0.003703703703703704,1829.04,1,🏆 High Value Customers
16153,50,5,1824.23,364.846,214.6,78,5,305,3.4545454545454546,United Kingdom,957.115,0.09803921568627451,5.961535947712418,0,🌱 Potential Customers
16156,9,9,3092.04,343.56,141.44444444444446,108,9,302,2.338582677165354,United Kingdom,1635.12,0.9,10.204752475247524,0,🌱 Potential Customers
16157,16,3,656.69,218.89666666666668,115.66666666666667,12,3,56,3.2941176470588234,United Kingdom,356.745,0.17647058823529413,11.520877192982457,3,⚠️ At Risk Customers
16159,282,1,348.2,348.2,236.0,14,1,0,0.0,United Kingdom,155.89999999999998,0.0035335689045936395,348.2,3,⚠️ At Risk Customers
16160,65,2,1025.44,512.72,581.0,20,2,20,1.0526315789473684,United Kingdom,526.22,0.030303030303030304,48.83047619047619,3,⚠️ At Risk Customers
16161,2,19,5533.67,291.2457894736842,135.94736842105263,286,19,367,0.7595744680851064,United Kingdom,2956.635,6.333333333333333,15.037146739130435,2,💎 Premium Customers
16162,252,1,37.4,37.4,4.0,2,1,0,0.0,United Kingdom,3.4999999999999964,0.003952569169960474,37.4,3,⚠️ At Risk Customers
16163,232,2,856.6,428.30000000000007,96.0,5,2,132,26.4,United Kingdom,425.1,0.008583690987124463,6.440601503759399,0,🌱 Potential Customers
16164,17,3,822.48,274.16,144.33333333333334,27,3,25,0.7575757575757576,United Kingdom,439.54,0.16666666666666666,31.633846153846154,3,⚠️ At Risk Customers
16168,11,27,3787.6,140.28148148148148,70.07407407407408,57,26,359,3.5876288659793816,United Kingdom,2162.7000000000003,2.1666666666666665,10.52111111111111,2,💎 Premium Customers
16169,8,4,1822.97,455.7425,331.25,71,4,67,0.7976190476190477,United Kingdom,950.6850000000001,0.4444444444444444,26.808382352941177,0,🌱 Potential Customers
16170,51,6,1885.05,314.175,295.0,106,6,197,1.564516129032258,United Kingdom,997.425,0.11538461538461539,9.520454545454545,0,🌱 Potential Customers
16171,59,1,73.2,73.2,24.0,3,1,0,0.0,United Kingdom,40.7,0.016666666666666666,73.2,3,⚠️ At Risk Customers
16172,95,5,1140.21,228.042,157.4,52,4,146,2.1176470588235294,United Kingdom,610.605,0.041666666666666664,7.756530612244898,0,🌱 Potential Customers
16173,16,6,1418.32,236.38666666666668,95.83333333333333,70,6,82,0.963855421686747,United Kingdom,767.56,0.35294117647058826,17.088192771084337,0,🌱 Potential Customers
16174,126,3,1009.5500000000001,336.51666666666665,217.0,19,3,25,1.0909090909090908,United Kingdom,522.1750000000001,0.023622047244094488,38.82884615384616,3,⚠️ At Risk Customers
16175,94,4,1037.59,259.3975,133.25,45,4,145,2.526315789473684,United Kingdom,549.395,0.042105263157894736,7.106780821917807,0,🌱 Potential Customers
16177,50,1,331.95,331.95,95.0,15,1,0,0.0,United Kingdom,170.975,0.0196078431372549,331.95,3,⚠️ At Risk Customers
16178,138,1,197.9,197.9,94.0,8,1,0,0.0,United Kingdom,95.15,0.007194244604316547,197.9,3,⚠️ At Risk Customers
16179,61,1,215.83,215.83,99.0,11,1,0,0.0,United Kingdom,111.81500000000001,0.016129032258064516,215.83,3,⚠️ At Risk Customers
16180,100,8,10254.18,1281.7725,733.375,90,8,152,0.9316770186335404,United Kingdom,5197.09,0.07920792079207921,67.02078431372549,1,🏆 High Value Customers
16181,73,1,305.54,305.54,152.0,11,1,0,0.0,United Kingdom,155.47,0.013513513513513514,305.54,3,⚠️ At Risk Customers
16182,72,4,6617.65,1654.4125,947.75,17,4,222,8.185185185185185,United Kingdom,3341.625,0.0547945205479452,29.67556053811659,1,🏆 High Value Customers
16183,67,1,338.71000000000004,338.71000000000004,113.0,15,1,0,0.0,United Kingdom,172.65500000000003,0.014705882352941176,338.71000000000004,3,⚠️ At Risk Customers
16184,64,6,1158.79,193.13166666666666,93.5,26,6,147,3.2954545454545454,United Kingdom,632.995,0.09230769230769231,7.829662162162162,0,🌱 Potential Customers
16185,17,2,529.41,264.705,130.0,31,2,215,7.166666666666667,United Kingdom,283.005,0.1111111111111111,2.450972222222222,0,🌱 Potential Customers
16186,23,12,4006.94,333.9116666666667,251.66666666666666,87,12,349,1.5898617511520738,United Kingdom,2121.17,0.5,11.4484,0,🌱 Potential Customers
16187,32,15,6911.4400000000005,460.7626666666667,336.53333333333336,160,15,252,0.8333333333333334,United Kingdom,3602.5200000000004,0.45454545454545453,27.31794466403162,2,💎 Premium Customers
16188,45,4,981.86,245.465,195.5,65,4,198,2.984848484848485,United Kingdom,526.4300000000001,0.08695652173913043,4.933969849246231,0,🌱 Potential Customers
16189,16,2,215.48,107.74,67.0,9,2,69,6.9,United Kingdom,126.14,0.11764705882352941,3.0782857142857143,3,⚠️ At Risk Customers
16190,40,1,215.08,215.08,88.0,6,1,0,0.0,United Kingdom,113.54,0.024390243902439025,215.08,3,⚠️ At Risk Customers
16191,3,13,5180.52,398.5015384615384,257.7692307692308,65,13,357,2.654135338345865,United Kingdom,2719.96,3.25,14.47072625698324,0,🌱 Potential Customers
16193,237,1,314.45,314.45,219.0,19,1,0,0.0,United Kingdom,143.52499999999998,0.004201680672268907,314.45,3,⚠️ At Risk Customers
16198,75,1,400.68100000000004,400.68100000000004,129.0,15,1,0,0.0,United Kingdom,202.84050000000002,0.013157894736842105,400.68100000000004,3,⚠️ At Risk Customers
16200,4,2,1068.8700000000001,534.435,258.0,149,2,159,0.9298245614035088,United Kingdom,554.0350000000001,0.4,6.680437500000001,0,🌱 Potential Customers
16201,3,4,1863.47,465.86749999999995,321.5,74,4,106,0.9545454545454546,United Kingdom,971.4350000000001,1.0,17.415607476635515,0,🌱 Potential Customers
16202,361,1,365.27,365.27,191.0,18,1,0,0.0,United Kingdom,156.535,0.0027624309392265192,365.27,3,⚠️ At Risk Customers
16203,59,4,592.9,148.225,65.5,27,4,313,9.147058823529411,United Kingdom,330.55,0.06666666666666667,1.888216560509554,0,🌱 Potential Customers
16204,23,1,384.18,384.18,218.0,45,1,0,0.0,United Kingdom,199.79,0.041666666666666664,384.18,3,⚠️ At Risk Customers
16205,31,4,757.63,189.4075,129.0,73,4,148,1.5416666666666667,United Kingdom,415.715,0.125,5.084765100671141,0,🌱 Potential Customers
16206,55,4,537.0600000000001,134.265,68.0,52,4,272,4.354838709677419,United Kingdom,303.03000000000003,0.07142857142857142,1.9672527472527475,0,🌱 Potential Customers
16207,25,1,394.38,394.38,140.0,19,1,0,0.0,United Kingdom,204.69,0.038461538461538464,394.38,3,⚠️ At Risk Customers
16208,45,2,664.26,332.13,166.5,61,2,244,3.753846153846154,United Kingdom,347.63,0.043478260869565216,2.7112653061224488,0,🌱 Potential Customers
16209,89,5,2262.62,452.524,235.8,37,5,157,3.466666666666667,United Kingdom,1172.4099999999999,0.05555555555555555,14.320379746835442,0,🌱 Potential Customers
16210,2,18,21086.3,1171.4611111111112,419.94444444444446,74,18,372,2.9836065573770494,United Kingdom,10722.949999999999,6.0,56.53163538873994,2,💎 Premium Customers
16211,89,1,547.02,547.02,154.0,23,1,0,0.0,United Kingdom,274.61,0.011111111111111112,547.02,3,⚠️ At Risk Customers
16212,19,2,690.34,345.17,122.0,40,2,264,6.6,United Kingdom,363.27000000000004,0.1,2.605056603773585,0,🌱 Potential Customers
16213,79,1,159.0,159.0,48.0,6,1,0,0.0,United Kingdom,81.6,0.0125,159.0,3,⚠️ At Risk Customers
16214,171,3,1062.75,354.25,140.0,36,3,98,2.2790697674418605,United Kingdom,544.275,0.01744186046511628,10.734848484848484,3,⚠️ At Risk Customers
16215,81,1,242.35,242.35,104.0,14,1,0,0.0,United Kingdom,123.07500000000002,0.012195121951219513,242.35,3,⚠️ At Risk Customers
16216,267,1,914.9300000000001,914.9300000000001,254.0,37,1,0,0.0,United Kingdom,440.76500000000004,0.0037313432835820895,914.9300000000001,1,🏆 High Value Customers
16217,235,2,304.25,152.125,45.5,13,2,46,3.2857142857142856,United Kingdom,148.625,0.00847457627118644,6.473404255319149,3,⚠️ At Risk Customers
16218,30,7,3084.68,440.6685714285714,298.2857142857143,56,7,343,4.120481927710843,United Kingdom,1609.34,0.22580645161290322,8.967093023255813,0,🌱 Potential Customers
16221,37,3,860.86,286.9533333333333,238.0,90,3,330,3.5106382978723403,United Kingdom,456.73,0.07894736842105263,2.600785498489426,0,🌱 Potential Customers
16222,318,1,773.5500000000001,773.5500000000001,325.0,120,1,0,0.0,United Kingdom,364.975,0.003134796238244514,773.5500000000001,1,🏆 High Value Customers
16224,57,4,1295.3,323.82500000000005,279.0,90,4,192,2.0105263157894737,United Kingdom,681.9499999999999,0.06896551724137931,6.71139896373057,0,🌱 Potential Customers
16225,45,5,1096.32,219.26400000000004,98.6,109,5,232,1.7293233082706767,United Kingdom,593.66,0.10869565217391304,4.705236051502146,0,🌱 Potential Customers
16226,203,3,255.12,85.04,64.0,6,3,32,4.428571428571429,United Kingdom,137.26,0.014705882352941176,7.730909090909091,3,⚠️ At Risk Customers
16227,225,1,314.22,314.22,90.0,6,1,0,0.0,United Kingdom,144.61,0.004424778761061947,314.22,3,⚠️ At Risk Customers
16229,87,2,1010.6,505.29999999999995,159.0,46,2,125,2.717391304347826,United Kingdom,516.5999999999999,0.022727272727272728,8.02063492063492,3,⚠️ At Risk Customers
16230,190,2,542.03,271.015,182.5,32,2,30,0.8823529411764706,United Kingdom,272.015,0.010471204188481676,17.48483870967742,3,⚠️ At Risk Customers
16232,44,4,990.88,247.72,137.5,24,4,171,4.722222222222222,United Kingdom,531.0400000000001,0.08888888888888889,5.760930232558139,0,🌱 Potential Customers
16233,71,3,536.6800000000001,178.89333333333335,58.0,22,3,295,14.0,United Kingdom,291.24,0.041666666666666664,1.8131081081081084,0,🌱 Potential Customers
16235,41,5,867.31,173.462,66.0,42,5,291,6.444444444444445,United Kingdom,479.55499999999995,0.11904761904761904,2.970239726027397,0,🌱 Potential Customers
16236,78,1,432.2,432.2,184.0,20,1,0,0.0,United Kingdom,218.29999999999998,0.012658227848101266,432.2,3,⚠️ At Risk Customers
16239,57,2,414.2,207.1,114.0,18,2,132,7.333333333333333,United Kingdom,221.4,0.034482758620689655,3.1142857142857143,0,🌱 Potential Customers
16240,24,2,3718.8,1859.4,820.5,126,2,53,0.39552238805970147,United Kingdom,1877.0,0.08,68.86666666666667,1,🏆 High Value Customers
16241,10,13,2590.31,199.2546153846154,111.0,347,13,360,0.5443425076452599,United Kingdom,1424.155,1.1818181818181819,7.1753739612188365,0,🌱 Potential Customers
16242,8,7,3579.86,511.40857142857146,281.2857142857143,184,7,268,0.9140893470790378,United Kingdom,1859.13,0.7777777777777778,13.308029739776952,0,🌱 Potential Customers
16243,34,2,409.1,204.55,55.0,49,2,21,0.42,United Kingdom,221.15,0.05714285714285714,18.595454545454547,3,⚠️ At Risk Customers
16244,212,2,1522.75,761.375,427.5,88,2,160,1.7777777777777777,United Kingdom,760.175,0.009389671361502348,9.45807453416149,0,🌱 Potential Customers
16245,24,3,1413.66,471.22,338.0,80,3,233,2.6179775280898876,United Kingdom,734.4300000000001,0.12,6.041282051282051,0,🌱 Potential Customers
16247,170,1,114.56,114.56,182.0,16,1,0,0.0,United Kingdom,50.28,0.005847953216374269,114.56,3,⚠️ At Risk Customers
16248,62,1,152.94,152.94,78.0,7,1,0,0.0,United Kingdom,80.27,0.015873015873015872,152.94,3,⚠️ At Risk Customers
16249,53,5,1800.07,360.014,190.0,67,5,186,2.7058823529411766,United Kingdom,944.735,0.09259259259259259,9.626042780748662,0,🌱 Potential Customers
16250,261,2,389.44,194.72,104.0,22,2,112,4.869565217391305,United Kingdom,188.62,0.007633587786259542,3.446371681415929,3,⚠️ At Risk Customers
16253,67,2,3683.86,1841.93,1616.5,114,2,188,1.540983606557377,United Kingdom,1855.23,0.029411764705882353,19.491322751322752,1,🏆 High Value Customers
16255,17,8,2619.91,327.48875,220.875,146,8,348,1.278810408921933,United Kingdom,1388.2549999999999,0.4444444444444444,7.506905444126074,0,🌱 Potential Customers
16256,267,1,752.4300000000001,752.4300000000001,581.0,13,1,0,0.0,United Kingdom,359.51500000000004,0.0037313432835820895,752.4300000000001,1,🏆 High Value Customers
16257,177,1,46.95,46.95,2.0,2,1,0,0.0,United Kingdom,15.775000000000002,0.0056179775280898875,46.95,3,⚠️ At Risk Customers
16258,45,5,5203.51,1040.702,598.8,111,5,173,1.2835820895522387,United Kingdom,2647.255,0.10869565217391304,29.905229885057473,0,🌱 Potential Customers
16260,51,1,1035.45,1035.45,311.0,18,1,0,0.0,United Kingdom,522.625,0.019230769230769232,1035.45,1,🏆 High Value Customers
16261,17,4,728.54,182.135,75.25,98,4,228,1.923728813559322,United Kingdom,402.57,0.2222222222222222,3.1813973799126636,0,🌱 Potential Customers
16265,9,9,5447.0,605.2222222222222,294.0,164,9,355,1.377431906614786,United Kingdom,2812.6,0.9,15.30056179775281,0,🌱 Potential Customers
16266,74,7,861.89,123.12714285714286,56.857142857142854,44,7,132,2.1666666666666665,United Kingdom,493.545,0.09333333333333334,6.480375939849624,0,🌱 Potential Customers
16268,71,2,667.65,333.825,266.5,45,1,0,0.0,United Kingdom,346.72499999999997,0.013888888888888888,667.65,3,⚠️ At Risk Customers
16270,353,1,1141.24,1141.24,688.0,54,1,0,0.0,United Kingdom,545.32,0.002824858757062147,1141.24,1,🏆 High Value Customers
16271,3,5,1404.64,280.928,204.8,89,5,355,2.744186046511628,United Kingdom,752.0200000000001,1.25,3.94561797752809,0,🌱 Potential Customers
16272,117,1,411.7,411.7,224.0,25,2,0,0.0,United Kingdom,204.15,0.01694915254237288,411.7,3,⚠️ At Risk Customers
16274,373,1,351.75,351.75,153.0,64,1,0,0.0,United Kingdom,148.575,0.00267379679144385,351.75,3,⚠️ At Risk Customers
16275,197,1,559.87,559.87,336.0,33,1,0,0.0,United Kingdom,270.235,0.005050505050505051,559.87,3,⚠️ At Risk Customers
16276,177,1,810.6000000000001,810.6000000000001,420.0,6,1,0,0.0,United Kingdom,397.6000000000001,0.0056179775280898875,810.6000000000001,1,🏆 High Value Customers
16278,100,1,566.38,566.38,114.0,23,1,0,0.0,United Kingdom,283.19,0.009900990099009901,566.38,3,⚠️ At Risk Customers
16279,21,3,1502.78,500.92666666666673,348.6666666666667,102,3,155,1.4666666666666666,United Kingdom,779.29,0.13636363636363635,9.633205128205129,0,🌱 Potential Customers
16281,72,1,2062.06,2062.06,934.0,17,1,0,0.0,United Kingdom,1033.83,0.0136986301369863,2062.06,1,🏆 High Value Customers
16282,340,1,168.3,168.3,114.0,11,1,0,0.0,United Kingdom,60.150000000000006,0.002932551319648094,168.3,3,⚠️ At Risk Customers
16283,6,5,1570.81,314.162,247.2,117,5,202,1.2121212121212122,United Kingdom,834.805,0.7142857142857143,7.737980295566502,0,🌱 Potential Customers
16284,31,2,812.68,406.34000000000003,267.5,87,2,19,0.18627450980392157,United Kingdom,423.23999999999995,0.0625,40.634,3,⚠️ At Risk Customers
16287,170,1,142.5,142.5,298.0,8,1,0,0.0,United Kingdom,64.25,0.005847953216374269,142.5,3,⚠️ At Risk Customers
16292,122,1,302.25,302.25,191.0,17,1,0,0.0,United Kingdom,148.925,0.008130081300813009,302.25,3,⚠️ At Risk Customers
16293,22,10,2248.9900000000002,224.89900000000003,98.2,102,8,345,2.9316239316239314,United Kingdom,1222.295,0.34782608695652173,6.499971098265896,0,🌱 Potential Customers
16295,10,4,1328.55,332.1375,210.25,70,4,54,0.6923076923076923,United Kingdom,703.275,0.36363636363636365,24.155454545454546,0,🌱 Potential Customers
16297,269,1,301.9,301.9,206.0,20,1,0,0.0,United Kingdom,134.04999999999998,0.003703703703703704,301.9,3,⚠️ At Risk Customers
16298,23,3,598.2,199.4,66.0,22,3,164,6.269230769230769,United Kingdom,326.8,0.125,3.625454545454546,0,🌱 Potential Customers
16302,127,1,233.22,233.22,158.0,11,1,0,0.0,United Kingdom,113.91,0.0078125,233.22,3,⚠️ At Risk Customers
16303,26,3,5360.63,1786.8766666666668,886.3333333333334,119,3,307,1.9006211180124224,United Kingdom,2707.715,0.1111111111111111,17.404642857142857,1,🏆 High Value Customers
16305,139,1,361.21999999999997,361.21999999999997,256.0,22,1,0,0.0,United Kingdom,176.70999999999998,0.007142857142857143,361.21999999999997,3,⚠️ At Risk Customers
16306,214,6,632.27,105.37833333333333,81.16666666666667,36,6,153,3.8,United Kingdom,354.735,0.027906976744186046,4.10564935064935,3,⚠️ At Risk Customers
16308,38,4,2560.0,640.0,2000.0,1,4,223,74.0,United Kingdom,1316.2,0.10256410256410256,11.428571428571429,0,🌱 Potential Customers
16309,106,2,706.57,353.28499999999997,233.5,39,2,134,3.268292682926829,United Kingdom,362.685,0.018691588785046728,5.233851851851853,3,⚠️ At Risk Customers
16311,18,2,616.26,308.13,197.0,35,2,31,0.8611111111111112,United Kingdom,326.33,0.10526315789473684,19.258125,3,⚠️ At Risk Customers
16313,3,2,274.15000000000003,137.075,82.5,16,2,46,3.066666666666667,United Kingdom,156.775,0.5,5.832978723404256,3,⚠️ At Risk Customers
16315,331,1,226.37,226.37,75.0,14,1,0,0.0,United Kingdom,90.08500000000001,0.0030120481927710845,226.37,3,⚠️ At Risk Customers
16316,64,8,2938.91,367.36375,185.5,120,8,293,1.94,United Kingdom,1543.0549999999998,0.12307692307692308,9.996292517006802,0,🌱 Potential Customers
16317,120,3,1341.65,447.2166666666667,296.6666666666667,64,3,177,2.6029411764705883,United Kingdom,688.825,0.024793388429752067,7.537359550561798,0,🌱 Potential Customers
16318,35,1,328.15,328.15,199.0,19,1,0,0.0,United Kingdom,170.575,0.027777777777777776,328.15,3,⚠️ At Risk Customers
16319,218,1,404.40000000000003,404.40000000000003,72.0,3,1,0,0.0,United Kingdom,190.4,0.0045662100456621,404.40000000000003,3,⚠️ At Risk Customers
16320,172,2,1038.46,519.23,366.0,56,2,40,0.7272727272727273,Unspecified,522.03,0.011560693641618497,25.32829268292683,3,⚠️ At Risk Customers
16321,72,5,373.65000000000003,74.72999999999999,27.0,7,5,251,22.727272727272727,Australia,229.62500000000003,0.0684931506849315,1.4827380952380953,0,🌱 Potential Customers
16322,1,2,326.75,163.375,115.5,28,2,35,0.9722222222222222,United Kingdom,183.275,1.0,9.07638888888889,3,⚠️ At Risk Customers
16323,196,1,207.50000000000003,207.50000000000003,50.0,1,1,0,0.0,United Kingdom,94.15,0.005076142131979695,207.50000000000003,3,⚠️ At Risk Customers
16324,128,3,408.59000000000003,136.1966666666667,90.0,100,3,48,0.43636363636363634,United Kingdom,221.495,0.023255813953488372,8.338571428571429,3,⚠️ At Risk Customers
16325,47,3,594.24,198.08,64.66666666666667,14,3,198,11.647058823529411,United Kingdom,322.42,0.0625,2.986130653266332,0,🌱 Potential Customers
16326,6,14,3039.2200000000003,217.08714285714285,48.714285714285715,158,14,328,1.0836120401337792,United Kingdom,1659.0100000000002,2.0,9.23775075987842,0,🌱 Potential Customers
16327,14,6,3820.27,636.7116666666667,426.6666666666667,142,6,355,1.1139240506329113,United Kingdom,1968.735,0.4,10.731095505617978,0,🌱 Potential Customers
16330,18,3,251.91,83.97,49.0,39,3,94,2.473684210526316,United Kingdom,154.15499999999997,0.15789473684210525,2.651684210526316,3,⚠️ At Risk Customers
16332,28,7,1582.8,226.1142857142857,113.85714285714286,125,7,277,1.82,United Kingdom,858.6,0.2413793103448276,5.693525179856115,0,🌱 Potential Customers
16333,8,22,26626.8,1210.3090909090909,1462.909090909091,9,21,302,6.704545454545454,United Kingdom,13532.6,2.3333333333333335,87.87722772277228,2,💎 Premium Customers
16337,37,1,151.05,151.05,87.0,10,1,0,0.0,United Kingdom,81.825,0.02631578947368421,151.05,3,⚠️ At Risk Customers
16338,157,1,214.79999999999998,214.79999999999998,94.0,11,1,0,0.0,United Kingdom,101.69999999999999,0.006329113924050633,214.79999999999998,3,⚠️ At Risk Customers
16339,284,1,94.05,94.05,21.0,17,1,0,0.0,United Kingdom,28.624999999999996,0.0035087719298245615,94.05,3,⚠️ At Risk Customers
16340,107,1,534.31,534.31,486.0,124,1,0,0.0,United Kingdom,266.455,0.009259259259259259,534.31,3,⚠️ At Risk Customers
16341,25,4,1971.87,492.9675,349.5,60,4,176,2.3026315789473686,United Kingdom,1023.435,0.15384615384615385,11.14050847457627,0,🌱 Potential Customers
16342,75,4,322.41,80.60249999999999,39.25,10,4,104,7.357142857142857,United Kingdom,193.705,0.05263157894736842,3.0705714285714287,3,⚠️ At Risk Customers
16343,16,2,328.58,164.29000000000002,87.5,29,2,0,0.0,United Kingdom,182.69,0.11764705882352941,328.58,3,⚠️ At Risk Customers
16344,158,1,101.10000000000001,101.10000000000001,18.0,1,1,0,0.0,United Kingdom,44.75,0.006289308176100629,101.10000000000001,3,⚠️ At Risk Customers
16345,44,1,565.46,565.46,288.0,35,1,0,0.0,United Kingdom,288.33000000000004,0.022222222222222223,565.46,3,⚠️ At Risk Customers
16347,11,2,847.45,423.725,170.5,61,2,25,0.2976190476190476,United Kingdom,442.625,0.16666666666666666,32.59423076923077,3,⚠️ At Risk Customers
16348,32,7,1415.65,202.23571428571427,115.0,157,7,207,0.9276018099547512,United Kingdom,774.625,0.21212121212121213,6.806009615384616,0,🌱 Potential Customers
16349,291,1,53.5,53.5,9.0,9,1,0,0.0,United Kingdom,7.649999999999999,0.003424657534246575,53.5,3,⚠️ At Risk Customers
16350,21,4,1116.47,279.1175,136.25,40,4,312,5.553571428571429,United Kingdom,596.135,0.18181818181818182,3.5669968051118213,0,🌱 Potential Customers
16351,333,1,153.9,153.9,90.0,8,1,0,0.0,United Kingdom,53.65,0.0029940119760479044,153.9,3,⚠️ At Risk Customers
16352,18,2,494.44,247.22,150.0,28,2,20,0.7407407407407407,United Kingdom,265.42,0.10526315789473684,23.544761904761906,3,⚠️ At Risk Customers
16353,4,23,6675.71,290.24826086956523,87.21739130434783,51,22,366,3.838709677419355,United Kingdom,3567.455,4.4,18.189945504087195,2,💎 Premium Customers
16354,63,2,395.8,197.9,75.0,38,2,9,0.23684210526315788,United Kingdom,211.6,0.03125,39.58,3,⚠️ At Risk Customers
16356,198,3,211.77,70.58999999999999,31.0,20,3,79,2.6,United Kingdom,116.085,0.01507537688442211,2.647125,3,⚠️ At Risk Customers
16357,33,3,658.88,219.62666666666667,82.0,31,3,180,5.424242424242424,United Kingdom,356.14,0.08823529411764706,3.640220994475138,0,🌱 Potential Customers
16358,1,4,2027.5,506.87500000000006,325.5,82,4,183,1.6759259259259258,United Kingdom,1053.65,2.0,11.019021739130435,0,🌱 Potential Customers
16359,7,9,1750.92,194.54666666666668,131.44444444444446,39,9,324,4.953846153846154,United Kingdom,964.76,1.125,5.387446153846154,0,🌱 Potential Customers
16360,5,6,3450.41,575.0683333333333,351.6666666666667,365,6,83,0.12755905511811025,United Kingdom,1784.705,1.0,41.07630952380952,0,🌱 Potential Customers
16361,10,4,891.21,222.8025,104.5,87,4,61,0.5922330097087378,United Kingdom,484.605,0.36363636363636365,14.374354838709678,0,🌱 Potential Customers
16362,32,5,709.99,141.998,68.0,58,5,58,0.75,United Kingdom,401.795,0.15151515151515152,12.033728813559323,3,⚠️ At Risk Customers
16363,53,1,109.36000000000001,109.36000000000001,52.0,5,1,0,0.0,United Kingdom,59.38000000000001,0.018518518518518517,109.36000000000001,3,⚠️ At Risk Customers
16364,12,2,705.79,352.895,139.5,48,2,125,2.450980392156863,United Kingdom,371.695,0.15384615384615385,5.601507936507936,0,🌱 Potential Customers
16365,18,9,1540.42,171.1577777777778,56.0,45,9,349,6.9,United Kingdom,858.4100000000001,0.47368421052631576,4.4012,0,🌱 Potential Customers
16366,19,1,327.3,327.3,256.0,18,1,0,0.0,United Kingdom,171.75,0.05,327.3,3,⚠️ At Risk Customers
16367,37,2,800.67,400.33500000000004,321.5,123,2,325,2.5793650793650795,United Kingdom,416.635,0.05263157894736842,2.456042944785276,0,🌱 Potential Customers
16368,2,2,479.91,239.955,125.5,58,2,25,0.36764705882352944,United Kingdom,259.75500000000005,0.6666666666666666,18.458076923076923,3,⚠️ At Risk Customers
16369,18,3,1545.41,515.1366666666667,343.3333333333333,91,3,178,1.5344827586206897,United Kingdom,800.9050000000001,0.15789473684210525,8.633575418994415,0,🌱 Potential Customers
16370,82,4,1301.91,325.4775,160.0,143,4,142,0.6454545454545455,United Kingdom,682.755,0.04819277108433735,9.104265734265734,0,🌱 Potential Customers
16372,33,2,355.73,177.865,79.0,86,2,0,0.0,United Kingdom,194.565,0.058823529411764705,355.73,3,⚠️ At Risk Customers
16374,66,2,466.73,233.365,118.5,101,2,196,1.8148148148148149,United Kingdom,246.76500000000001,0.029850746268656716,2.3691878172588834,0,🌱 Potential Customers
16376,9,2,974.96,487.48,345.5,104,2,8,0.06611570247933884,United Kingdom,506.58000000000004,0.2,108.3288888888889,3,⚠️ At Risk Customers
16377,267,1,676.2,676.2,1500.0,5,1,0,0.0,United Kingdom,321.40000000000003,0.0037313432835820895,676.2,1,🏆 High Value Customers
16378,247,3,362.95,120.98333333333333,89.0,22,3,63,2.8181818181818183,United Kingdom,186.77499999999998,0.012096774193548387,5.67109375,3,⚠️ At Risk Customers
16379,4,4,2157.4,539.35,352.5,87,4,74,0.6915887850467289,United Kingdom,1118.3,0.8,28.765333333333334,0,🌱 Potential Customers
16380,61,1,1743.1499999999999,1743.1499999999999,1428.0,28,1,0,0.0,United Kingdom,875.4749999999999,0.016129032258064516,1743.1499999999999,1,🏆 High Value Customers
16383,75,2,643.76,321.88,233.5,80,2,193,1.9896907216494846,United Kingdom,334.38,0.02631578947368421,3.3183505154639175,0,🌱 Potential Customers
16384,90,2,584.5,292.25,130.0,33,2,174,5.4375,United Kingdom,303.25,0.02197802197802198,3.34,0,🌱 Potential Customers
16385,60,3,554.86,184.95333333333335,86.0,52,3,306,5.446428571428571,United Kingdom,301.43,0.04918032786885246,1.8073615635179154,0,🌱 Potential Customers
16386,29,2,302.57,151.285,102.5,76,2,225,2.8125,United Kingdom,168.385,0.06666666666666667,1.3388053097345132,0,🌱 Potential Customers
16387,323,1,94.36,94.36,44.0,4,1,0,0.0,United Kingdom,24.879999999999995,0.0030864197530864196,94.36,3,⚠️ At Risk Customers
16389,53,4,1382.07,345.5175,310.5,33,4,229,6.909090909090909,United Kingdom,725.735,0.07407407407407407,6.0089999999999995,0,🌱 Potential Customers
16392,270,1,217.89,217.89,201.0,41,1,0,0.0,United Kingdom,91.945,0.0036900369003690036,217.89,3,⚠️ At Risk Customers
16393,2,13,3040.96,233.92000000000002,121.0,120,13,366,1.1042944785276074,United Kingdom,1650.28,4.333333333333333,8.28599455040872,0,🌱 Potential Customers
16394,57,5,1555.34,311.068,520.8,61,5,232,2.817073170731707,United Kingdom,821.9699999999999,0.08620689655172414,6.675278969957081,0,🌱 Potential Customers
16395,61,5,1482.06,296.412,294.4,150,5,270,1.3073170731707318,United Kingdom,784.93,0.08064516129032258,5.4688560885608855,0,🌱 Potential Customers
16398,154,2,1705.8,852.9000000000001,379.0,75,2,99,1.2222222222222223,United Kingdom,857.5,0.012903225806451613,17.058,3,⚠️ At Risk Customers
16399,19,2,408.02,204.01,131.5,68,2,216,3.0422535211267605,United Kingdom,222.10999999999999,0.1,1.8802764976958524,0,🌱 Potential Customers
16400,95,1,303.93,303.93,172.0,28,1,0,0.0,United Kingdom,152.465,0.010416666666666666,303.93,3,⚠️ At Risk Customers
16401,1,12,4098.32,341.52666666666664,323.5,66,12,326,1.7405405405405405,United Kingdom,2169.06,6.0,12.53308868501529,2,💎 Premium Customers
16402,265,2,293.45,146.725,73.0,55,2,104,1.8571428571428572,United Kingdom,140.225,0.007518796992481203,2.794761904761905,3,⚠️ At Risk Customers
16403,312,1,177.5,177.5,114.0,10,1,0,0.0,United Kingdom,67.55,0.003194888178913738,177.5,3,⚠️ At Risk Customers
16404,70,1,443.05,443.05,157.0,23,1,0,0.0,United Kingdom,224.525,0.014084507042253521,443.05,3,⚠️ At Risk Customers
16405,302,2,167.25,83.625,93.5,3,2,7,1.75,United Kingdom,73.425,0.006600660066006601,20.90625,3,⚠️ At Risk Customers
16406,19,1,154.35,154.35,116.0,54,1,0,0.0,United Kingdom,85.27499999999999,0.05,154.35,3,⚠️ At Risk Customers
16407,13,10,2079.68,207.968,109.3,99,9,299,1.7724550898203593,United Kingdom,1138.54,0.6428571428571429,6.932266666666666,0,🌱 Potential Customers
16409,36,5,2022.98,404.596,260.8,145,5,281,1.2130434782608697,United Kingdom,1057.89,0.13513513513513514,7.173687943262411,0,🌱 Potential Customers
16411,19,2,211.7,105.85000000000001,65.5,41,2,349,8.116279069767442,United Kingdom,123.94999999999999,0.1,0.6048571428571429,0,🌱 Potential Customers
16412,54,1,135.99,135.99,63.0,25,1,0,0.0,United Kingdom,72.595,0.01818181818181818,135.99,3,⚠️ At Risk Customers
16413,57,1,262.2,262.2,148.0,30,1,0,0.0,United Kingdom,135.4,0.017241379310344827,262.2,3,⚠️ At Risk Customers
16414,22,2,126.25,63.125,13.5,5,2,258,43.0,United Kingdom,80.925,0.08695652173913043,0.4874517374517375,0,🌱 Potential Customers
16415,44,1,200.27,200.27,178.0,45,1,0,0.0,United Kingdom,105.735,0.022222222222222223,200.27,3,⚠️ At Risk Customers
16416,27,3,1051.4,350.4666666666667,224.0,59,3,29,0.4142857142857143,United Kingdom,553.0,0.10714285714285714,35.04666666666667,3,⚠️ At Risk Customers
16418,45,3,631.12,210.37333333333333,93.33333333333333,76,3,181,1.925531914893617,United Kingdom,341.06,0.06521739130434782,3.4676923076923076,0,🌱 Potential Customers
16419,113,6,958.71,159.785,71.33333333333333,36,6,199,4.020408163265306,United Kingdom,528.0550000000001,0.05263157894736842,4.79355,0,🌱 Potential Customers
16422,17,51,34684.4,680.086274509804,660.8627450980392,68,50,351,0.8885869565217391,United Kingdom,17850.5,2.7777777777777777,98.53522727272728,2,💎 Premium Customers
16423,25,1,346.12,346.12,230.0,18,1,0,0.0,United Kingdom,180.56,0.038461538461538464,346.12,3,⚠️ At Risk Customers
16424,191,1,133.56,133.56,88.0,5,1,0,0.0,United Kingdom,57.68,0.005208333333333333,133.56,3,⚠️ At Risk Customers
16425,302,1,302.7,302.7,199.0,21,1,0,0.0,United Kingdom,131.14999999999998,0.0033003300330033004,302.7,3,⚠️ At Risk Customers
16426,2,10,1863.76,186.376,121.5,211,10,273,0.7670454545454546,United Kingdom,1031.68,3.3333333333333335,6.802043795620438,0,🌱 Potential Customers
16427,263,2,241.06,120.53,78.0,8,2,21,2.625,United Kingdom,114.23,0.007575757575757576,10.957272727272727,3,⚠️ At Risk Customers
16429,106,1,284.55,284.55,9.0,2,1,0,0.0,United Kingdom,141.675,0.009345794392523364,284.55,3,⚠️ At Risk Customers
16430,57,1,300.85,300.85,103.0,6,1,0,0.0,United Kingdom,154.72500000000002,0.017241379310344827,300.85,3,⚠️ At Risk Customers
16431,213,3,623.28,207.76,147.33333333333334,51,3,84,1.12,United Kingdom,320.34,0.014018691588785047,7.332705882352941,3,⚠️ At Risk Customers
16432,64,1,287.4,287.4,276.0,8,1,0,0.0,United Kingdom,147.29999999999998,0.015384615384615385,287.4,3,⚠️ At Risk Customers
16433,28,1,184.26,184.26,106.0,17,1,0,0.0,United Kingdom,99.33,0.034482758620689655,184.26,3,⚠️ At Risk Customers
16434,29,7,1511.8,215.97142857142856,108.57142857142857,88,7,270,2.509433962264151,United Kingdom,823.0,0.23333333333333334,5.57859778597786,0,🌱 Potential Customers
16438,6,5,798.35,159.67000000000002,92.6,74,5,76,0.5648854961832062,United Kingdom,448.575,0.7142857142857143,10.368181818181819,0,🌱 Potential Customers
16440,8,5,3640.67,728.134,403.6,186,5,206,0.7295373665480427,United Kingdom,1869.535,0.5555555555555556,17.587777777777777,0,🌱 Potential Customers
16441,67,2,381.2,190.6,86.5,22,2,224,9.73913043478261,United Kingdom,203.9,0.029411764705882353,1.694222222222222,0,🌱 Potential Customers
16442,2,3,609.3,203.1,147.66666666666666,161,3,359,2.1058823529411765,United Kingdom,334.45,1.0,1.6925,0,🌱 Potential Customers
16444,46,4,654.67,163.6675,101.75,68,4,218,2.602409638554217,United Kingdom,362.73499999999996,0.0851063829787234,2.989360730593607,0,🌱 Potential Customers
16445,34,1,230.51,230.51,111.0,62,1,0,0.0,United Kingdom,121.85499999999999,0.02857142857142857,230.51,3,⚠️ At Risk Customers
16446,1,2,168472.5,84236.25,40498.5,3,2,204,102.0,United Kingdom,84256.15,1.0,821.8170731707318,1,🏆 High Value Customers
16447,136,1,255.91,255.91,221.0,34,1,0,0.0,United Kingdom,124.35499999999999,0.0072992700729927005,255.91,3,⚠️ At Risk Customers
16448,198,1,182.99,182.99,76.0,19,1,0,0.0,United Kingdom,81.69500000000001,0.005025125628140704,182.99,3,⚠️ At Risk Customers
16449,198,2,707.69,353.845,183.5,40,2,82,2.1025641025641026,United Kingdom,354.045,0.010050251256281407,8.526385542168676,3,⚠️ At Risk Customers
16450,150,1,311.92,311.92,200.0,11,1,0,0.0,United Kingdom,150.96,0.006622516556291391,311.92,3,⚠️ At Risk Customers
16451,88,1,266.97,266.97,120.0,14,1,0,0.0,United Kingdom,134.685,0.011235955056179775,266.97,3,⚠️ At Risk Customers
16454,45,2,6.9,3.45,1.5,2,2,19,19.0,United Kingdom,18.95,0.043478260869565216,0.34500000000000003,0,🌱 Potential Customers
16455,64,7,1841.18,263.0257142857143,141.14285714285714,69,7,307,3.122448979591837,United Kingdom,984.19,0.1076923076923077,5.977857142857143,0,🌱 Potential Customers
16456,99,5,2158.18,431.63599999999997,229.4,80,5,273,2.4954128440366974,United Kingdom,1119.1899999999998,0.05,7.876569343065693,0,🌱 Potential Customers
16457,218,1,208.36,208.36,140.0,9,1,0,0.0,United Kingdom,92.38000000000001,0.0045662100456621,208.36,3,⚠️ At Risk Customers
16458,3,18,3482.7400000000002,193.48555555555558,119.66666666666667,52,18,357,1.736318407960199,United Kingdom,1921.0700000000002,4.5,9.728324022346369,2,💎 Premium Customers
16460,28,3,811.23,270.41,292.0,128,3,53,0.40458015267175573,United Kingdom,432.815,0.10344827586206896,15.022777777777778,0,🌱 Potential Customers
16461,178,1,142.92,142.92,48.0,31,1,0,0.0,United Kingdom,63.66,0.00558659217877095,142.92,3,⚠️ At Risk Customers
16462,74,3,136.0,45.333333333333336,5.333333333333333,1,3,210,104.5,United Kingdom,90.6,0.04,0.6445497630331753,0,🌱 Potential Customers
16463,21,4,1422.4,355.6,290.75,74,4,182,2.234567901234568,United Kingdom,749.1,0.18181818181818182,7.772677595628416,0,🌱 Potential Customers
16464,20,3,1298.66,432.8866666666666,317.3333333333333,152,3,122,0.5283842794759825,United Kingdom,677.33,0.14285714285714285,10.558211382113821,0,🌱 Potential Customers
16466,34,7,1595.96,227.99428571428572,112.14285714285714,103,7,258,1.7655172413793103,United Kingdom,864.58,0.2,6.162007722007722,0,🌱 Potential Customers
16468,74,1,74.9,74.9,31.0,2,1,0,0.0,United Kingdom,40.050000000000004,0.013333333333333334,74.9,3,⚠️ At Risk Customers
16469,24,4,625.42,156.355,65.0,148,4,222,1.3058823529411765,United Kingdom,350.31,0.16,2.80457399103139,0,🌱 Potential Customers
16470,52,4,752.77,188.1925,130.5,120,4,307,1.8773006134969326,United Kingdom,411.185,0.07547169811320754,2.4440584415584414,0,🌱 Potential Customers
16471,275,1,223.95000000000002,223.95000000000002,141.0,13,1,0,0.0,United Kingdom,94.47500000000001,0.0036231884057971015,223.95000000000002,3,⚠️ At Risk Customers
16473,165,3,316.11,105.37,65.33333333333333,18,3,171,10.058823529411764,United Kingdom,171.555,0.018072289156626505,1.8378488372093025,0,🌱 Potential Customers
16474,7,7,1810.65,258.6642857142857,129.85714285714286,237,7,137,0.4017857142857143,United Kingdom,974.625,0.875,13.120652173913044,0,🌱 Potential Customers
16475,88,4,544.3,136.075,79.75,23,4,185,6.814814814814815,United Kingdom,303.34999999999997,0.0449438202247191,2.9263440860215053,0,🌱 Potential Customers
16477,64,7,2494.46,356.3514285714286,202.14285714285714,111,7,307,2.103448275862069,United Kingdom,1310.83,0.1076923076923077,8.098896103896104,0,🌱 Potential Customers
16478,25,3,331.0,110.33333333333333,74.66666666666667,15,3,40,2.4375,United Kingdom,193.0,0.11538461538461539,8.073170731707316,3,⚠️ At Risk Customers
16479,10,2,300.83,150.41500000000002,51.0,35,2,0,0.0,United Kingdom,169.415,0.18181818181818182,300.83,3,⚠️ At Risk Customers
16480,76,1,769.29,769.29,455.0,51,1,0,0.0,United Kingdom,387.04499999999996,0.012987012987012988,769.29,1,🏆 High Value Customers
16482,16,1,220.62,220.62,346.0,18,1,0,0.0,United Kingdom,118.71000000000001,0.058823529411764705,220.62,3,⚠️ At Risk Customers
16483,192,1,139.35,139.35,44.0,19,1,0,0.0,United Kingdom,60.474999999999994,0.0051813471502590676,139.35,3,⚠️ At Risk Customers
16484,174,2,404.3,202.15,100.0,25,2,17,0.7083333333333334,United Kingdom,204.75,0.011428571428571429,22.461111111111112,3,⚠️ At Risk Customers
16485,77,1,363.65,363.65,235.0,41,1,0,0.0,United Kingdom,184.125,0.01282051282051282,363.65,3,⚠️ At Risk Customers
16488,33,3,498.8,166.26666666666668,242.66666666666666,28,3,115,4.071428571428571,United Kingdom,276.09999999999997,0.08823529411764706,4.3,0,🌱 Potential Customers
16491,47,1,731.5,731.5,478.0,39,1,0,0.0,United Kingdom,371.05,0.020833333333333332,731.5,1,🏆 High Value Customers
16493,80,4,1351.63,337.9075,291.0,40,4,250,4.509090909090909,United Kingdom,707.815,0.04938271604938271,5.3849800796812755,0,🌱 Potential Customers
16494,297,1,826.53,826.53,675.0,47,1,0,0.0,United Kingdom,393.565,0.003355704697986577,826.53,1,🏆 High Value Customers
16495,3,3,648.26,216.08666666666667,109.33333333333333,78,3,272,3.1264367816091956,United Kingdom,353.83,0.75,2.3745787545787547,0,🌱 Potential Customers
16496,9,3,1599.52,533.1733333333333,370.3333333333333,92,3,308,3.265957446808511,United Kingdom,828.86,0.3,5.176440129449838,0,🌱 Potential Customers
16497,50,6,2965.69,494.2816666666667,232.66666666666666,128,6,283,2.088888888888889,United Kingdom,1537.845,0.11764705882352941,10.442570422535212,0,🌱 Potential Customers
16498,161,2,100.97,50.485,22.5,15,2,0,0.0,United Kingdom,54.385,0.012345679012345678,100.97,3,⚠️ At Risk Customers
16499,360,2,365.45,182.72500000000002,63.5,18,2,4,0.2222222222222222,United Kingdom,166.725,0.00554016620498615,73.09,3,⚠️ At Risk Customers
16500,5,6,400.86,66.81,20.5,8,6,326,32.4,United Kingdom,259.93,1.0,1.2258715596330276,0,🌱 Potential Customers
16503,107,4,1431.93,357.98249999999996,142.25,71,4,253,3.036144578313253,United Kingdom,745.265,0.037037037037037035,5.63751968503937,0,🌱 Potential Customers
16504,25,1,465.88,465.88,510.0,76,1,0,0.0,United Kingdom,240.44,0.038461538461538464,465.88,3,⚠️ At Risk Customers
16505,32,1,777.6,777.6,576.0,4,1,0,0.0,United Kingdom,395.6,0.030303030303030304,777.6,1,🏆 High Value Customers
16506,20,2,90.30000000000001,45.150000000000006,21.0,3,2,20,10.0,United Kingdom,63.150000000000006,0.09523809523809523,4.300000000000001,3,⚠️ At Risk Customers
16509,297,1,363.7,363.7,64.0,13,1,0,0.0,United Kingdom,162.14999999999998,0.003355704697986577,363.7,3,⚠️ At Risk Customers
16510,372,1,248.1,248.1,92.0,13,1,0,0.0,United Kingdom,96.85000000000001,0.002680965147453083,248.1,3,⚠️ At Risk Customers
16511,22,3,918.33,306.11,135.0,135,3,244,1.5379746835443038,United Kingdom,486.96500000000003,0.13043478260869565,3.7482857142857147,0,🌱 Potential Customers
16513,5,4,874.59,218.6475,101.75,33,4,38,1.0588235294117647,United Kingdom,476.795,0.6666666666666666,22.425384615384615,3,⚠️ At Risk Customers
16515,52,5,1624.14,324.82800000000003,165.2,89,5,259,2.3363636363636364,United Kingdom,856.87,0.09433962264150944,6.246692307692308,0,🌱 Potential Customers
16516,30,1,101.69999999999999,101.69999999999999,58.0,6,1,0,0.0,United Kingdom,57.849999999999994,0.03225806451612903,101.69999999999999,3,⚠️ At Risk Customers
16517,277,1,162.7,162.7,96.0,17,1,0,0.0,United Kingdom,63.64999999999999,0.0035971223021582736,162.7,3,⚠️ At Risk Customers
16518,61,2,484.32,242.16,163.5,36,2,222,5.6923076923076925,United Kingdom,256.05999999999995,0.03225806451612903,2.1718385650224215,0,🌱 Potential Customers
16519,25,2,215.07999999999998,107.53999999999999,27.0,13,2,340,28.333333333333332,United Kingdom,125.03999999999999,0.07692307692307693,0.630733137829912,0,🌱 Potential Customers
16520,186,3,1046.57,348.85666666666674,186.0,129,3,179,1.1483870967741936,United Kingdom,534.685,0.016042780748663103,5.814277777777777,0,🌱 Potential Customers
16523,2,21,9418.470000000001,448.4985714285714,203.0952380952381,151,21,313,1.055363321799308,United Kingdom,4919.035000000001,7.0,29.995127388535035,2,💎 Premium Customers
16525,2,26,13027.45,501.0557692307693,284.5,75,26,364,1.934065934065934,United Kingdom,6773.525000000001,8.666666666666666,35.69164383561644,2,💎 Premium Customers
16526,172,1,290.36,290.36,106.0,15,1,0,0.0,United Kingdom,137.98000000000002,0.005780346820809248,290.36,3,⚠️ At Risk Customers
16527,81,1,228.06,228.06,106.0,14,1,0,0.0,United Kingdom,115.93,0.012195121951219513,228.06,3,⚠️ At Risk Customers
16528,4,1,244.41,244.41,171.0,17,1,0,0.0,United Kingdom,131.80499999999998,0.2,244.41,3,⚠️ At Risk Customers
16529,190,1,455.25,455.25,198.0,30,1,0,0.0,United Kingdom,218.625,0.005235602094240838,455.25,3,⚠️ At Risk Customers
16531,22,7,1244.59,177.79857142857142,130.71428571428572,68,7,338,4.407894736842105,United Kingdom,690.0949999999999,0.30434782608695654,3.671356932153392,0,🌱 Potential Customers
16532,18,3,6748.8,2249.6,672.0,2,3,320,106.66666666666667,United Kingdom,3402.6,0.15789473684210525,21.02429906542056,1,🏆 High Value Customers
16533,19,3,1082.81,360.93666666666667,203.66666666666666,112,3,48,0.26857142857142857,United Kingdom,569.505,0.15,22.09816326530612,0,🌱 Potential Customers
16535,5,1,593.75,593.75,356.0,31,1,0,0.0,United Kingdom,306.375,0.16666666666666666,593.75,3,⚠️ At Risk Customers
16536,110,1,548.12,548.12,250.0,49,1,0,0.0,United Kingdom,273.06,0.009009009009009009,548.12,3,⚠️ At Risk Customers
16539,3,4,1388.81,347.2025,119.25,36,4,370,8.386363636363637,United Kingdom,734.105,1.0,3.7434231805929916,0,🌱 Potential Customers
16542,54,1,119.62,119.62,46.0,5,1,0,0.0,United Kingdom,64.41,0.01818181818181818,119.62,3,⚠️ At Risk Customers
16545,165,1,339.3,339.3,78.0,3,1,0,0.0,United Kingdom,163.15,0.006024096385542169,339.3,3,⚠️ At Risk Customers
16546,291,2,787.15,393.57500000000005,274.5,25,2,81,3.375,United Kingdom,384.47499999999997,0.00684931506849315,9.59939024390244,3,⚠️ At Risk Customers
16549,10,10,4034.9,403.49,229.4,445,10,324,0.3474025974025974,United Kingdom,2116.45,0.9090909090909091,12.415076923076924,0,🌱 Potential Customers
16550,109,5,2298.97,459.79400000000004,308.0,162,5,259,1.032,United Kingdom,1188.5849999999998,0.045454545454545456,8.842192307692306,0,🌱 Potential Customers
16551,96,3,922.12,307.37333333333333,323.3333333333333,26,3,240,7.741935483870968,United Kingdom,481.46,0.030927835051546393,3.8262240663900413,0,🌱 Potential Customers
16552,243,2,379.73,189.86500000000004,109.5,17,2,130,8.125,United Kingdom,185.565,0.00819672131147541,2.898702290076336,3,⚠️ At Risk Customers
16553,163,12,5719.82,476.65166666666664,383.3333333333333,62,12,197,2.325301204819277,United Kingdom,2963.6099999999997,0.07317073170731707,28.887979797979796,0,🌱 Potential Customers
16554,42,3,837.1,279.03333333333336,134.0,51,3,289,5.666666666666667,United Kingdom,444.35,0.06976744186046512,2.8865517241379313,0,🌱 Potential Customers
16555,35,2,285.89,142.945,87.5,15,2,74,4.625,United Kingdom,159.445,0.05555555555555555,3.8118666666666665,3,⚠️ At Risk Customers
16556,67,7,3313.79,473.3985714285714,270.0,144,7,293,1.4077669902912622,United Kingdom,1720.195,0.10294117647058823,11.271394557823129,0,🌱 Potential Customers
16557,24,2,281.85,140.925,55.5,11,2,113,11.3,United Kingdom,158.525,0.08,2.4723684210526318,0,🌱 Potential Customers
16558,1,20,8338.49,416.92449999999997,268.85,264,20,365,0.7777777777777778,United Kingdom,4369.1449999999995,10.0,22.78275956284153,2,💎 Premium Customers
16560,27,2,841.41,420.70500000000004,250.0,52,2,331,6.0181818181818185,United Kingdom,438.005,0.07142857142857142,2.534367469879518,0,🌱 Potential Customers
16561,6,2,511.12,255.56,122.0,29,2,54,1.8,United Kingdom,274.96,0.2857142857142857,9.293090909090909,3,⚠️ At Risk Customers
16563,54,1,1077.74,1077.74,486.0,19,1,0,0.0,United Kingdom,543.47,0.01818181818181818,1077.74,1,🏆 High Value Customers
16565,364,1,173.7,173.7,46.0,3,1,0,0.0,United Kingdom,60.449999999999996,0.0027397260273972603,173.7,3,⚠️ At Risk Customers
16566,15,5,614.66,122.93199999999999,72.4,14,5,277,16.176470588235293,United Kingdom,355.83,0.3125,2.2110071942446043,0,🌱 Potential Customers
16567,194,2,865.6,432.8,498.0,34,2,142,4.176470588235294,United Kingdom,433.40000000000003,0.010256410256410256,6.0531468531468535,3,⚠️ At Risk Customers
16569,3,1,124.2,124.2,93.0,5,1,0,0.0,United Kingdom,71.8,0.25,124.2,3,⚠️ At Risk Customers
16570,15,10,3738.4,373.84,211.2,68,10,296,2.352,United Kingdom,1967.7,0.625,12.587205387205387,0,🌱 Potential Customers
16571,27,3,1421.69,473.8966666666667,413.0,73,3,255,2.953488372093023,United Kingdom,738.145,0.10714285714285714,5.5534765625,0,🌱 Potential Customers
16572,127,3,1009.6,336.5333333333333,177.33333333333334,40,3,148,2.642857142857143,United Kingdom,522.0999999999999,0.0234375,6.7758389261744965,3,⚠️ At Risk Customers
16573,85,2,663.61,331.805,180.0,40,2,205,5.0,United Kingdom,343.305,0.023255813953488372,3.2214077669902914,0,🌱 Potential Customers
16574,71,1,451.44,451.44,416.0,28,1,0,0.0,United Kingdom,228.62,0.013888888888888888,451.44,3,⚠️ At Risk Customers
16581,183,1,105.84,105.84,134.0,9,1,0,0.0,United Kingdom,44.620000000000005,0.005434782608695652,105.84,3,⚠️ At Risk Customers
16582,113,1,313.62,313.62,164.0,6,1,0,0.0,United Kingdom,155.51,0.008771929824561403,313.62,3,⚠️ At Risk Customers
16583,374,1,233.45,233.45,111.0,14,1,0,0.0,United Kingdom,89.32499999999999,0.0026666666666666666,233.45,3,⚠️ At Risk Customers
16584,80,2,936.08,468.04,323.0,25,2,174,6.444444444444445,United Kingdom,480.04,0.024691358024691357,5.349028571428572,0,🌱 Potential Customers
16586,249,1,463.95,463.95,95.0,8,1,0,0.0,United Kingdom,217.075,0.004,463.95,3,⚠️ At Risk Customers
16587,232,1,225.15,225.15,71.0,13,1,0,0.0,United Kingdom,99.375,0.004291845493562232,225.15,3,⚠️ At Risk Customers
16589,71,3,459.24,153.08,122.66666666666667,31,3,90,2.78125,United Kingdom,252.52,0.041666666666666664,5.046593406593407,3,⚠️ At Risk Customers
16591,69,1,213.5,213.5,41.0,10,1,0,0.0,United Kingdom,109.85,0.014285714285714285,213.5,3,⚠️ At Risk Customers
16592,4,16,4113.68,257.105,182.9375,142,16,283,1.302325581395349,United Kingdom,2216.44,3.2,14.484788732394367,2,💎 Premium Customers
16593,51,3,330.03,110.00999999999999,38.666666666666664,24,3,277,10.653846153846153,United Kingdom,189.915,0.057692307692307696,1.1871582733812949,0,🌱 Potential Customers
16594,75,1,181.09,181.09,64.0,53,1,0,0.0,United Kingdom,93.045,0.013157894736842105,181.09,3,⚠️ At Risk Customers
16595,61,1,360.16,360.16,335.0,83,1,0,0.0,United Kingdom,183.98000000000002,0.016129032258064516,360.16,3,⚠️ At Risk Customers
16596,16,2,250.15,125.075,48.5,12,2,350,31.818181818181817,United Kingdom,143.475,0.11764705882352941,0.7126780626780627,0,🌱 Potential Customers
16597,4,1,90.04,90.04,184.0,7,1,0,0.0,United Kingdom,54.620000000000005,0.2,90.04,3,⚠️ At Risk Customers
16598,286,1,145.04999999999998,145.04999999999998,73.0,10,1,0,0.0,United Kingdom,53.92499999999999,0.003484320557491289,145.04999999999998,3,⚠️ At Risk Customers
16600,4,6,813.52,135.58666666666667,190.83333333333334,50,6,334,5.426229508196721,United Kingdom,466.36,1.2,2.4284179104477612,0,🌱 Potential Customers
16601,41,1,242.7,242.7,133.0,29,1,0,0.0,United Kingdom,127.25,0.023809523809523808,242.7,3,⚠️ At Risk Customers
16602,36,1,528.08,528.08,336.0,29,1,0,0.0,United Kingdom,270.44,0.02702702702702703,528.08,3,⚠️ At Risk Customers
16603,75,2,482.47,241.235,240.0,34,2,16,0.48484848484848486,United Kingdom,253.735,0.02631578947368421,28.38058823529412,3,⚠️ At Risk Customers
16607,18,14,3347.71,239.12214285714285,204.21428571428572,140,14,341,1.95906432748538,United Kingdom,1812.055,0.7368421052631579,9.788625730994152,0,🌱 Potential Customers
16609,15,7,5493.46,784.78,345.7142857142857,155,7,237,0.8545454545454545,United Kingdom,2815.23,0.4375,23.081764705882353,0,🌱 Potential Customers
16610,219,1,75.66,75.66,66.0,6,1,0,0.0,United Kingdom,25.929999999999996,0.004545454545454545,75.66,3,⚠️ At Risk Customers
16611,186,1,129.49,129.49,47.0,9,1,0,0.0,United Kingdom,56.145,0.0053475935828877,129.49,3,⚠️ At Risk Customers
16612,33,4,1187.66,296.915,126.5,48,4,278,4.276923076923077,United Kingdom,630.5300000000001,0.11764705882352941,4.256845878136201,0,🌱 Potential Customers
16613,70,1,618.59,618.59,293.0,30,1,0,0.0,United Kingdom,312.295,0.014084507042253521,618.59,3,⚠️ At Risk Customers
16614,183,1,506.19,506.19,223.0,26,1,0,0.0,United Kingdom,244.79500000000002,0.005434782608695652,506.19,3,⚠️ At Risk Customers
16616,15,2,500.42,250.21,185.0,31,2,142,4.4375,United Kingdom,268.71000000000004,0.125,3.4994405594405595,0,🌱 Potential Customers
16617,236,1,151.85,151.85,91.0,5,1,0,0.0,United Kingdom,62.324999999999996,0.004219409282700422,151.85,3,⚠️ At Risk Customers
16618,31,5,2647.59,529.518,272.6,79,5,291,3.0526315789473686,United Kingdom,1370.6950000000002,0.15625,9.06708904109589,0,🌱 Potential Customers
16619,264,1,226.21,226.21,133.0,14,1,0,0.0,United Kingdom,96.705,0.0037735849056603774,226.21,3,⚠️ At Risk Customers
16620,4,2,178.96,89.47999999999999,44.0,9,2,257,32.125,United Kingdom,109.08,0.4,0.6936434108527132,0,🌱 Potential Customers
16621,52,4,813.48,203.37,75.5,22,4,226,8.0,United Kingdom,441.54,0.07547169811320754,3.5836123348017623,0,🌱 Potential Customers
16623,246,1,129.45,129.45,39.0,5,1,0,0.0,United Kingdom,50.12499999999999,0.004048582995951417,129.45,3,⚠️ At Risk Customers
16624,81,2,810.5699999999999,405.28499999999997,244.0,44,2,116,2.4680851063829787,United Kingdom,417.18499999999995,0.024390243902439025,6.927948717948717,3,⚠️ At Risk Customers
16625,275,1,333.08,333.08,164.0,23,1,0,0.0,United Kingdom,149.04,0.0036231884057971015,333.08,3,⚠️ At Risk Customers
16626,1,17,4413.1,259.59411764705885,158.23529411764707,86,17,265,1.449438202247191,United Kingdom,2376.4500000000003,8.5,16.590601503759398,2,💎 Premium Customers
16627,79,1,322.8,322.8,162.0,20,1,0,0.0,United Kingdom,163.5,0.0125,322.8,3,⚠️ At Risk Customers
16628,30,5,2188.05,437.61,241.0,79,5,205,1.7586206896551724,United Kingdom,1141.025,0.16129032258064516,10.621601941747574,0,🌱 Potential Customers
16629,74,2,408.63,204.315,244.5,58,2,22,0.3728813559322034,United Kingdom,216.915,0.02666666666666667,17.766521739130436,3,⚠️ At Risk Customers
16633,17,6,2883.1,480.51666666666665,189.66666666666666,115,6,216,1.4172185430463575,United Kingdom,1499.85,0.3333333333333333,13.286175115207373,0,🌱 Potential Customers
16634,223,2,217.9,108.95,41.0,9,2,149,18.625,United Kingdom,106.64999999999999,0.008928571428571428,1.4526666666666668,0,🌱 Potential Customers
16637,32,4,1154.47,288.6175,231.75,66,4,193,2.823529411764706,United Kingdom,614.035,0.12121212121212122,5.950876288659794,0,🌱 Potential Customers
16638,23,10,1680.72,168.072,125.5,92,10,346,3.6666666666666665,United Kingdom,938.0600000000001,0.4166666666666667,4.8435734870317,0,🌱 Potential Customers
16639,31,3,1257.51,419.1700000000001,170.0,48,3,204,4.163265306122449,United Kingdom,655.655,0.09375,6.13419512195122,0,🌱 Potential Customers
16641,106,1,231.10000000000002,231.10000000000002,256.0,12,1,0,0.0,United Kingdom,114.95000000000002,0.009345794392523364,231.10000000000002,3,⚠️ At Risk Customers
16642,5,2,688.33,344.165,239.5,32,2,202,6.121212121212121,United Kingdom,363.665,0.3333333333333333,3.3907881773399016,0,🌱 Potential Customers
16643,246,1,487.51,487.51,269.0,27,1,0,0.0,United Kingdom,229.155,0.004048582995951417,487.51,3,⚠️ At Risk Customers
16644,178,2,833.78,416.89,413.0,62,2,34,0.5573770491803278,United Kingdom,419.09,0.0111731843575419,23.822285714285712,3,⚠️ At Risk Customers
16647,170,2,214.06,107.03,73.0,12,2,35,2.6923076923076925,United Kingdom,110.03,0.011695906432748537,5.946111111111112,3,⚠️ At Risk Customers
16648,43,1,290.65999999999997,290.65999999999997,281.0,19,1,0,0.0,United Kingdom,151.02999999999997,0.022727272727272728,290.65999999999997,3,⚠️ At Risk Customers
16650,72,1,518.42,518.42,372.0,24,1,0,0.0,United Kingdom,262.01,0.0136986301369863,518.42,3,⚠️ At Risk Customers
16652,59,7,6773.97,967.71,469.0,74,7,214,1.811965811965812,United Kingdom,3451.085,0.11666666666666667,31.506837209302326,0,🌱 Potential Customers
16653,16,2,1212.66,606.3299999999999,366.5,67,2,55,0.8088235294117647,United Kingdom,624.73,0.11764705882352941,21.654642857142857,0,🌱 Potential Customers
16654,141,4,601.27,150.3175,70.5,29,4,227,8.071428571428571,United Kingdom,326.53499999999997,0.028169014084507043,2.6371491228070174,0,🌱 Potential Customers
16655,18,6,3789.52,631.5866666666667,393.8333333333333,208,6,314,1.2101167315175096,United Kingdom,1952.96,0.3157894736842105,12.030222222222223,0,🌱 Potential Customers
16656,22,15,8625.8,575.0533333333333,592.9333333333333,14,15,342,4.652777777777778,United Kingdom,4460.7,0.6521739130434783,25.14810495626822,2,💎 Premium Customers
16657,10,4,874.43,218.60750000000002,282.5,158,4,244,1.2722513089005236,United Kingdom,476.215,0.36363636363636365,3.5691020408163263,0,🌱 Potential Customers
16658,368,1,123.24,123.24,40.0,8,1,0,0.0,United Kingdom,34.82,0.0027100271002710027,123.24,3,⚠️ At Risk Customers
16659,189,1,39.12,39.12,72.0,2,1,0,0.0,United Kingdom,10.659999999999997,0.005263157894736842,39.12,3,⚠️ At Risk Customers
16660,16,4,1267.6499999999999,316.91249999999997,142.75,16,4,303,20.133333333333333,United Kingdom,672.2249999999999,0.23529411764705882,4.169901315789473,0,🌱 Potential Customers
16665,362,1,135.39999999999998,135.39999999999998,59.0,9,1,0,0.0,United Kingdom,41.499999999999986,0.0027548209366391185,135.39999999999998,3,⚠️ At Risk Customers
16666,19,1,118.98,118.98,233.0,32,1,0,0.0,United Kingdom,67.59,0.05,118.98,3,⚠️ At Risk Customers
16667,68,2,567.1800000000001,283.59,118.0,52,2,216,4.235294117647059,United Kingdom,296.79,0.028985507246376812,2.6137327188940094,0,🌱 Potential Customers
16668,15,6,306.71999999999997,51.12,53.0,9,6,269,14.052631578947368,United Kingdom,211.85999999999999,0.375,1.136,0,🌱 Potential Customers
16669,24,3,1348.88,449.6266666666667,293.6666666666667,141,3,54,0.34838709677419355,United Kingdom,702.0400000000001,0.12,24.52509090909091,0,🌱 Potential Customers
16670,17,11,4095.9,372.3545454545455,232.36363636363637,179,11,341,1.342629482071713,United Kingdom,2156.25,0.6111111111111112,11.976315789473684,0,🌱 Potential Customers
16671,28,3,1692.27,564.09,291.6666666666667,3,3,136,27.0,United Kingdom,873.335,0.10344827586206896,12.352335766423357,0,🌱 Potential Customers
16672,2,20,8134.9400000000005,406.747,141.6,22,20,264,2.256637168141593,United Kingdom,4267.27,6.666666666666667,30.69788679245283,2,💎 Premium Customers
16674,55,2,304.24,152.12,90.5,89,2,43,0.4673913043478261,United Kingdom,166.62,0.03571428571428571,6.914545454545455,3,⚠️ At Risk Customers
16676,34,4,1592.1200000000001,398.03,159.0,75,4,303,3.4318181818181817,United Kingdom,832.6600000000001,0.11428571428571428,5.237236842105264,0,🌱 Potential Customers
16678,3,12,3109.99,259.16583333333335,199.75,92,12,280,1.6975308641975309,United Kingdom,1674.695,3.0,11.067580071174376,0,🌱 Potential Customers
16679,366,1,129.75,129.75,29.0,3,1,0,0.0,United Kingdom,38.275,0.0027247956403269754,129.75,3,⚠️ At Risk Customers
16680,43,1,183.7,183.7,94.0,10,1,0,0.0,United Kingdom,97.55,0.022727272727272728,183.7,3,⚠️ At Risk Customers
16681,73,6,1770.34,295.0566666666667,234.5,18,6,180,4.1395348837209305,United Kingdom,937.87,0.08108108108108109,9.780883977900553,0,🌱 Potential Customers
16682,5,5,1028.0,205.6,208.0,15,5,183,6.241379310344827,United Kingdom,563.5,0.8333333333333334,5.586956521739131,0,🌱 Potential Customers
16684,4,28,66653.56,2380.4842857142858,1794.8214285714287,119,27,353,1.2536231884057971,United Kingdom,33606.38,5.4,188.2868926553672,2,💎 Premium Customers
16685,61,2,324.24,162.12,198.0,60,2,0,0.0,United Kingdom,176.02,0.03225806451612903,324.24,3,⚠️ At Risk Customers
16686,47,7,2959.88,422.84000000000003,282.42857142857144,406,7,307,0.5616942909760589,United Kingdom,1545.24,0.14583333333333334,9.610000000000001,0,🌱 Potential Customers
16688,1,4,1260.86,315.215,201.0,52,4,59,0.9508196721311475,United Kingdom,670.3299999999999,2.0,21.014333333333333,0,🌱 Potential Customers
16689,76,2,422.59999999999997,211.3,165.0,12,2,6,0.5,United Kingdom,223.7,0.025974025974025976,60.37142857142857,3,⚠️ At Risk Customers
16690,72,2,225.57999999999998,112.78999999999999,69.0,10,2,129,11.727272727272727,United Kingdom,125.58999999999999,0.0273972602739726,1.7352307692307691,0,🌱 Potential Customers
16692,256,2,1276.0,638.0,76.0,2,2,32,16.0,United Kingdom,632.4,0.007782101167315175,38.666666666666664,3,⚠️ At Risk Customers
16693,69,2,477.86,238.93,101.5,58,2,203,3.5,United Kingdom,252.03,0.02857142857142857,2.3424509803921567,0,🌱 Potential Customers
16696,135,4,657.9000000000001,164.47500000000002,36.5,7,4,112,12.333333333333334,United Kingdom,355.45000000000005,0.029411764705882353,5.82212389380531,0,🌱 Potential Customers
16697,241,1,112.75,112.75,27.0,20,1,0,0.0,United Kingdom,42.275,0.004132231404958678,112.75,3,⚠️ At Risk Customers
16698,227,2,1998.0,999.0,420.0,4,2,26,6.5,United Kingdom,996.3,0.008771929824561403,74.0,3,⚠️ At Risk Customers
16700,9,13,5076.55,390.50384615384615,309.53846153846155,159,13,357,1.1498371335504887,United Kingdom,2667.375,1.3,14.180307262569833,0,🌱 Potential Customers
16701,9,13,5398.3,415.25384615384615,491.7692307692308,99,13,352,2.4335664335664338,United Kingdom,2828.25,1.3,15.292634560906516,0,🌱 Potential Customers
16705,1,20,14034.99,701.7495000000001,273.8,133,20,358,1.312267657992565,United Kingdom,7217.3949999999995,10.0,39.09467966573816,2,💎 Premium Customers
16706,37,3,531.35,177.11666666666665,83.0,108,3,76,0.6229508196721312,United Kingdom,291.975,0.07894736842105263,6.900649350649351,0,🌱 Potential Customers
16708,46,1,656.63,656.63,285.0,27,1,0,0.0,United Kingdom,333.715,0.02127659574468085,656.63,3,⚠️ At Risk Customers
16709,85,5,3029.87,605.9739999999999,170.2,64,5,197,2.5,United Kingdom,1556.435,0.05813953488372093,15.302373737373737,0,🌱 Potential Customers
16710,19,10,2467.99,246.79900000000004,182.3,268,10,349,0.8804071246819338,United Kingdom,1332.0949999999998,0.5,7.051399999999999,0,🌱 Potential Customers
16711,3,5,1651.03,330.206,166.6,18,5,354,16.761904761904763,United Kingdom,875.215,1.25,4.650788732394366,0,🌱 Potential Customers
16712,9,11,3611.31,328.3009090909091,157.27272727272728,259,10,266,0.5995423340961098,United Kingdom,1914.7549999999999,1.0,13.525505617977528,0,🌱 Potential Customers
16713,19,15,6910.78,460.71866666666665,284.73333333333335,338,15,347,0.5501618122977346,United Kingdom,3603.49,0.75,19.858563218390803,2,💎 Premium Customers
16714,219,3,1129.06,376.3533333333333,196.33333333333334,77,3,98,1.1395348837209303,United Kingdom,572.63,0.013636363636363636,11.404646464646465,3,⚠️ At Risk Customers
16715,78,1,301.71999999999997,301.71999999999997,642.0,19,1,0,0.0,United Kingdom,153.05999999999997,0.012658227848101266,301.71999999999997,3,⚠️ At Risk Customers
16716,267,2,901.2,450.6,60.0,1,2,44,44.0,United Kingdom,443.90000000000003,0.007462686567164179,20.026666666666667,0,🌱 Potential Customers
16717,24,6,3843.08,640.5133333333333,310.0,176,6,342,1.7258883248730965,United Kingdom,1979.1399999999999,0.24,11.204314868804664,0,🌱 Potential Customers
16718,369,1,606.0500000000001,606.0500000000001,407.0,41,1,0,0.0,United Kingdom,276.12500000000006,0.002702702702702703,606.0500000000001,3,⚠️ At Risk Customers
16719,15,7,1770.22,252.88857142857142,167.85714285714286,107,7,353,1.7897435897435898,United Kingdom,953.61,0.4375,5.000621468926553,0,🌱 Potential Customers
16720,26,1,152.95,152.95,180.0,25,1,0,0.0,United Kingdom,83.875,0.037037037037037035,152.95,3,⚠️ At Risk Customers
16721,262,1,292.47,292.47,172.0,37,1,0,0.0,United Kingdom,130.03500000000003,0.0038022813688212928,292.47,3,⚠️ At Risk Customers
16722,17,13,4730.81,363.9084615384615,384.6923076923077,96,13,351,1.5401785714285714,United Kingdom,2493.7050000000004,0.7222222222222222,13.439801136363638,0,🌱 Potential Customers
16723,91,2,576.4,288.2,199.0,37,2,16,0.3902439024390244,United Kingdom,299.09999999999997,0.021739130434782608,33.90588235294118,3,⚠️ At Risk Customers
16725,302,7,758.27,108.32428571428571,41.142857142857146,110,7,69,0.4652777777777778,United Kingdom,418.935,0.0231023102310231,10.83242857142857,3,⚠️ At Risk Customers
16726,26,5,1358.74,271.748,189.0,121,5,335,1.88135593220339,United Kingdom,726.77,0.18518518518518517,4.043869047619047,0,🌱 Potential Customers
16727,364,1,256.32,256.32,167.0,41,1,0,0.0,United Kingdom,101.75999999999999,0.0027397260273972603,256.32,3,⚠️ At Risk Customers
16728,46,4,1048.28,262.07,167.75,218,5,218,0.8282442748091603,United Kingdom,559.54,0.10638297872340426,4.786666666666666,0,🌱 Potential Customers
16729,38,21,7205.33,343.11095238095237,272.4761904761905,234,21,203,0.2961832061068702,United Kingdom,3808.865,0.5384615384615384,35.320245098039216,2,💎 Premium Customers
16730,52,3,743.11,247.70333333333335,331.3333333333333,75,3,267,3.2839506172839505,United Kingdom,396.355,0.05660377358490566,2.7727985074626864,0,🌱 Potential Customers
16732,32,1,603.75,603.75,317.0,28,1,0,0.0,United Kingdom,308.675,0.030303030303030304,603.75,3,⚠️ At Risk Customers
16734,52,3,646.76,215.58666666666667,115.0,44,3,61,1.196078431372549,United Kingdom,348.18,0.05660377358490566,10.431612903225806,3,⚠️ At Risk Customers
16735,79,5,2247.41,449.48199999999997,306.4,88,5,255,2.208695652173913,United Kingdom,1165.8049999999998,0.0625,8.7789453125,0,🌱 Potential Customers
16737,53,1,417.59999999999997,417.59999999999997,288.0,1,1,0,0.0,United Kingdom,213.49999999999997,0.018518518518518517,417.59999999999997,3,⚠️ At Risk Customers
16738,298,1,3.75,3.75,3.0,1,1,0,0.0,United Kingdom,-17.925,0.0033444816053511705,3.75,3,⚠️ At Risk Customers
16739,177,1,323.0,323.0,172.0,13,1,0,0.0,United Kingdom,153.8,0.0056179775280898875,323.0,3,⚠️ At Risk Customers
16742,47,1,464.9,464.9,1.0,1,1,0,0.0,United Kingdom,237.75,0.020833333333333332,464.9,3,⚠️ At Risk Customers
16743,29,7,2213.13,316.1614285714286,290.7142857142857,89,7,329,1.7248677248677249,United Kingdom,1173.665,0.23333333333333334,6.7064545454545454,0,🌱 Potential Customers
16744,11,7,1291.91,184.5585714285714,114.0,198,7,161,0.676595744680851,United Kingdom,714.855,0.5833333333333334,7.974753086419754,0,🌱 Potential Customers
16745,87,17,7180.7,422.39411764705886,395.2352941176471,148,17,225,0.615819209039548,United Kingdom,3751.65,0.19318181818181818,31.77300884955752,2,💎 Premium Customers
16746,5,18,6680.11,371.1172222222222,258.8888888888889,234,18,354,0.7787810383747178,United Kingdom,3519.555,3.0,18.817211267605632,2,💎 Premium Customers
16747,38,2,836.06,418.03,291.5,34,2,30,0.7317073170731707,United Kingdom,434.22999999999996,0.05128205128205128,26.969677419354838,3,⚠️ At Risk Customers
16748,18,5,1515.9,303.18,176.0,42,5,316,4.632352941176471,United Kingdom,806.1500000000001,0.2631578947368421,4.7820189274447955,0,🌱 Potential Customers
16750,45,5,623.93,124.78599999999999,42.8,74,5,187,1.9680851063829787,United Kingdom,357.465,0.10869565217391304,3.3187765957446804,0,🌱 Potential Customers
16751,31,1,1764.72,1764.72,1031.0,24,1,0,0.0,United Kingdom,889.26,0.03125,1764.72,1,🏆 High Value Customers
16752,373,1,207.5,207.5,54.0,9,1,0,0.0,United Kingdom,76.44999999999999,0.00267379679144385,207.5,3,⚠️ At Risk Customers
16753,58,1,223.92000000000002,223.92000000000002,189.0,34,1,0,0.0,United Kingdom,116.16000000000001,0.01694915254237288,223.92000000000002,3,⚠️ At Risk Customers
16754,372,1,2002.4,2002.4,4280.0,2,1,0,0.0,United Kingdom,974.0,0.002680965147453083,2002.4,1,🏆 High Value Customers
16755,114,3,1475.43,491.80999999999995,352.6666666666667,133,3,201,1.2195121951219512,United Kingdom,756.315,0.02608695652173913,7.304108910891089,0,🌱 Potential Customers
16756,215,1,239.4,239.4,106.0,13,1,0,0.0,United Kingdom,108.19999999999999,0.004629629629629629,239.4,3,⚠️ At Risk Customers
16757,319,1,106.83000000000001,106.83000000000001,81.0,7,1,0,0.0,United Kingdom,31.515000000000004,0.003125,106.83000000000001,3,⚠️ At Risk Customers
16758,65,1,369.34000000000003,369.34000000000003,203.0,22,1,0,0.0,United Kingdom,188.17000000000002,0.015151515151515152,369.34000000000003,3,⚠️ At Risk Customers
16759,8,3,789.79,263.2633333333333,203.0,40,3,23,0.5609756097560976,United Kingdom,424.09499999999997,0.3333333333333333,32.907916666666665,3,⚠️ At Risk Customers
16761,97,1,316.62,316.62,341.0,13,1,0,0.0,United Kingdom,158.61,0.01020408163265306,316.62,3,⚠️ At Risk Customers
16762,20,3,1207.24,402.4133333333334,160.0,51,3,124,2.0,United Kingdom,631.62,0.14285714285714285,9.65792,0,🌱 Potential Customers
16763,199,1,611.85,611.85,319.0,23,1,0,0.0,United Kingdom,296.02500000000003,0.005,611.85,3,⚠️ At Risk Customers
16764,4,13,2790.9500000000003,214.68846153846155,96.38461538461539,209,13,139,0.1917024320457797,United Kingdom,1525.075,2.6,19.935357142857146,0,🌱 Potential Customers
16765,294,1,34.0,34.0,4.0,1,1,0,0.0,United Kingdom,-2.400000000000002,0.003389830508474576,34.0,3,⚠️ At Risk Customers
16766,273,2,1145.6,572.8,268.0,17,2,0,0.0,United Kingdom,565.5,0.0072992700729927005,1145.6,1,🏆 High Value Customers
16767,31,11,5575.56,506.86909090909097,402.09090909090907,148,11,285,1.290909090909091,United Kingdom,2894.6800000000003,0.34375,19.494965034965038,0,🌱 Potential Customers
16768,48,3,478.09000000000003,159.36333333333334,65.33333333333333,47,3,224,4.2075471698113205,United Kingdom,264.245,0.061224489795918366,2.1248444444444448,0,🌱 Potential Customers
16769,260,1,361.54,361.54,80.0,33,1,0,0.0,United Kingdom,164.77,0.0038314176245210726,361.54,3,⚠️ At Risk Customers
16770,58,5,757.1,151.42000000000002,91.2,116,5,314,2.237410071942446,United Kingdom,422.75,0.0847457627118644,2.4034920634920636,0,🌱 Potential Customers
16771,33,5,2242.61,448.52200000000005,297.4,200,5,304,1.1976284584980237,United Kingdom,1168.005,0.14705882352941177,7.352819672131148,0,🌱 Potential Customers
16773,57,1,171.59,171.59,171.0,23,1,0,0.0,United Kingdom,90.095,0.017241379310344827,171.59,3,⚠️ At Risk Customers
16774,68,4,661.52,165.38,80.5,36,4,110,2.3191489361702127,United Kingdom,363.96,0.057971014492753624,5.959639639639639,3,⚠️ At Risk Customers
16775,10,11,1691.51,153.77363636363637,39.90909090909091,84,11,357,2.2564102564102564,United Kingdom,954.755,1.0,4.724888268156424,0,🌱 Potential Customers
16776,60,1,371.54,371.54,254.0,61,1,0,0.0,United Kingdom,189.77,0.01639344262295082,371.54,3,⚠️ At Risk Customers
16777,80,2,222.62,111.31,31.0,45,2,176,3.74468085106383,United Kingdom,123.31,0.024691358024691357,1.2577401129943504,0,🌱 Potential Customers
16778,74,2,245.94,122.97,97.0,16,2,199,13.266666666666667,United Kingdom,135.57,0.02666666666666667,1.2297,0,🌱 Potential Customers
16779,2,22,10611.720000000001,482.35090909090917,240.95454545454547,161,22,364,1.0757575757575757,United Kingdom,5525.660000000001,7.333333333333333,29.073205479452056,2,💎 Premium Customers
16780,100,2,422.24,211.12,135.0,51,2,158,2.7241379310344827,United Kingdom,221.12,0.019801980198019802,2.6555974842767296,3,⚠️ At Risk Customers
16781,372,1,311.25,311.25,113.0,17,1,0,0.0,United Kingdom,128.425,0.002680965147453083,311.25,3,⚠️ At Risk Customers
16782,10,13,2267.9500000000003,174.4576923076923,54.23076923076923,103,13,355,1.9120879120879122,United Kingdom,1262.9750000000001,1.1818181818181819,6.3706460674157315,0,🌱 Potential Customers
16784,20,1,107.6,107.6,24.0,3,1,0,0.0,United Kingdom,61.8,0.047619047619047616,107.6,3,⚠️ At Risk Customers
16788,123,2,594.39,297.19500000000005,152.0,138,2,131,0.891156462585034,United Kingdom,304.895,0.016129032258064516,4.502954545454545,0,🌱 Potential Customers
16789,8,1,80.8,80.8,32.0,5,1,0,0.0,United Kingdom,49.6,0.1111111111111111,80.8,3,⚠️ At Risk Customers
16790,4,6,1545.6200000000001,257.60333333333335,149.66666666666666,88,6,34,0.34782608695652173,United Kingdom,832.4100000000001,1.2,44.16057142857143,0,🌱 Potential Customers
16791,29,7,1705.78,243.68285714285713,108.14285714285714,218,7,303,0.9584664536741214,United Kingdom,919.99,0.23333333333333334,5.611118421052631,0,🌱 Potential Customers
16792,282,2,110.38000000000001,55.190000000000005,22.0,11,2,0,0.0,United Kingdom,46.989999999999995,0.007067137809187279,110.38000000000001,3,⚠️ At Risk Customers
16793,57,1,243.84,243.84,146.0,16,1,0,0.0,United Kingdom,126.22000000000001,0.017241379310344827,243.84,3,⚠️ At Risk Customers
16794,1,10,1196.5,119.65,92.3,142,10,179,0.631768953068592,United Kingdom,698.15,5.0,6.647222222222222,0,🌱 Potential Customers
16795,365,1,414.88,414.88,239.0,64,1,0,0.0,United Kingdom,180.94,0.00273224043715847,414.88,3,⚠️ At Risk Customers
16796,89,1,305.62,305.62,186.0,18,1,0,0.0,United Kingdom,153.91,0.011111111111111112,305.62,3,⚠️ At Risk Customers
16800,11,1,1162.65,1162.65,524.0,148,1,0,0.0,United Kingdom,590.225,0.08333333333333333,1162.65,1,🏆 High Value Customers
16801,163,4,1594.23,398.5575,123.25,72,4,110,1.4594594594594594,United Kingdom,820.815,0.024390243902439025,14.362432432432433,3,⚠️ At Risk Customers
16803,65,1,332.3,332.3,245.0,24,1,0,0.0,United Kingdom,169.65,0.015151515151515152,332.3,3,⚠️ At Risk Customers
16804,23,3,536.99,178.99666666666667,82.0,59,3,247,4.186440677966102,United Kingdom,296.195,0.125,2.1652822580645164,0,🌱 Potential Customers
16805,174,2,460.59,230.29500000000002,269.5,94,2,186,1.9175257731958764,United Kingdom,232.89499999999998,0.011428571428571429,2.463048128342246,3,⚠️ At Risk Customers
16806,103,4,762.16,190.54,89.0,68,4,135,1.4565217391304348,United Kingdom,410.78,0.038461538461538464,5.604117647058823,0,🌱 Potential Customers
16807,143,3,1121.59,373.8633333333334,259.3333333333333,57,3,128,1.9393939393939394,United Kingdom,576.495,0.020833333333333332,8.694496124031007,3,⚠️ At Risk Customers
16808,99,2,288.42,144.21,98.0,21,2,175,7.954545454545454,United Kingdom,154.31,0.02,1.6387500000000002,0,🌱 Potential Customers
16809,23,5,914.69,182.93800000000002,130.4,79,5,239,1.6013513513513513,United Kingdom,505.045,0.20833333333333334,3.8112083333333335,0,🌱 Potential Customers
16810,192,1,309.54,309.54,114.0,15,1,0,0.0,United Kingdom,145.57,0.0051813471502590676,309.54,3,⚠️ At Risk Customers
16811,5,2,547.07,273.53499999999997,238.5,26,2,12,0.4444444444444444,United Kingdom,293.035,0.3333333333333333,42.082307692307694,3,⚠️ At Risk Customers
16812,361,1,479.35,479.35,81.0,15,1,0,0.0,United Kingdom,213.57500000000002,0.0027624309392265192,479.35,3,⚠️ At Risk Customers
16813,8,10,1652.18,165.21800000000002,150.1,248,10,196,0.45176470588235296,United Kingdom,925.2900000000001,1.1111111111111112,8.386700507614213,0,🌱 Potential Customers
16814,14,21,6416.7,305.5571428571428,128.42857142857142,122,21,355,1.0849056603773586,United Kingdom,3416.95,1.4,18.02443820224719,2,💎 Premium Customers
16816,103,4,417.06,104.265,68.5,28,4,254,9.37037037037037,United Kingdom,238.23,0.038461538461538464,1.635529411764706,0,🌱 Potential Customers
16817,3,9,1604.75,178.30555555555554,91.33333333333333,73,9,365,4.258823529411765,United Kingdom,892.075,2.25,4.384562841530054,0,🌱 Potential Customers
16818,11,11,3349.57,304.50636363636363,196.72727272727272,172,11,194,1.0160427807486632,United Kingdom,1783.6850000000002,0.9166666666666666,17.177282051282052,0,🌱 Potential Customers
16820,96,1,497.61,497.61,307.0,26,1,0,0.0,United Kingdom,249.205,0.010309278350515464,497.61,3,⚠️ At Risk Customers
16823,227,1,358.38,358.38,136.0,34,1,0,0.0,United Kingdom,166.49,0.0043859649122807015,358.38,3,⚠️ At Risk Customers
16824,16,2,460.64,230.32,118.0,23,2,148,5.92,United Kingdom,248.72,0.11764705882352941,3.0915436241610736,0,🌱 Potential Customers
16825,39,2,775.1800000000001,387.59000000000003,283.0,27,2,147,5.444444444444445,United Kingdom,403.69000000000005,0.05,5.237702702702703,0,🌱 Potential Customers
16826,51,1,341.7,341.7,158.0,22,1,0,0.0,United Kingdom,175.75,0.019230769230769232,341.7,3,⚠️ At Risk Customers
16828,93,2,128.5,64.25,29.5,8,2,19,2.7142857142857144,United Kingdom,74.95,0.02127659574468085,6.425,3,⚠️ At Risk Customers
16829,157,1,197.22,197.22,99.0,11,1,0,0.0,United Kingdom,92.91,0.006329113924050633,197.22,3,⚠️ At Risk Customers
16830,39,1,325.91,325.91,264.0,23,1,0,0.0,United Kingdom,169.055,0.025,325.91,3,⚠️ At Risk Customers
16832,184,3,199.15,66.38333333333334,11.0,11,3,33,3.0,United Kingdom,111.17499999999998,0.016216216216216217,5.857352941176471,3,⚠️ At Risk Customers
16833,1,4,1106.53,276.6325,110.0,46,4,333,7.217391304347826,United Kingdom,593.165,2.0,3.312964071856287,0,🌱 Potential Customers
16834,228,1,413.46,413.46,358.0,24,1,0,0.0,United Kingdom,193.92999999999998,0.004366812227074236,413.46,3,⚠️ At Risk Customers
16835,128,2,180.85,90.425,30.5,10,2,244,27.11111111111111,United Kingdom,97.625,0.015503875968992248,0.7381632653061224,0,🌱 Potential Customers
16836,40,2,251.87,125.935,82.5,11,2,76,7.6,United Kingdom,141.935,0.04878048780487805,3.271038961038961,3,⚠️ At Risk Customers
16837,31,11,3170.98,288.2709090909091,142.0909090909091,123,11,214,1.2865853658536586,United Kingdom,1692.39,0.34375,14.748744186046512,0,🌱 Potential Customers
16838,197,2,588.85,294.425,92.5,24,2,90,3.75,United Kingdom,294.725,0.010101010101010102,6.470879120879121,3,⚠️ At Risk Customers
16839,9,34,16594.35,488.06911764705876,263.97058823529414,114,34,360,1.2981132075471697,United Kingdom,8636.275,3.4,45.967728531855954,2,💎 Premium Customers
16841,37,6,1869.82,311.63666666666666,375.0,101,6,250,2.1565217391304348,United Kingdom,991.2099999999999,0.15789473684210525,7.449482071713147,0,🌱 Potential Customers
16842,101,3,1264.19,421.3966666666667,231.0,45,3,201,3.2419354838709675,United Kingdom,651.995,0.029411764705882353,6.258366336633664,0,🌱 Potential Customers
16843,43,16,10196.57,637.285625,634.9375,226,16,284,0.7400530503978779,United Kingdom,5253.985,0.36363636363636365,35.77743859649123,2,💎 Premium Customers
16846,50,1,214.32,214.32,135.0,11,1,0,0.0,United Kingdom,112.16,0.0196078431372549,214.32,3,⚠️ At Risk Customers
16847,43,1,193.44,193.44,78.0,12,1,0,0.0,United Kingdom,102.42,0.022727272727272728,193.44,3,⚠️ At Risk Customers
16848,53,1,281.42,281.42,182.0,14,1,0,0.0,United Kingdom,145.41,0.018518518518518517,281.42,3,⚠️ At Risk Customers
16849,187,1,124.57,124.57,33.0,8,1,0,0.0,United Kingdom,53.584999999999994,0.005319148936170213,124.57,3,⚠️ At Risk Customers
16850,334,1,332.41,332.41,249.0,19,1,0,0.0,United Kingdom,142.805,0.0029850746268656717,332.41,3,⚠️ At Risk Customers
16851,4,3,342.45,114.15000000000002,90.33333333333333,17,3,47,2.473684210526316,United Kingdom,200.825,0.6,7.1343749999999995,3,⚠️ At Risk Customers
16852,10,2,144.91000000000003,72.455,28.0,9,2,165,20.625,United Kingdom,91.45500000000001,0.18181818181818182,0.8729518072289159,0,🌱 Potential Customers
16855,24,2,328.4,164.2,82.0,19,2,19,1.0555555555555556,United Kingdom,181.79999999999998,0.08,16.419999999999998,3,⚠️ At Risk Customers
16856,15,1,35.400000000000006,35.400000000000006,12.0,2,1,0,0.0,United Kingdom,26.200000000000003,0.0625,35.400000000000006,3,⚠️ At Risk Customers
16858,369,1,375.69000000000005,375.69000000000005,91.0,9,1,0,0.0,United Kingdom,160.94500000000002,0.002702702702702703,375.69000000000005,3,⚠️ At Risk Customers
16859,145,2,747.81,373.905,413.5,50,2,116,2.2745098039215685,United Kingdom,379.405,0.0136986301369863,6.391538461538461,3,⚠️ At Risk Customers
16861,60,2,173.76,86.88,70.0,6,2,98,19.6,United Kingdom,100.88,0.03278688524590164,1.7551515151515151,0,🌱 Potential Customers
16863,31,2,502.8,251.4,204.5,25,2,335,13.4,United Kingdom,268.29999999999995,0.0625,1.4964285714285714,0,🌱 Potential Customers
16866,141,3,207.73999999999998,69.24666666666666,20.0,10,3,20,1.9,United Kingdom,119.77000000000001,0.02112676056338028,9.892380952380952,3,⚠️ At Risk Customers
16869,23,4,817.12,204.28,145.75,113,4,152,1.1984126984126984,United Kingdom,446.26,0.16666666666666666,5.340653594771242,0,🌱 Potential Customers
16871,22,6,2812.34,468.72333333333336,208.83333333333334,131,6,248,1.8235294117647058,United Kingdom,1463.97,0.2608695652173913,11.294538152610443,0,🌱 Potential Customers
16872,77,3,680.02,226.67333333333332,200.0,5,3,107,17.833333333333332,United Kingdom,362.31,0.038461538461538464,6.296481481481481,0,🌱 Potential Customers
16873,5,6,7123.62,1187.27,640.0,179,6,359,1.2805755395683454,United Kingdom,3621.31,1.0,19.78783333333333,0,🌱 Potential Customers
16875,67,5,2095.53,419.10600000000005,213.8,93,5,272,2.4414414414414414,United Kingdom,1091.065,0.07352941176470588,7.675934065934067,0,🌱 Potential Customers
16877,12,6,846.62,141.10333333333332,76.33333333333333,111,6,195,1.2451612903225806,United Kingdom,482.11,0.46153846153846156,4.319489795918368,0,🌱 Potential Customers
16878,84,1,13.3,13.3,12.0,3,1,0,0.0,United Kingdom,8.249999999999998,0.011764705882352941,13.3,3,⚠️ At Risk Customers
16880,31,7,1491.43,213.0614285714286,106.57142857142857,121,7,158,0.9017341040462428,United Kingdom,812.615,0.21875,9.380062893081762,0,🌱 Potential Customers
16881,67,1,432.0,432.0,600.0,1,1,0,0.0,United Kingdom,219.3,0.014705882352941176,432.0,3,⚠️ At Risk Customers
16882,67,3,705.12,235.04,141.33333333333334,39,3,250,6.552631578947368,United Kingdom,375.86,0.04411764705882353,2.809243027888446,0,🌱 Potential Customers
16883,187,2,272.48,136.24,51.5,33,2,184,5.111111111111111,United Kingdom,137.54000000000002,0.010638297872340425,1.472864864864865,3,⚠️ At Risk Customers
16884,38,2,429.84000000000003,214.92000000000002,160.0,26,2,0,0.0,United Kingdom,231.12,0.05128205128205128,429.84000000000003,3,⚠️ At Risk Customers
16885,15,3,450.41,150.13666666666666,59.333333333333336,82,3,341,3.5789473684210527,United Kingdom,253.705,0.1875,1.3169883040935673,0,🌱 Potential Customers
16887,35,1,192.32999999999998,192.32999999999998,156.0,35,1,0,0.0,United Kingdom,102.66499999999999,0.027777777777777776,192.32999999999998,3,⚠️ At Risk Customers
16889,195,3,1578.67,526.2233333333332,308.3333333333333,112,3,142,1.0522388059701493,United Kingdom,799.835,0.015306122448979591,11.03965034965035,0,🌱 Potential Customers
16891,2,5,742.43,148.486,53.0,166,5,369,1.9891891891891893,United Kingdom,421.015,1.6666666666666667,2.0065675675675676,0,🌱 Potential Customers
16892,1,5,518.19,103.63799999999999,47.2,87,5,182,1.8958333333333333,United Kingdom,308.995,2.5,2.8316393442622956,0,🌱 Potential Customers
16893,367,1,145.93,145.93,62.0,44,1,0,0.0,United Kingdom,46.265,0.002717391304347826,145.93,3,⚠️ At Risk Customers
16895,65,1,202.27,202.27,91.0,57,1,0,0.0,United Kingdom,104.635,0.015151515151515152,202.27,3,⚠️ At Risk Customers
16897,299,2,289.78,144.89,36.5,37,2,14,0.3888888888888889,United Kingdom,134.98999999999998,0.006666666666666667,19.318666666666665,3,⚠️ At Risk Customers
16898,26,3,501.03,167.01,137.33333333333334,150,3,342,2.1923076923076925,United Kingdom,277.91499999999996,0.1111111111111111,1.460728862973761,0,🌱 Potential Customers
16899,8,6,1271.06,211.84333333333333,86.66666666666667,80,6,352,2.8688524590163933,United Kingdom,694.73,0.6666666666666666,3.600736543909348,0,🌱 Potential Customers
16900,17,3,887.11,295.7033333333333,277.6666666666667,78,3,46,0.5769230769230769,United Kingdom,471.855,0.16666666666666666,18.87468085106383,3,⚠️ At Risk Customers
16902,116,1,1706.88,1706.88,629.0,43,1,0,0.0,United Kingdom,851.84,0.008547008547008548,1706.88,1,🏆 High Value Customers
16903,29,1,363.2,363.2,247.0,50,1,0,0.0,United Kingdom,188.7,0.03333333333333333,363.2,3,⚠️ At Risk Customers
16904,4,16,3653.75,228.359375,124.0,387,16,362,0.536144578313253,United Kingdom,1986.475,3.2,10.06542699724518,2,💎 Premium Customers
16905,5,7,3037.6,433.9428571428571,197.28571428571428,117,7,366,1.8383838383838385,United Kingdom,1588.3,1.1666666666666667,8.27683923705722,0,🌱 Potential Customers
16906,82,4,559.59,139.8975,65.75,74,4,166,1.9411764705882353,United Kingdom,311.595,0.04819277108433735,3.3508383233532935,0,🌱 Potential Customers
16907,29,5,928.76,185.752,57.2,89,5,336,2.402877697841727,United Kingdom,511.48,0.16666666666666666,2.7559643916913945,0,🌱 Potential Customers
16909,72,1,379.14,379.14,436.0,18,1,0,0.0,United Kingdom,192.37,0.0136986301369863,379.14,3,⚠️ At Risk Customers
16910,4,8,1508.96,188.62,110.5,318,8,86,0.15441176470588236,United Kingdom,834.08,1.6,17.344367816091953,0,🌱 Potential Customers
16912,29,11,2555.58,232.32545454545453,93.18181818181819,88,9,294,2.9494949494949494,United Kingdom,1384.8899999999999,0.3,8.662983050847457,0,🌱 Potential Customers
16913,290,1,113.44,113.44,82.0,8,1,0,0.0,United Kingdom,37.72,0.003436426116838488,113.44,3,⚠️ At Risk Customers
16914,36,1,183.76,183.76,112.0,25,1,0,0.0,United Kingdom,98.28,0.02702702702702703,183.76,3,⚠️ At Risk Customers
16915,9,6,621.6800000000001,103.61333333333334,22.0,46,6,274,4.875,United Kingdom,369.94000000000005,0.6,2.2606545454545457,0,🌱 Potential Customers
16916,24,2,562.41,281.20500000000004,215.5,129,2,348,2.577777777777778,United Kingdom,298.805,0.08,1.6114899713467048,0,🌱 Potential Customers
16917,277,1,391.52,391.52,232.0,9,1,0,0.0,United Kingdom,178.06,0.0035971223021582736,391.52,3,⚠️ At Risk Customers
16918,50,6,1068.82,178.13666666666666,120.16666666666667,97,6,267,2.094488188976378,United Kingdom,589.41,0.11764705882352941,3.9881343283582087,0,🌱 Potential Customers
16919,156,11,2592.25,235.6590909090909,127.54545454545455,141,11,212,0.6369230769230769,United Kingdom,1390.525,0.07006369426751592,12.17018779342723,0,🌱 Potential Customers
16921,61,1,154.18,154.18,154.0,50,1,0,0.0,United Kingdom,80.99000000000001,0.016129032258064516,154.18,3,⚠️ At Risk Customers
16923,12,19,7069.08,372.0568421052632,176.0,313,19,350,0.5456,United Kingdom,3723.34,1.4615384615384615,20.139829059829058,2,💎 Premium Customers
16924,21,3,829.89,276.63,155.66666666666666,69,3,62,0.775,United Kingdom,442.84499999999997,0.13636363636363635,13.172857142857143,3,⚠️ At Risk Customers
16926,371,1,230.25,230.25,35.0,14,1,0,0.0,United Kingdom,88.025,0.002688172043010753,230.25,3,⚠️ At Risk Customers
16927,116,3,543.05,181.01666666666665,331.0,5,3,245,49.0,United Kingdom,289.92499999999995,0.02564102564102564,2.207520325203252,0,🌱 Potential Customers
16928,80,17,2814.7,165.5705882352941,123.05882352941177,69,17,292,1.4039408866995073,United Kingdom,1569.35,0.20987654320987653,9.606484641638225,0,🌱 Potential Customers
16929,4,7,1295.39,185.0557142857143,132.71428571428572,51,7,151,1.9473684210526316,United Kingdom,717.2950000000001,1.4,8.522302631578947,0,🌱 Potential Customers
16930,26,3,378.89,126.29666666666667,113.0,47,3,42,0.8076923076923077,United Kingdom,216.845,0.1111111111111111,8.811395348837209,3,⚠️ At Risk Customers
16931,5,21,4554.87,216.89857142857142,149.23809523809524,448,21,364,0.4,United Kingdom,2486.935,3.5,12.479095890410958,2,💎 Premium Customers
16932,53,1,150.23000000000002,150.23000000000002,82.0,44,1,0,0.0,United Kingdom,79.81500000000001,0.018518518518518517,150.23000000000002,3,⚠️ At Risk Customers
16933,1,2,563.23,281.615,144.0,42,2,237,5.511627906976744,United Kingdom,301.515,1.0,2.366512605042017,0,🌱 Potential Customers
16934,55,2,931.03,465.515,198.5,59,2,0,0.0,United Kingdom,480.015,0.03571428571428571,931.03,3,⚠️ At Risk Customers
16936,26,1,261.9,261.9,171.0,56,1,0,0.0,United Kingdom,138.35,0.037037037037037035,261.9,3,⚠️ At Risk Customers
16938,9,4,2711.6800000000003,677.9200000000001,633.25,212,4,300,1.2735042735042734,United Kingdom,1394.94,0.4,9.008903654485051,0,🌱 Potential Customers
16940,52,3,3049.88,1016.6266666666667,723.0,226,3,237,0.7796052631578947,United Kingdom,1549.74,0.05660377358490566,12.814621848739495,0,🌱 Potential Customers
16942,13,9,1904.99,211.66555555555556,89.44444444444444,159,9,215,0.7681159420289855,United Kingdom,1041.195,0.6428571428571429,8.819398148148148,0,🌱 Potential Customers
16943,212,3,816.73,272.24333333333334,48.333333333333336,23,3,106,3.3125,United Kingdom,417.165,0.014084507042253521,7.632990654205607,3,⚠️ At Risk Customers
16945,22,19,4345.5,228.71052631578948,143.42105263157896,137,18,336,1.3306451612903225,United Kingdom,2360.55,0.782608695652174,12.8946587537092,0,🌱 Potential Customers
16947,236,1,406.48,406.48,312.0,21,1,0,0.0,United Kingdom,189.64000000000001,0.004219409282700422,406.48,3,⚠️ At Risk Customers
16948,139,3,435.02,145.00666666666666,538.0,15,3,187,10.333333333333334,United Kingdom,233.60999999999999,0.02142857142857143,2.3139361702127657,0,🌱 Potential Customers
16949,4,6,1286.27,214.37833333333333,131.83333333333334,57,6,312,5.271186440677966,United Kingdom,702.735,1.2,4.109488817891374,0,🌱 Potential Customers
16950,57,3,1178.56,392.8533333333333,214.66666666666666,39,3,310,7.536585365853658,United Kingdom,613.5799999999999,0.05172413793103448,3.7895819935691315,0,🌱 Potential Customers
16951,135,3,1277.75,425.9166666666667,439.3333333333333,73,3,169,1.988235294117647,United Kingdom,655.375,0.022058823529411766,7.516176470588236,0,🌱 Potential Customers
16952,109,2,167.61,83.805,46.0,16,2,0,0.0,United Kingdom,92.905,0.01818181818181818,167.61,3,⚠️ At Risk Customers
16953,30,1,20.8,20.8,10.0,1,1,0,0.0,United Kingdom,17.4,0.03225806451612903,20.8,3,⚠️ At Risk Customers
16954,1,9,2085.08,231.67555555555555,117.11111111111111,40,9,358,6.69811320754717,United Kingdom,1132.44,4.5,5.808022284122562,0,🌱 Potential Customers
16955,185,4,518.67,129.6675,66.5,18,4,188,7.791666666666667,United Kingdom,280.835,0.021505376344086023,2.744285714285714,0,🌱 Potential Customers
16956,18,1,308.74,308.74,114.0,16,1,0,0.0,United Kingdom,162.57,0.05263157894736842,308.74,3,⚠️ At Risk Customers
16957,239,2,416.64,208.32,86.0,15,2,42,2.8,United Kingdom,204.42,0.008333333333333333,9.689302325581394,3,⚠️ At Risk Customers
16959,87,1,117.35000000000001,117.35000000000001,49.0,7,1,0,0.0,United Kingdom,59.97500000000001,0.011363636363636364,117.35000000000001,3,⚠️ At Risk Customers
16960,39,3,507.05,169.01666666666668,101.33333333333333,92,3,213,2.12,United Kingdom,279.625,0.075,2.369392523364486,0,🌱 Potential Customers
16961,116,1,234.17,234.17,125.0,14,1,0,0.0,United Kingdom,115.48499999999999,0.008547008547008548,234.17,3,⚠️ At Risk Customers
16963,187,1,110.55000000000001,110.55000000000001,35.0,7,1,0,0.0,United Kingdom,46.575,0.005319148936170213,110.55000000000001,3,⚠️ At Risk Customers
16965,227,1,201.19,201.19,291.0,26,1,0,0.0,United Kingdom,87.895,0.0043859649122807015,201.19,3,⚠️ At Risk Customers
16966,8,7,2154.97,307.8528571428571,283.0,8,7,231,8.481481481481481,United Kingdom,1146.685,0.7777777777777778,9.288663793103447,0,🌱 Potential Customers
16967,189,1,319.02,319.02,333.0,21,1,0,0.0,United Kingdom,150.60999999999999,0.005263157894736842,319.02,3,⚠️ At Risk Customers
16968,4,2,439.43,219.715,163.0,31,2,103,3.433333333333333,United Kingdom,239.315,0.4,4.225288461538462,0,🌱 Potential Customers
16969,39,3,650.41,216.8033333333333,272.0,42,3,152,3.682926829268293,United Kingdom,351.305,0.075,4.251045751633987,0,🌱 Potential Customers
16971,38,1,357.21,357.21,72.0,40,1,0,0.0,United Kingdom,184.80499999999998,0.02564102564102564,357.21,3,⚠️ At Risk Customers
16976,267,1,251.51999999999998,251.51999999999998,88.0,2,1,0,0.0,United Kingdom,109.05999999999999,0.0037313432835820895,251.51999999999998,3,⚠️ At Risk Customers
16978,78,1,344.33,344.33,166.0,39,1,0,0.0,United Kingdom,174.36499999999998,0.012658227848101266,344.33,3,⚠️ At Risk Customers
16979,4,6,1852.0,308.6666666666667,144.16666666666666,64,6,294,3.3068181818181817,United Kingdom,985.6,1.2,6.277966101694915,0,🌱 Potential Customers
16980,255,2,1028.46,514.23,369.5,71,2,36,0.45,United Kingdom,508.73,0.0078125,27.796216216216216,3,⚠️ At Risk Customers
16982,61,1,384.06,384.06,182.0,22,1,0,0.0,United Kingdom,195.93,0.016129032258064516,384.06,3,⚠️ At Risk Customers
16983,13,7,1905.87,272.26714285714286,190.71428571428572,112,7,356,2.492957746478873,United Kingdom,1021.635,0.5,5.338571428571428,0,🌱 Potential Customers
16984,88,2,4459.52,2229.76,1190.0,354,2,41,0.10275689223057644,United Kingdom,2240.96,0.02247191011235955,106.17904761904762,1,🏆 High Value Customers
16985,17,10,5464.12,546.412,183.2,62,10,341,2.8403361344537816,United Kingdom,2830.36,0.5555555555555556,15.976959064327485,0,🌱 Potential Customers
16986,30,2,1873.2,936.6,520.0,3,2,0,0.0,United Kingdom,953.6,0.06451612903225806,1873.2,1,🏆 High Value Customers
16987,3,7,1616.8,230.97142857142856,57.285714285714285,74,7,202,1.5748031496062993,United Kingdom,878.1,1.75,7.964532019704433,0,🌱 Potential Customers
16988,5,1,126.12,126.12,43.0,7,1,0,0.0,United Kingdom,72.56,0.16666666666666666,126.12,3,⚠️ At Risk Customers
16989,7,6,1133.25,188.875,205.5,7,6,143,12.818181818181818,United Kingdom,625.925,0.75,7.869791666666667,0,🌱 Potential Customers
16990,219,1,179.0,179.0,100.0,1,1,0,0.0,United Kingdom,77.6,0.004545454545454545,179.0,3,⚠️ At Risk Customers
16992,11,5,1614.31,322.86199999999997,172.0,84,5,274,2.9456521739130435,United Kingdom,856.055,0.4166666666666667,5.870218181818181,0,🌱 Potential Customers
16996,30,6,1456.96,242.82666666666668,90.66666666666667,13,6,323,8.916666666666666,United Kingdom,785.48,0.1935483870967742,4.49679012345679,0,🌱 Potential Customers
16997,288,3,702.0,234.0,120.0,7,3,37,3.3636363636363638,United Kingdom,352.2,0.010380622837370242,18.473684210526315,3,⚠️ At Risk Customers
16998,150,4,295.0,73.75,19.0,1,4,154,51.0,United Kingdom,172.5,0.026490066225165563,1.903225806451613,0,🌱 Potential Customers
16999,23,2,484.82,242.41000000000003,147.0,21,2,50,2.272727272727273,United Kingdom,260.10999999999996,0.08333333333333333,9.506274509803921,3,⚠️ At Risk Customers
17001,1,11,3989.57,362.6881818181818,196.72727272727272,75,11,358,2.1011904761904763,United Kingdom,2104.685,5.5,11.113008356545961,2,💎 Premium Customers
17002,86,3,1493.73,497.91,226.33333333333334,41,3,205,4.25,United Kingdom,768.265,0.034482758620689655,7.251116504854369,0,🌱 Potential Customers
17004,46,2,1312.1399999999999,656.07,385.5,38,2,46,1.0952380952380953,United Kingdom,671.4699999999999,0.0425531914893617,27.91787234042553,3,⚠️ At Risk Customers
17006,5,4,781.78,195.445,68.0,37,4,70,1.6046511627906976,United Kingdom,430.39,0.6666666666666666,11.010985915492958,0,🌱 Potential Customers
17007,51,6,889.9300000000001,148.3216666666667,99.5,50,6,306,5.980392156862745,United Kingdom,499.865,0.11538461538461539,2.898794788273616,0,🌱 Potential Customers
17010,18,1,195.36,195.36,118.0,11,1,0,0.0,United Kingdom,105.88000000000001,0.05263157894736842,195.36,3,⚠️ At Risk Customers
17011,30,1,270.9,270.9,186.0,15,1,0,0.0,United Kingdom,142.45,0.03225806451612903,270.9,3,⚠️ At Risk Customers
17014,8,3,583.4300000000001,194.4766666666667,81.0,63,3,58,0.8028169014084507,United Kingdom,320.915,0.3333333333333333,9.888644067796612,3,⚠️ At Risk Customers
17015,29,3,1838.6100000000001,612.87,659.3333333333334,182,3,156,0.7323943661971831,United Kingdom,946.4050000000001,0.1,11.710891719745224,0,🌱 Potential Customers
17017,3,20,8694.26,434.713,333.65,88,20,369,1.4462151394422311,United Kingdom,4546.83,5.0,23.498,2,💎 Premium Customers
17018,41,2,920.1,460.05,88.0,15,2,285,19.0,United Kingdom,475.95,0.047619047619047616,3.217132867132867,0,🌱 Potential Customers
17019,11,4,1258.08,314.52,205.0,166,4,357,1.5638766519823788,United Kingdom,667.9399999999999,0.3333333333333333,3.514189944134078,0,🌱 Potential Customers
17022,31,1,71.0,71.0,108.0,7,1,0,0.0,United Kingdom,42.4,0.03125,71.0,3,⚠️ At Risk Customers
17024,45,3,95.85,31.95,23.0,2,3,112,55.5,United Kingdom,73.425,0.06521739130434782,0.8482300884955751,0,🌱 Potential Customers
17025,61,3,357.77,119.25666666666666,78.33333333333333,8,3,312,39.0,United Kingdom,202.785,0.04838709677419355,1.143035143769968,0,🌱 Potential Customers
17026,185,2,154.82999999999998,77.41499999999999,48.5,4,2,184,61.333333333333336,United Kingdom,78.91499999999999,0.010752688172043012,0.8369189189189188,0,🌱 Potential Customers
17027,79,6,877.5600000000001,146.26,69.33333333333333,110,6,238,1.6054421768707483,United Kingdom,490.88000000000005,0.075,3.6717991631799167,0,🌱 Potential Customers
17029,111,2,716.0,358.0,200.0,1,2,126,126.0,United Kingdom,366.9,0.017857142857142856,5.637795275590551,0,🌱 Potential Customers
17030,64,1,146.87,146.87,146.0,11,1,0,0.0,United Kingdom,77.035,0.015384615384615385,146.87,3,⚠️ At Risk Customers
17031,12,2,380.35,190.175,117.5,19,2,143,6.809523809523809,United Kingdom,208.97500000000002,0.15384615384615385,2.6413194444444446,0,🌱 Potential Customers
17033,86,3,1030.14,343.37999999999994,250.0,24,3,273,10.074074074074074,United Kingdom,536.47,0.034482758620689655,3.7596350364963507,0,🌱 Potential Customers
17034,16,3,745.52,248.50666666666666,136.66666666666666,28,3,271,9.310344827586206,United Kingdom,401.15999999999997,0.17647058823529413,2.7408823529411763,0,🌱 Potential Customers
17035,246,2,433.53000000000003,216.765,114.5,27,2,65,2.4074074074074074,United Kingdom,212.16500000000002,0.008097165991902834,6.568636363636364,3,⚠️ At Risk Customers
17037,88,1,1267.32,1267.32,656.0,75,1,0,0.0,United Kingdom,634.86,0.011235955056179775,1267.32,1,🏆 High Value Customers
17038,30,1,112.4,112.4,28.0,22,1,0,0.0,United Kingdom,63.2,0.03225806451612903,112.4,3,⚠️ At Risk Customers
17040,138,1,449.73,449.73,181.0,15,1,0,0.0,United Kingdom,221.065,0.007194244604316547,449.73,3,⚠️ At Risk Customers
17041,27,3,1071.49,357.16333333333336,309.0,59,3,333,4.897058823529412,United Kingdom,563.045,0.10714285714285714,3.208053892215569,0,🌱 Potential Customers
17042,3,5,1036.58,207.31599999999997,198.0,74,5,244,2.5208333333333335,United Kingdom,567.99,1.25,4.230938775510204,0,🌱 Potential Customers
17043,32,4,1735.18,433.795,249.5,100,4,234,2.297029702970297,United Kingdom,904.39,0.12121212121212122,7.3837446808510645,0,🌱 Potential Customers
17044,25,1,948.48,948.48,504.0,6,1,0,0.0,United Kingdom,481.74,0.038461538461538464,948.48,1,🏆 High Value Customers
17045,113,3,339.44,113.14666666666666,35.333333333333336,20,3,134,6.380952380952381,United Kingdom,188.42,0.02631578947368421,2.5143703703703704,3,⚠️ At Risk Customers
17046,157,1,642.02,642.02,510.0,22,1,0,0.0,United Kingdom,315.31,0.006329113924050633,642.02,1,🏆 High Value Customers
17047,85,3,1100.9,366.9666666666667,177.66666666666666,59,3,119,1.859375,United Kingdom,571.95,0.03488372093023256,9.174166666666668,0,🌱 Potential Customers
17048,118,3,925.35,308.45,161.66666666666666,41,3,213,5.0476190476190474,United Kingdom,480.875,0.025210084033613446,4.324065420560748,0,🌱 Potential Customers
17049,3,9,5655.03,628.3366666666667,297.0,201,9,273,0.8544303797468354,United Kingdom,2917.2149999999997,2.25,20.638795620437957,0,🌱 Potential Customers
17050,96,6,3185.64,530.9399999999999,265.8333333333333,169,6,203,0.6547231270358306,United Kingdom,1643.22,0.061855670103092786,15.615882352941176,0,🌱 Potential Customers
17051,194,1,240.89000000000001,240.89000000000001,179.0,40,1,0,0.0,United Kingdom,111.04499999999999,0.005128205128205128,240.89000000000001,3,⚠️ At Risk Customers
17052,28,1,399.09,399.09,251.0,72,1,0,0.0,United Kingdom,206.74499999999998,0.034482758620689655,399.09,3,⚠️ At Risk Customers
17053,131,1,498.48,498.48,122.0,13,1,0,0.0,United Kingdom,246.14000000000001,0.007575757575757576,498.48,3,⚠️ At Risk Customers
17054,28,5,1356.33,271.26599999999996,160.8,64,5,216,2.6219512195121952,United Kingdom,725.365,0.1724137931034483,6.25036866359447,0,🌱 Potential Customers
17058,82,3,1179.89,393.2966666666667,197.33333333333334,51,3,158,2.5737704918032787,United Kingdom,611.745,0.03614457831325301,7.4206918238993715,0,🌱 Potential Customers
17059,30,5,3080.39,616.078,370.0,292,5,339,0.6588693957115009,United Kingdom,1587.195,0.16129032258064516,9.059970588235293,0,🌱 Potential Customers
17060,266,1,234.24,234.24,216.0,5,1,0,0.0,United Kingdom,100.52000000000001,0.003745318352059925,234.24,3,⚠️ At Risk Customers
17061,74,11,5232.2300000000005,475.65727272727275,138.72727272727272,57,11,158,1.5714285714285714,United Kingdom,2718.715,0.14666666666666667,32.907106918238995,0,🌱 Potential Customers
17062,314,4,533.33,133.3325,104.5,52,4,55,0.7941176470588235,United Kingdom,275.26500000000004,0.012698412698412698,9.523750000000001,3,⚠️ At Risk Customers
17063,21,7,1461.14,208.7342857142857,110.0,66,7,268,3.4675324675324677,United Kingdom,798.47,0.3181818181818182,5.431747211895911,0,🌱 Potential Customers
17064,59,3,855.45,285.15000000000003,105.33333333333333,53,3,268,4.45,United Kingdom,451.82500000000005,0.05,3.180111524163569,0,🌱 Potential Customers
17068,12,21,4552.14,216.76857142857145,103.04761904761905,116,21,355,1.1796610169491526,United Kingdom,2484.8700000000003,1.6153846153846154,12.786910112359552,2,💎 Premium Customers
17069,28,9,2709.7000000000003,301.0777777777778,167.33333333333334,111,9,345,2.4014084507042255,United Kingdom,1442.0500000000002,0.3103448275862069,7.831502890173411,0,🌱 Potential Customers
17070,114,1,304.24,304.24,131.0,62,1,0,0.0,United Kingdom,150.72,0.008695652173913044,304.24,3,⚠️ At Risk Customers
17071,28,9,2429.03,269.89222222222224,133.0,102,9,281,1.9928057553956835,United Kingdom,1301.7150000000001,0.3103448275862069,8.613581560283688,0,🌱 Potential Customers
17073,18,4,1446.09,361.5225,189.75,142,4,91,0.5260115606936416,United Kingdom,761.245,0.21052631578947367,15.71836956521739,0,🌱 Potential Customers
17075,18,4,834.12,208.53,73.0,62,4,299,3.9210526315789473,United Kingdom,455.26,0.21052631578947367,2.7804,0,🌱 Potential Customers
17076,36,3,841.0799999999999,280.35999999999996,98.33333333333333,17,3,328,13.625,United Kingdom,446.93999999999994,0.08108108108108109,2.5564741641337383,0,🌱 Potential Customers
17078,36,2,378.2,189.1,394.0,28,2,0,0.0,United Kingdom,205.5,0.05405405405405406,378.2,3,⚠️ At Risk Customers
17079,78,1,118.80000000000001,118.80000000000001,24.0,2,1,0,0.0,United Kingdom,61.60000000000001,0.012658227848101266,118.80000000000001,3,⚠️ At Risk Customers
17080,22,2,287.62,143.81,83.0,8,2,247,35.285714285714285,United Kingdom,161.61,0.08695652173913043,1.159758064516129,0,🌱 Potential Customers
17081,25,2,288.91,144.45499999999998,38.5,55,2,20,0.3225806451612903,United Kingdom,161.955,0.07692307692307693,13.757619047619048,3,⚠️ At Risk Customers
17082,33,2,2003.85,1001.9250000000001,524.5,75,2,285,3.5625,United Kingdom,1018.625,0.058823529411764705,7.006468531468531,0,🌱 Potential Customers
17083,109,3,1405.78,468.5933333333333,257.3333333333333,24,3,194,3.803921568627451,United Kingdom,721.99,0.02727272727272727,7.209128205128205,0,🌱 Potential Customers
17084,35,2,2747.9900000000002,1373.995,851.0,146,2,0,0.0,United Kingdom,1390.4950000000001,0.05555555555555555,2747.9900000000002,1,🏆 High Value Customers
17085,123,5,1562.4,312.48,157.0,115,5,239,1.281081081081081,United Kingdom,818.9000000000001,0.04032258064516129,6.510000000000001,0,🌱 Potential Customers
17086,7,6,2050.08,341.68,309.8333333333333,76,6,56,0.5789473684210527,United Kingdom,1084.34,0.75,35.96631578947368,0,🌱 Potential Customers
17088,28,4,1991.01,497.7525,217.0,96,4,225,1.9649122807017543,United Kingdom,1032.7050000000002,0.13793103448275862,8.809778761061947,0,🌱 Potential Customers
17090,4,7,1974.65,282.09285714285716,129.0,45,7,349,5.783333333333333,United Kingdom,1056.925,1.4,5.641857142857143,0,🌱 Potential Customers
17091,3,9,3827.76,425.3066666666667,194.0,119,8,365,1.8711340206185567,United Kingdom,2003.5800000000002,2.0,10.458360655737705,0,🌱 Potential Customers
17092,50,4,1774.03,443.5075,282.5,99,4,227,1.8373983739837398,United Kingdom,922.015,0.0784313725490196,7.780833333333333,0,🌱 Potential Customers
17094,322,1,302.0,302.0,152.0,14,1,0,0.0,United Kingdom,128.8,0.0030959752321981426,302.0,3,⚠️ At Risk Customers
17095,23,3,1324.16,441.3866666666666,206.0,69,3,312,4.260273972602739,United Kingdom,689.7800000000001,0.125,4.230543130990416,0,🌱 Potential Customers
17096,15,4,1022.13,255.5325,84.75,46,4,246,5.191489361702128,United Kingdom,549.565,0.25,4.138178137651821,0,🌱 Potential Customers
17097,2,8,954.42,119.3025,57.375,153,8,363,1.7190476190476192,Spain,557.01,2.6666666666666665,2.622032967032967,0,🌱 Potential Customers
17100,18,2,971.74,485.87,400.0,65,1,0,0.0,United Kingdom,504.07,0.05263157894736842,971.74,1,🏆 High Value Customers
17101,10,4,1621.73,405.4325,203.75,28,4,167,4.048780487804878,United Kingdom,849.865,0.36363636363636365,9.653154761904762,0,🌱 Potential Customers
17102,262,1,25.5,25.5,2.0,1,1,0,0.0,United Kingdom,-3.450000000000003,0.0038022813688212928,25.5,3,⚠️ At Risk Customers
17105,159,2,665.78,332.89,346.5,80,2,147,1.651685393258427,United Kingdom,336.99,0.0125,4.4985135135135135,3,⚠️ At Risk Customers
17107,33,6,10797.48,1799.58,804.3333333333334,269,6,244,0.5831325301204819,United Kingdom,5455.44,0.17647058823529413,44.071346938775505,1,🏆 High Value Customers
17109,29,6,881.29,146.88166666666666,98.0,107,6,203,1.7478260869565216,United Kingdom,497.745,0.2,4.320049019607843,0,🌱 Potential Customers
17110,165,1,163.29999999999998,163.29999999999998,50.0,12,1,0,0.0,United Kingdom,75.14999999999999,0.006024096385542169,163.29999999999998,3,⚠️ At Risk Customers
17111,47,1,231.61,231.61,282.0,29,1,0,0.0,United Kingdom,121.105,0.020833333333333332,231.61,3,⚠️ At Risk Customers
17114,6,8,801.12,100.14,26.875,85,8,329,2.6721311475409837,United Kingdom,479.96,1.1428571428571428,2.427636363636364,0,🌱 Potential Customers
17115,8,3,837.5,279.1666666666667,124.0,33,3,224,5.894736842105263,United Kingdom,447.95,0.3333333333333333,3.7222222222222223,0,🌱 Potential Customers
17117,288,1,116.19999999999999,116.19999999999999,68.0,9,1,0,0.0,United Kingdom,39.3,0.0034602076124567475,116.19999999999999,3,⚠️ At Risk Customers
17118,318,1,157.02,157.02,154.0,10,1,0,0.0,United Kingdom,56.71000000000001,0.003134796238244514,157.02,3,⚠️ At Risk Customers
17119,3,2,606.91,303.455,167.0,35,2,56,1.6470588235294117,United Kingdom,323.155,0.5,10.647543859649122,3,⚠️ At Risk Customers
17120,233,1,307.46,307.46,120.0,18,1,0,0.0,United Kingdom,140.42999999999998,0.004273504273504274,307.46,3,⚠️ At Risk Customers
17122,119,1,138.32,138.32,80.0,7,1,0,0.0,United Kingdom,67.25999999999999,0.008333333333333333,138.32,3,⚠️ At Risk Customers
17123,162,1,345.29999999999995,345.29999999999995,246.0,9,1,0,0.0,United Kingdom,166.45,0.006134969325153374,345.29999999999995,3,⚠️ At Risk Customers
17124,185,1,294.24,294.24,129.0,31,1,0,0.0,United Kingdom,138.62,0.005376344086021506,294.24,3,⚠️ At Risk Customers
17125,50,1,230.5,230.5,281.0,34,1,0,0.0,United Kingdom,120.25,0.0196078431372549,230.5,3,⚠️ At Risk Customers
17126,152,5,989.45,197.89000000000001,156.0,187,5,210,0.8502024291497976,United Kingdom,529.525,0.032679738562091505,4.6893364928909955,0,🌱 Potential Customers
17128,335,1,157.09,157.09,76.0,14,1,0,0.0,United Kingdom,55.045,0.002976190476190476,157.09,3,⚠️ At Risk Customers
17131,5,5,2463.17,492.634,196.6,78,5,70,0.518796992481203,United Kingdom,1281.085,0.8333333333333334,34.692535211267604,0,🌱 Potential Customers
17133,16,7,4892.240000000001,698.8914285714285,390.0,13,7,250,9.538461538461538,United Kingdom,2514.5200000000004,0.4117647058823529,19.490996015936258,0,🌱 Potential Customers
17134,107,2,413.2,206.6,49.0,21,2,157,7.136363636363637,United Kingdom,215.9,0.018518518518518517,2.6151898734177212,3,⚠️ At Risk Customers
17135,16,7,1139.73,162.81857142857143,174.85714285714286,34,7,355,6.9411764705882355,United Kingdom,638.265,0.4117647058823529,3.201488764044944,0,🌱 Potential Customers
17138,276,1,380.5,380.5,126.0,24,1,0,0.0,United Kingdom,172.65,0.0036101083032490976,380.5,3,⚠️ At Risk Customers
17139,16,12,10650.77,887.5641666666667,431.3333333333333,309,12,273,0.5672268907563025,United Kingdom,5443.785,0.7058823529411765,38.871423357664234,2,💎 Premium Customers
17140,247,1,454.12,454.12,296.0,16,1,0,0.0,United Kingdom,212.36,0.004032258064516129,454.12,3,⚠️ At Risk Customers
17142,239,1,579.0,579.0,81.0,15,1,0,0.0,United Kingdom,275.6,0.004166666666666667,579.0,3,⚠️ At Risk Customers
17144,1,2,984.57,492.28499999999997,241.5,42,2,83,1.7659574468085106,United Kingdom,512.1850000000001,1.0,11.72107142857143,0,🌱 Potential Customers
17146,106,3,749.78,249.92666666666665,70.66666666666667,33,3,253,7.411764705882353,United Kingdom,394.28999999999996,0.028037383177570093,2.9518897637795276,0,🌱 Potential Customers
17147,23,4,1714.59,428.64750000000004,220.5,68,4,289,3.6,United Kingdom,894.995,0.16666666666666666,5.912379310344828,0,🌱 Potential Customers
17148,52,1,124.88,124.88,82.0,9,1,0,0.0,United Kingdom,67.24,0.018867924528301886,124.88,3,⚠️ At Risk Customers
17152,195,3,1689.5,563.1666666666666,172.33333333333334,9,3,68,5.230769230769231,United Kingdom,855.25,0.015306122448979591,24.485507246376812,3,⚠️ At Risk Customers
17153,24,1,213.78,213.78,104.0,14,1,0,0.0,United Kingdom,114.49,0.04,213.78,3,⚠️ At Risk Customers
17154,75,1,329.34,329.34,490.0,23,1,0,0.0,United Kingdom,167.17,0.013157894736842105,329.34,3,⚠️ At Risk Customers
17155,18,2,251.70000000000002,125.85,121.0,19,2,160,8.421052631578947,United Kingdom,144.05,0.10526315789473684,1.5633540372670809,0,🌱 Potential Customers
17157,8,2,319.0,159.5,86.0,11,2,168,14.0,United Kingdom,178.7,0.2222222222222222,1.8875739644970415,0,🌱 Potential Customers
17158,32,3,1266.97,422.3233333333333,259.3333333333333,53,3,328,4.954545454545454,United Kingdom,660.285,0.09090909090909091,3.8509726443769,0,🌱 Potential Customers
17159,22,3,1538.88,512.96,370.3333333333333,96,3,150,1.49,United Kingdom,797.24,0.13043478260869565,10.191258278145696,0,🌱 Potential Customers
17160,31,6,3518.03,586.3383333333334,476.0,111,6,210,0.9122807017543859,United Kingdom,1815.9150000000002,0.1875,16.67312796208531,0,🌱 Potential Customers
17162,29,10,1715.46,171.546,100.1,81,9,276,2.6601941747572817,United Kingdom,954.83,0.3,6.192996389891697,0,🌱 Potential Customers
17163,22,2,293.1,146.55,33.0,3,2,56,14.0,United Kingdom,164.35000000000002,0.08695652173913043,5.142105263157895,0,🌱 Potential Customers
17164,33,7,2467.35,352.4785714285714,214.42857142857142,92,7,240,1.6643356643356644,United Kingdom,1300.375,0.20588235294117646,10.237966804979253,0,🌱 Potential Customers
17165,284,1,158.68,158.68,100.0,10,1,0,0.0,United Kingdom,60.94,0.0035087719298245615,158.68,3,⚠️ At Risk Customers
17166,39,2,206.34,103.17,39.0,11,2,165,15.0,United Kingdom,119.27,0.05,1.2430120481927711,0,🌱 Potential Customers
17169,58,2,835.78,417.89,263.0,51,2,125,2.358490566037736,United Kingdom,432.09,0.03389830508474576,6.633174603174603,0,🌱 Potential Customers
17171,289,1,224.91,224.91,185.0,16,1,0,0.0,United Kingdom,93.55499999999999,0.0034482758620689655,224.91,3,⚠️ At Risk Customers
17172,79,1,317.76,317.76,480.0,15,1,0,0.0,United Kingdom,160.98,0.0125,317.76,3,⚠️ At Risk Customers
17173,5,8,3766.6,470.82500000000005,140.25,36,8,125,1.4588235294117646,United Kingdom,1962.8,1.3333333333333333,29.893650793650792,0,🌱 Potential Customers
17174,218,1,59.9,59.9,41.0,4,1,0,0.0,United Kingdom,18.150000000000002,0.0045662100456621,59.9,3,⚠️ At Risk Customers
17175,44,4,1443.69,360.9225,216.5,42,4,252,4.032258064516129,United Kingdom,757.445,0.08888888888888889,5.706284584980238,0,🌱 Potential Customers
17176,202,1,306.13,306.13,170.0,15,1,0,0.0,United Kingdom,142.865,0.0049261083743842365,306.13,3,⚠️ At Risk Customers
17179,178,3,711.79,237.26333333333332,96.66666666666667,56,3,183,2.3164556962025316,United Kingdom,368.09499999999997,0.01675977653631285,3.868423913043478,3,⚠️ At Risk Customers
17180,56,4,783.97,195.9925,167.5,91,4,259,2.0806451612903225,United Kingdom,426.385,0.07017543859649122,3.015269230769231,0,🌱 Potential Customers
17181,57,2,239.92000000000002,119.96000000000001,120.5,23,2,316,14.363636363636363,United Kingdom,134.26000000000002,0.034482758620689655,0.7568454258675079,0,🌱 Potential Customers
17183,8,6,3347.31,557.8850000000001,216.0,42,6,97,1.3194444444444444,United Kingdom,1732.855,0.6666666666666666,34.15622448979592,0,🌱 Potential Customers
17186,47,2,144.0,72.0,100.0,1,2,13,13.0,United Kingdom,87.3,0.041666666666666664,10.285714285714286,3,⚠️ At Risk Customers
17187,227,1,203.95,203.95,144.0,10,1,0,0.0,United Kingdom,89.27499999999999,0.0043859649122807015,203.95,3,⚠️ At Risk Customers
17188,11,7,2474.23,353.4614285714286,189.71428571428572,71,7,351,4.204819277108434,United Kingdom,1306.015,0.5833333333333334,7.0290625,0,🌱 Potential Customers
17189,106,2,383.75,191.875,113.0,52,2,253,4.288135593220339,United Kingdom,201.275,0.018691588785046728,1.5108267716535433,0,🌱 Potential Customers
17190,59,2,444.74,222.37,80.5,19,2,148,8.222222222222221,United Kingdom,236.47,0.03333333333333333,2.9848322147651007,0,🌱 Potential Customers
17191,28,7,2093.68,299.09714285714284,166.57142857142858,163,7,340,1.4382978723404256,United Kingdom,1114.04,0.2413793103448276,6.139824046920821,0,🌱 Potential Customers
17193,36,7,1699.3000000000002,242.75714285714284,179.14285714285714,17,7,141,4.516129032258065,United Kingdom,916.0500000000001,0.1891891891891892,11.966901408450706,0,🌱 Potential Customers
17194,274,2,262.62,131.31,59.5,26,2,86,3.0714285714285716,United Kingdom,123.91,0.007272727272727273,3.0186206896551724,3,⚠️ At Risk Customers
17197,30,1,1013.01,1013.01,191.0,29,1,0,0.0,United Kingdom,513.505,0.03225806451612903,1013.01,1,🏆 High Value Customers
17198,24,3,692.22,230.74,119.0,89,3,347,3.642105263157895,United Kingdom,373.71000000000004,0.12,1.9891379310344828,0,🌱 Potential Customers
17201,54,1,289.78,289.78,231.0,38,1,0,0.0,United Kingdom,149.48999999999998,0.01818181818181818,289.78,3,⚠️ At Risk Customers
17203,36,6,3560.08,593.3466666666667,474.3333333333333,116,6,24,0.1564625850340136,United Kingdom,1836.44,0.16216216216216217,142.4032,0,🌱 Potential Customers
17204,175,4,1564.56,391.14000000000004,161.5,44,4,88,1.5535714285714286,United Kingdom,804.78,0.022727272727272728,17.57932584269663,3,⚠️ At Risk Customers
17205,54,1,384.08,384.08,884.0,13,1,0,0.0,United Kingdom,196.64,0.01818181818181818,384.08,1,🏆 High Value Customers
17206,53,1,204.24,204.24,76.0,7,1,0,0.0,United Kingdom,106.82000000000001,0.018518518518518517,204.24,3,⚠️ At Risk Customers
17211,27,8,2317.2200000000003,289.65250000000003,165.375,150,8,342,1.619047619047619,United Kingdom,1235.91,0.2857142857142857,6.755743440233237,0,🌱 Potential Customers
17212,253,1,226.85,226.85,147.0,4,1,0,0.0,United Kingdom,98.125,0.003937007874015748,226.85,3,⚠️ At Risk Customers
17213,40,7,2781.23,397.31857142857143,168.0,85,7,326,2.076923076923077,United Kingdom,1456.615,0.17073170731707318,8.505290519877676,0,🌱 Potential Customers
17214,60,6,1059.1200000000001,176.52,45.333333333333336,79,6,298,2.96,United Kingdom,583.5600000000001,0.09836065573770492,3.542207357859532,0,🌱 Potential Customers
17217,234,1,113.5,113.5,24.0,9,1,0,0.0,United Kingdom,43.349999999999994,0.00425531914893617,113.5,3,⚠️ At Risk Customers
17218,4,10,1951.97,195.197,95.5,146,10,363,1.3296296296296297,United Kingdom,1075.585,2.0,5.362554945054945,0,🌱 Potential Customers
17219,32,1,114.23,114.23,89.0,24,1,0,0.0,United Kingdom,63.915000000000006,0.030303030303030304,114.23,3,⚠️ At Risk Customers
17220,24,14,3187.55,227.68214285714288,135.5,303,14,339,0.7188841201716738,United Kingdom,1731.375,0.56,9.37514705882353,0,🌱 Potential Customers
17221,7,2,334.48,167.24,143.5,59,2,28,0.45901639344262296,United Kingdom,186.54000000000002,0.25,11.533793103448277,3,⚠️ At Risk Customers
17222,65,1,328.65,328.65,122.0,27,1,0,0.0,United Kingdom,167.825,0.015151515151515152,328.65,3,⚠️ At Risk Customers
17223,310,2,416.89,208.44500000000002,55.0,43,2,58,1.2340425531914894,United Kingdom,197.445,0.006430868167202572,7.06593220338983,3,⚠️ At Risk Customers
17226,309,1,393.49,393.49,406.0,21,1,0,0.0,United Kingdom,175.845,0.0032258064516129032,393.49,3,⚠️ At Risk Customers
17227,19,6,939.32,156.5533333333333,123.5,28,6,349,7.565217391304348,United Kingdom,527.7600000000001,0.3,2.6837714285714287,0,🌱 Potential Customers
17228,16,8,1906.09,238.26125000000002,191.5,140,8,356,1.7053140096618358,United Kingdom,1031.4450000000002,0.47058823529411764,5.339187675070027,0,🌱 Potential Customers
17229,96,2,318.76,159.38,92.5,39,2,46,1.0,United Kingdom,169.78,0.020618556701030927,6.782127659574468,3,⚠️ At Risk Customers
17230,264,8,3638.41,454.80125,206.375,51,8,95,1.3823529411764706,United Kingdom,1872.8049999999998,0.03018867924528302,37.900104166666665,0,🌱 Potential Customers
17231,12,10,3124.72,312.472,172.4,292,10,349,0.6490566037735849,United Kingdom,1661.1599999999999,0.7692307692307693,8.927771428571427,0,🌱 Potential Customers
17232,3,2,417.77,208.885,101.0,30,2,11,0.3235294117647059,United Kingdom,228.58499999999998,0.5,34.814166666666665,3,⚠️ At Risk Customers
17233,35,1,190.88,190.88,131.0,25,1,0,0.0,United Kingdom,101.94,0.027777777777777776,190.88,3,⚠️ At Risk Customers
17234,183,1,149.89000000000001,149.89000000000001,55.0,14,1,0,0.0,United Kingdom,66.64500000000001,0.005434782608695652,149.89000000000001,3,⚠️ At Risk Customers
17235,25,2,550.06,275.03,112.0,24,2,347,12.392857142857142,United Kingdom,292.53,0.07692307692307693,1.5806321839080457,0,🌱 Potential Customers
17236,13,6,916.13,152.68833333333333,79.0,88,6,350,3.3365384615384617,United Kingdom,516.7650000000001,0.42857142857142855,2.61005698005698,0,🌱 Potential Customers
17237,11,2,314.69,157.345,52.5,18,2,11,0.6111111111111112,United Kingdom,176.245,0.16666666666666666,26.224166666666665,3,⚠️ At Risk Customers
17238,3,17,3719.1,218.77058823529413,106.29411764705883,297,17,368,0.6516245487364621,United Kingdom,2029.25,4.25,10.078861788617886,2,💎 Premium Customers
17239,313,1,382.5,382.5,150.0,15,1,0,0.0,United Kingdom,169.95,0.0031847133757961785,382.5,3,⚠️ At Risk Customers
17242,108,2,1135.04,567.52,305.5,30,2,72,1.8461538461538463,United Kingdom,576.72,0.01834862385321101,15.548493150684932,3,⚠️ At Risk Customers
17243,1,26,8540.05,328.4634615384615,127.6923076923077,180,26,368,0.9300518134715026,United Kingdom,4529.924999999999,13.0,23.143766937669376,2,💎 Premium Customers
17244,53,1,954.9,954.9,616.0,31,1,0,0.0,United Kingdom,482.15,0.018518518518518517,954.9,1,🏆 High Value Customers
17245,205,1,171.45,171.45,75.0,9,1,0,0.0,United Kingdom,75.225,0.0048543689320388345,171.45,3,⚠️ At Risk Customers
17247,15,1,280.09000000000003,280.09000000000003,105.0,53,1,0,0.0,United Kingdom,148.54500000000002,0.0625,280.09000000000003,3,⚠️ At Risk Customers
17248,120,1,318.65,318.65,213.0,68,1,0,0.0,United Kingdom,157.325,0.008264462809917356,318.65,3,⚠️ At Risk Customers
17250,4,2,381.97,190.985,83.5,55,2,257,4.672727272727273,United Kingdom,210.585,0.4,1.4805038759689924,0,🌱 Potential Customers
17251,363,1,269.83,269.83,108.0,37,1,0,0.0,United Kingdom,108.61499999999998,0.0027472527472527475,269.83,3,⚠️ At Risk Customers
17252,117,2,348.91,174.45499999999998,96.0,86,2,69,0.8117647058823529,United Kingdom,182.75500000000002,0.01694915254237288,4.984428571428571,3,⚠️ At Risk Customers
17253,18,1,178.26,178.26,43.0,18,1,0,0.0,United Kingdom,97.33,0.05263157894736842,178.26,3,⚠️ At Risk Customers
17254,5,2,271.19,135.595,125.5,100,2,10,0.09090909090909091,United Kingdom,155.095,0.3333333333333333,24.653636363636362,3,⚠️ At Risk Customers
17255,41,2,291.48,145.74,113.5,69,2,258,3.5342465753424657,United Kingdom,161.64000000000001,0.047619047619047616,1.1254054054054055,0,🌱 Potential Customers
17256,107,2,240.0,120.0,70.5,12,2,204,13.6,United Kingdom,129.3,0.018518518518518517,1.170731707317073,0,🌱 Potential Customers
17259,148,2,581.23,290.615,194.0,104,2,220,1.9130434782608696,United Kingdom,295.815,0.013422818791946308,2.63,0,🌱 Potential Customers
17262,52,5,1253.3600000000001,250.67200000000003,73.4,9,5,313,28.454545454545453,United Kingdom,671.48,0.09433962264150944,3.9915923566878986,0,🌱 Potential Customers
17263,208,1,63.440000000000005,63.440000000000005,36.0,23,1,0,0.0,United Kingdom,20.919999999999998,0.004784688995215311,63.440000000000005,3,⚠️ At Risk Customers
17265,139,2,550.01,275.005,194.5,106,2,41,0.33884297520661155,United Kingdom,281.105,0.014285714285714285,13.095476190476191,3,⚠️ At Risk Customers
17266,2,3,296.58,98.86,51.0,60,3,145,2.0,United Kingdom,178.09,1.0,2.0313698630136985,0,🌱 Potential Customers
17267,127,2,317.2,158.60000000000002,79.0,37,2,0,0.0,United Kingdom,165.9,0.015625,317.2,3,⚠️ At Risk Customers
17268,108,4,763.64,190.91,211.0,3,4,137,27.2,United Kingdom,411.02,0.03669724770642202,5.533623188405797,0,🌱 Potential Customers
17272,42,4,2148.63,537.1575,444.5,70,4,220,1.9469026548672566,United Kingdom,1110.115,0.09302325581395349,9.722307692307693,0,🌱 Potential Customers
17274,35,1,107.82,107.82,77.0,24,1,0,0.0,United Kingdom,60.41,0.027777777777777776,107.82,3,⚠️ At Risk Customers
17277,228,2,1065.3500000000001,532.675,215.0,67,2,95,1.3970588235294117,United Kingdom,529.8750000000001,0.008733624454148471,11.097395833333335,3,⚠️ At Risk Customers
17278,241,1,246.04,246.04,179.0,15,1,0,0.0,United Kingdom,108.91999999999999,0.004132231404958678,246.04,3,⚠️ At Risk Customers
17279,58,1,187.82999999999998,187.82999999999998,48.0,8,1,0,0.0,United Kingdom,98.115,0.01694915254237288,187.82999999999998,3,⚠️ At Risk Customers
17282,130,3,1685.46,561.82,622.0,79,3,169,1.9090909090909092,United Kingdom,859.73,0.022900763358778626,9.914470588235295,0,🌱 Potential Customers
17284,60,6,1647.48,274.58,227.0,229,6,276,0.9448275862068966,United Kingdom,877.74,0.09836065573770492,5.947581227436824,0,🌱 Potential Customers
17286,22,1,151.37,151.37,117.0,44,1,0,0.0,United Kingdom,83.485,0.043478260869565216,151.37,3,⚠️ At Risk Customers
17287,26,7,1049.06,149.8657142857143,79.42857142857143,88,7,346,2.84297520661157,United Kingdom,591.93,0.25925925925925924,3.0232276657060515,0,🌱 Potential Customers
17288,9,7,1417.63,202.51857142857145,171.57142857142858,118,7,349,2.4892086330935252,United Kingdom,777.9150000000001,0.7,4.050371428571429,0,🌱 Potential Customers
17289,32,3,931.02,310.34,171.0,86,3,148,1.4271844660194175,United Kingdom,492.31,0.09090909090909091,6.248456375838926,0,🌱 Potential Customers
17290,4,2,513.01,256.505,198.5,92,2,12,0.12631578947368421,United Kingdom,276.105,0.4,39.46230769230769,3,⚠️ At Risk Customers
17291,308,1,550.8000000000001,550.8000000000001,72.0,1,1,0,0.0,United Kingdom,254.60000000000002,0.003236245954692557,550.8000000000001,3,⚠️ At Risk Customers
17293,8,9,1854.06,206.00666666666666,126.11111111111111,93,9,352,2.6717557251908395,United Kingdom,1016.23,1.0,5.252294617563739,0,🌱 Potential Customers
17295,29,3,547.0,182.33333333333334,97.66666666666667,53,3,35,0.5223880597014925,United Kingdom,300.6,0.1,15.194444444444445,3,⚠️ At Risk Customers
17297,17,1,128.18,128.18,65.0,49,1,0,0.0,United Kingdom,72.39,0.05555555555555555,128.18,3,⚠️ At Risk Customers
17298,101,2,498.42,249.21,193.5,30,2,23,0.7931034482758621,United Kingdom,259.11,0.0196078431372549,20.767500000000002,3,⚠️ At Risk Customers
17299,12,4,656.61,164.1525,167.0,50,4,161,2.9444444444444446,United Kingdom,367.105,0.3076923076923077,4.053148148148148,0,🌱 Potential Customers
17301,21,1,163.24,163.24,137.0,59,1,0,0.0,United Kingdom,89.52000000000001,0.045454545454545456,163.24,3,⚠️ At Risk Customers
17302,15,5,1135.63,227.12600000000003,115.0,68,5,290,3.7051282051282053,United Kingdom,616.315,0.3125,3.9025085910652924,0,🌱 Potential Customers
17303,361,1,250.04,250.04,144.0,53,1,0,0.0,United Kingdom,98.91999999999999,0.0027624309392265192,250.04,3,⚠️ At Risk Customers
17306,11,19,8631.31,454.2794736842105,604.7894736842105,13,18,342,5.153846153846154,United Kingdom,4504.554999999999,1.5,25.16416909620991,2,💎 Premium Customers
17309,95,1,82.75,82.75,41.0,11,1,0,0.0,United Kingdom,41.875,0.010416666666666666,82.75,3,⚠️ At Risk Customers
17311,78,2,1384.85,692.425,502.5,55,2,238,4.407407407407407,United Kingdom,704.625,0.02531645569620253,5.794351464435146,0,🌱 Potential Customers
17312,139,3,644.3,214.76666666666665,124.0,11,3,20,1.5384615384615385,United Kingdom,338.25,0.02142857142857143,30.68095238095238,3,⚠️ At Risk Customers
17313,31,1,2328.84,2328.84,1402.0,24,1,0,0.0,United Kingdom,1171.3200000000002,0.03125,2328.84,1,🏆 High Value Customers
17314,25,8,2527.92,315.99,237.0,120,8,287,2.1846153846153844,United Kingdom,1341.46,0.3076923076923077,8.7775,0,🌱 Potential Customers
17315,2,38,6281.23,165.29552631578946,101.65789473684211,256,38,355,0.7191489361702128,United Kingdom,3520.415,12.666666666666666,17.64390449438202,2,💎 Premium Customers
17317,46,3,2600.34,866.7800000000001,382.0,8,3,43,5.25,United Kingdom,1325.5700000000002,0.06382978723404255,59.098636363636366,0,🌱 Potential Customers
17320,100,3,1200.6200000000001,400.20666666666665,211.33333333333334,57,3,267,3.6944444444444446,United Kingdom,620.3100000000001,0.0297029702970297,4.4799253731343285,0,🌱 Potential Customers
17321,8,2,657.16,328.58,182.0,94,2,59,0.6020408163265306,United Kingdom,347.78,0.2222222222222222,10.952666666666666,3,⚠️ At Risk Customers
17323,15,7,906.52,129.50285714285715,108.57142857142857,125,7,277,1.4175257731958764,United Kingdom,521.76,0.4375,3.260863309352518,0,🌱 Potential Customers
17324,18,4,986.48,246.61999999999998,210.75,43,4,348,7.229166666666667,United Kingdom,531.44,0.21052631578947367,2.8265902578796562,0,🌱 Potential Customers
17325,280,1,96.8,96.8,60.0,6,1,0,0.0,United Kingdom,30.4,0.0035587188612099642,96.8,3,⚠️ At Risk Customers
17329,14,2,523.11,261.555,71.0,29,2,300,9.375,United Kingdom,280.15500000000003,0.13333333333333333,1.7379069767441861,0,🌱 Potential Customers
17330,23,2,363.9,181.95,60.0,5,2,44,8.8,United Kingdom,199.64999999999998,0.08333333333333333,8.086666666666666,3,⚠️ At Risk Customers
17331,124,1,175.2,175.2,16.0,1,1,0,0.0,United Kingdom,85.19999999999999,0.008,175.2,3,⚠️ At Risk Customers
17333,86,1,494.25,494.25,375.0,28,1,0,0.0,United Kingdom,248.525,0.011494252873563218,494.25,3,⚠️ At Risk Customers
17334,302,2,307.02,153.51,157.5,11,2,6,0.6,United Kingdom,143.31,0.006600660066006601,43.86,3,⚠️ At Risk Customers
17337,151,4,1981.06,495.265,311.75,421,4,158,0.3019230769230769,United Kingdom,1015.43,0.02631578947368421,12.459496855345911,0,🌱 Potential Customers
17338,17,8,6493.54,811.6925,382.375,389,8,344,0.475,United Kingdom,3325.07,0.4444444444444444,18.82185507246377,0,🌱 Potential Customers
17339,94,2,243.36,121.68,76.0,9,2,270,33.75,United Kingdom,132.28,0.021052631578947368,0.8980073800738008,0,🌱 Potential Customers
17340,30,11,12353.29,1123.0263636363636,542.4545454545455,229,9,336,0.8226600985221675,United Kingdom,6283.645,0.2903225806451613,36.656646884273,2,💎 Premium Customers
17341,157,3,682.29,227.42999999999998,147.66666666666666,147,3,209,1.3397435897435896,United Kingdom,355.445,0.0189873417721519,3.2489999999999997,0,🌱 Potential Customers
17343,355,1,193.64,193.64,56.0,17,1,0,0.0,United Kingdom,71.32,0.0028089887640449437,193.64,3,⚠️ At Risk Customers
17344,46,1,157.62,157.62,65.0,31,1,0,0.0,United Kingdom,84.21000000000001,0.02127659574468085,157.62,3,⚠️ At Risk Customers
17345,15,4,519.6899999999999,129.9225,85.25,70,5,181,2.207317073170732,United Kingdom,298.34499999999997,0.3125,2.85543956043956,0,🌱 Potential Customers
17346,4,15,2622.88,174.85866666666666,107.8,299,15,369,0.7572614107883817,United Kingdom,1461.04,3.0,7.088864864864865,2,💎 Premium Customers
17347,86,1,228.96,228.96,216.0,1,1,0,0.0,United Kingdom,115.88000000000001,0.011494252873563218,228.96,3,⚠️ At Risk Customers
17348,15,5,1156.6,231.32,279.6,180,5,283,1.330188679245283,United Kingdom,626.8,0.3125,4.072535211267605,0,🌱 Potential Customers
17349,179,1,98.25,98.25,102.0,8,1,0,0.0,United Kingdom,41.224999999999994,0.005555555555555556,98.25,3,⚠️ At Risk Customers
17350,8,4,1281.32,320.33,192.5,66,4,42,0.6086956521739131,United Kingdom,679.86,0.4444444444444444,29.79813953488372,0,🌱 Potential Customers
17351,36,3,587.15,195.71666666666667,37.666666666666664,22,3,237,9.076923076923077,United Kingdom,319.97499999999997,0.08108108108108109,2.467016806722689,0,🌱 Potential Customers
17353,129,2,1740.0,870.0,600.0,5,2,25,3.5714285714285716,United Kingdom,877.1,0.015384615384615385,66.92307692307692,3,⚠️ At Risk Customers
17354,51,1,1393.06,1393.06,1006.0,15,1,0,0.0,United Kingdom,701.43,0.019230769230769232,1393.06,1,🏆 High Value Customers
17356,312,1,178.22,178.22,166.0,19,1,0,0.0,United Kingdom,67.91,0.003194888178913738,178.22,3,⚠️ At Risk Customers
17357,24,2,384.39,192.195,76.0,41,2,0,0.0,United Kingdom,209.795,0.08,384.39,3,⚠️ At Risk Customers
17358,303,2,360.81,180.40500000000003,95.0,55,2,52,0.9122807017543859,United Kingdom,170.105,0.006578947368421052,6.807735849056604,3,⚠️ At Risk Customers
17359,11,1,127.86,127.86,161.0,13,1,0,0.0,United Kingdom,72.83000000000001,0.08333333333333333,127.86,3,⚠️ At Risk Customers
17360,17,3,568.24,189.41333333333333,109.33333333333333,113,3,166,1.3387096774193548,United Kingdom,312.42,0.16666666666666666,3.402634730538922,0,🌱 Potential Customers
17361,49,3,488.2,162.73333333333332,52.333333333333336,26,3,242,8.642857142857142,United Kingdom,269.20000000000005,0.06,2.0090534979423866,0,🌱 Potential Customers
17362,239,2,312.23,156.115,95.5,30,2,70,2.0588235294117645,United Kingdom,152.215,0.008333333333333333,4.397605633802817,3,⚠️ At Risk Customers
17364,1,11,4462.68,405.69818181818187,244.72727272727272,288,11,330,0.8049382716049382,United Kingdom,2341.2400000000002,5.5,13.482416918429005,2,💎 Premium Customers
17365,13,8,4767.36,595.92,593.625,278,8,320,0.6831896551724138,United Kingdom,2462.3799999999997,0.5714285714285714,14.851588785046728,0,🌱 Potential Customers
17367,238,1,167.55,167.55,149.0,33,1,0,0.0,United Kingdom,69.97500000000001,0.0041841004184100415,167.55,3,⚠️ At Risk Customers
17368,23,8,1878.87,234.85875,172.125,93,8,314,2.9339622641509435,United Kingdom,1017.135,0.3333333333333333,5.964666666666666,0,🌱 Potential Customers
17370,73,4,446.18,111.545,135.0,31,4,96,3.0,United Kingdom,255.79000000000002,0.05405405405405406,4.5997938144329895,3,⚠️ At Risk Customers
17371,17,3,418.4,139.46666666666667,50.333333333333336,83,3,343,4.035294117647059,United Kingdom,237.5,0.16666666666666666,1.2162790697674417,0,🌱 Potential Customers
17372,41,8,1337.18,167.1475,93.375,215,8,321,1.276,United Kingdom,744.49,0.19047619047619047,4.1527329192546585,0,🌱 Potential Customers
17373,40,4,646.92,161.73000000000002,102.0,47,4,272,4.839285714285714,United Kingdom,359.46,0.0975609756097561,2.3696703296703294,0,🌱 Potential Customers
17374,219,2,495.77,247.885,42.5,24,2,62,2.2962962962962963,United Kingdom,245.98499999999999,0.00909090909090909,7.869365079365079,3,⚠️ At Risk Customers
17375,199,3,400.1,133.36666666666667,122.33333333333333,63,3,162,2.3676470588235294,United Kingdom,210.15,0.015,2.4546012269938653,3,⚠️ At Risk Customers
17376,71,2,203.2,101.6,43.0,23,2,240,10.434782608695652,United Kingdom,114.5,0.027777777777777776,0.8431535269709544,0,🌱 Potential Customers
17377,24,20,4058.32,202.916,101.9,190,20,349,0.8461538461538461,United Kingdom,2226.7599999999998,0.8,11.5952,2,💎 Premium Customers
17379,11,1,389.71999999999997,389.71999999999997,623.0,71,1,0,0.0,United Kingdom,203.76,0.08333333333333333,389.71999999999997,3,⚠️ At Risk Customers
17381,9,29,20275.61,699.1589655172414,884.448275862069,40,29,363,3.259259259259259,United Kingdom,10426.905,2.9,55.70222527472528,2,💎 Premium Customers
17382,65,1,65.4,65.4,25.0,2,1,0,0.0,United Kingdom,36.2,0.015151515151515152,65.4,3,⚠️ At Risk Customers
17383,4,1,193.39000000000001,193.39000000000001,148.0,49,1,0,0.0,United Kingdom,106.295,0.2,193.39000000000001,3,⚠️ At Risk Customers
17384,19,2,336.4,168.2,44.0,12,2,199,14.214285714285714,United Kingdom,186.29999999999998,0.1,1.682,0,🌱 Potential Customers
17385,15,1,256.11,256.11,197.0,42,1,0,0.0,United Kingdom,136.555,0.0625,256.11,3,⚠️ At Risk Customers
17386,8,6,2686.42,447.7366666666667,317.0,23,6,157,5.777777777777778,United Kingdom,1402.41,0.6666666666666666,17.0026582278481,0,🌱 Potential Customers
17387,20,2,746.81,373.405,261.0,71,2,13,0.17333333333333334,United Kingdom,391.405,0.09523809523809523,53.34357142857142,3,⚠️ At Risk Customers
17388,78,4,1259.56,314.89,267.0,13,4,209,14.857142857142858,United Kingdom,661.98,0.05063291139240506,5.997904761904762,0,🌱 Potential Customers
17389,1,34,31833.68,936.2847058823529,223.88235294117646,45,34,330,1.4858490566037736,United Kingdom,16256.74,17.0,96.17425981873112,2,💎 Premium Customers
17391,164,2,508.8,254.4,240.0,2,2,0,0.0,United Kingdom,258.0,0.012121212121212121,508.8,3,⚠️ At Risk Customers
17392,307,2,417.27,208.635,138.5,53,2,51,0.9272727272727272,United Kingdom,197.935,0.006493506493506494,8.024423076923076,3,⚠️ At Risk Customers
17394,219,1,203.86999999999998,203.86999999999998,241.0,4,1,0,0.0,United Kingdom,90.03499999999998,0.004545454545454545,203.86999999999998,3,⚠️ At Risk Customers
17396,39,8,7330.8,916.3499999999999,250.625,24,6,332,12.76923076923077,United Kingdom,3741.5,0.15,22.014414414414414,0,🌱 Potential Customers
17397,22,2,681.41,340.705,125.0,88,2,0,0.0,United Kingdom,358.505,0.08695652173913043,681.41,3,⚠️ At Risk Customers
17398,115,3,653.38,217.79333333333332,103.33333333333333,30,3,140,3.7567567567567566,United Kingdom,345.19,0.02586206896551724,4.6339007092198585,3,⚠️ At Risk Customers
17400,126,5,2097.84,419.56800000000004,217.6,175,5,226,1.0975609756097562,United Kingdom,1086.3200000000002,0.03937007874015748,9.2415859030837,0,🌱 Potential Customers
17402,5,13,2633.85,202.60384615384615,53.92307692307692,33,13,364,6.189655172413793,United Kingdom,1446.425,2.1666666666666665,7.216027397260274,0,🌱 Potential Customers
17403,36,1,263.92,263.92,111.0,32,1,0,0.0,United Kingdom,138.36,0.02702702702702703,263.92,3,⚠️ At Risk Customers
17404,4,15,31906.82,2127.1213333333335,2183.2,111,15,356,1.766497461928934,Sweden,16103.01,3.0,89.37484593837534,2,💎 Premium Customers
17405,1,3,1031.41,343.80333333333334,242.0,77,3,149,1.8271604938271604,United Kingdom,545.605,1.5,6.876066666666667,0,🌱 Potential Customers
17406,333,3,2184.42,728.14,260.0,99,3,33,0.3,United Kingdom,1088.91,0.008982035928143712,64.24764705882353,3,⚠️ At Risk Customers
17408,163,1,32.65,32.65,3.0,2,1,0,0.0,United Kingdom,10.024999999999999,0.006097560975609756,32.65,3,⚠️ At Risk Customers
17409,185,2,771.85,385.925,52.5,13,2,63,5.25,United Kingdom,387.425,0.010752688172043012,12.06015625,3,⚠️ At Risk Customers
17410,16,5,1214.72,242.94400000000002,123.2,57,5,199,3.126984126984127,United Kingdom,655.76,0.29411764705882354,6.0736,0,🌱 Potential Customers
17411,12,3,778.94,259.6466666666667,102.0,39,3,249,6.2,United Kingdom,418.27000000000004,0.23076923076923078,3.1157600000000003,0,🌱 Potential Customers
17412,3,7,1258.06,179.72285714285712,105.42857142857143,48,7,369,5.630769230769231,United Kingdom,698.73,1.75,3.400162162162162,0,🌱 Potential Customers
17414,44,2,778.0,389.0,1050.0,5,2,141,28.2,United Kingdom,404.6,0.044444444444444446,5.47887323943662,0,🌱 Potential Customers
17415,80,1,507.84,507.84,114.0,14,1,0,0.0,United Kingdom,255.91999999999996,0.012345679012345678,507.84,3,⚠️ At Risk Customers
17416,30,7,6893.42,984.7742857142857,614.5714285714286,186,7,251,0.9328358208955224,United Kingdom,3513.71,0.22580645161290322,27.35484126984127,0,🌱 Potential Customers
17418,42,2,463.46000000000004,231.73000000000002,144.5,29,2,281,9.689655172413794,United Kingdom,247.53000000000003,0.046511627906976744,1.6434751773049647,0,🌱 Potential Customers
17419,11,12,4226.57,352.21416666666664,156.33333333333334,155,12,355,1.7121951219512195,United Kingdom,2232.185,1.0,11.872387640449437,0,🌱 Potential Customers
17420,50,3,598.83,199.61,88.33333333333333,28,3,323,11.10344827586207,United Kingdom,324.415,0.058823529411764705,1.8482407407407409,0,🌱 Potential Customers
17422,16,6,1979.37,329.895,375.5,93,6,279,2.3879310344827585,United Kingdom,1048.085,0.35294117647058826,7.069178571428571,0,🌱 Potential Customers
17423,46,2,698.41,349.20500000000004,229.5,26,2,171,6.84,United Kingdom,364.60499999999996,0.0425531914893617,4.060523255813953,0,🌱 Potential Customers
17425,19,2,759.17,379.58500000000004,203.5,42,2,41,0.9761904761904762,United Kingdom,397.685,0.1,18.075476190476188,3,⚠️ At Risk Customers
17426,8,6,5037.26,839.5433333333334,515.6666666666666,179,6,274,1.011111111111111,United Kingdom,2577.83,0.6666666666666666,18.31730909090909,0,🌱 Potential Customers
17427,72,1,100.8,100.8,34.0,2,1,0,0.0,United Kingdom,53.199999999999996,0.0136986301369863,100.8,3,⚠️ At Risk Customers
17428,1,28,17256.85,616.3160714285714,338.35714285714283,252,27,368,1.1009174311926606,United Kingdom,8908.324999999999,13.5,46.76653116531165,2,💎 Premium Customers
17429,128,3,524.9200000000001,174.97333333333336,208.0,36,3,90,2.3421052631578947,United Kingdom,279.66,0.023255813953488372,5.768351648351649,3,⚠️ At Risk Customers
17430,33,2,265.76,132.88,95.0,14,2,332,25.53846153846154,United Kingdom,149.57999999999998,0.058823529411764705,0.7980780780780781,0,🌱 Potential Customers
17431,313,1,403.3,403.3,292.0,41,1,0,0.0,United Kingdom,180.35,0.0031847133757961785,403.3,3,⚠️ At Risk Customers
17432,18,2,365.76,182.88,103.5,44,2,19,0.40425531914893614,United Kingdom,201.07999999999998,0.10526315789473684,18.288,3,⚠️ At Risk Customers
17433,88,1,303.15999999999997,303.15999999999997,185.0,53,1,0,0.0,United Kingdom,152.77999999999997,0.011235955056179775,303.15999999999997,3,⚠️ At Risk Customers
17434,2,7,2373.82,339.1171428571429,241.85714285714286,100,7,82,0.6015037593984962,United Kingdom,1256.71,2.3333333333333335,28.600240963855423,0,🌱 Potential Customers
17436,2,2,216.29999999999998,108.14999999999999,45.0,7,2,225,28.125,United Kingdom,127.94999999999997,0.6666666666666666,0.957079646017699,0,🌱 Potential Customers
17438,254,1,388.45000000000005,388.45000000000005,103.0,17,1,0,0.0,United Kingdom,178.82500000000002,0.00392156862745098,388.45000000000005,3,⚠️ At Risk Customers
17440,157,3,186.42000000000002,62.13999999999999,82.0,3,3,90,22.5,United Kingdom,107.51,0.0189873417721519,2.048571428571429,0,🌱 Potential Customers
17442,37,6,2248.56,374.76,249.33333333333334,96,6,253,1.8656716417910448,United Kingdom,1180.58,0.15789473684210525,8.85259842519685,0,🌱 Potential Customers
17443,220,1,534.24,534.24,504.0,1,1,0,0.0,Canada,255.12,0.004524886877828055,534.24,3,⚠️ At Risk Customers
17444,148,3,2940.04,980.0133333333333,706.3333333333334,132,3,25,0.1865671641791045,Canada,1485.22,0.020134228187919462,113.07846153846154,1,🏆 High Value Customers
17446,177,2,120.9,60.45,99.0,6,2,133,16.625,United Kingdom,62.75,0.011235955056179775,0.9022388059701493,0,🌱 Potential Customers
17447,40,2,541.53,270.765,221.5,33,2,31,0.8857142857142857,United Kingdom,286.765,0.04878048780487805,16.9228125,3,⚠️ At Risk Customers
17449,2,7,2519.21,359.88714285714286,160.14285714285714,178,7,357,1.2872727272727273,United Kingdom,1329.405,2.3333333333333335,7.036899441340783,0,🌱 Potential Customers
17450,8,46,194390.79,4225.886739130435,1521.1521739130435,124,46,359,1.035820895522388,United Kingdom,97654.595,5.111111111111111,539.9744166666667,2,💎 Premium Customers
17451,1,7,1721.4,245.91428571428574,171.85714285714286,83,6,104,1.0303030303030303,United Kingdom,930.6,3.0,16.394285714285715,0,🌱 Potential Customers
17453,18,2,486.71999999999997,243.35999999999996,109.5,19,2,46,2.5555555555555554,United Kingdom,261.56,0.10526315789473684,10.355744680851064,3,⚠️ At Risk Customers
17454,192,4,517.53,129.3825,60.75,57,4,167,2.7666666666666666,United Kingdom,279.565,0.02072538860103627,3.080535714285714,3,⚠️ At Risk Customers
17455,204,1,131.7,131.7,66.0,8,1,0,0.0,United Kingdom,55.44999999999999,0.004878048780487805,131.7,3,⚠️ At Risk Customers
17456,365,1,249.86,249.86,222.0,17,1,0,0.0,United Kingdom,98.43,0.00273224043715847,249.86,3,⚠️ At Risk Customers
17457,127,5,1737.7,347.54,165.2,14,5,212,11.722222222222221,United Kingdom,906.15,0.0390625,8.158215962441314,0,🌱 Potential Customers
17458,15,1,316.5,316.5,170.0,52,1,0,0.0,United Kingdom,166.75,0.0625,316.5,3,⚠️ At Risk Customers
17459,43,2,657.3,328.65,268.5,88,2,16,0.14545454545454545,United Kingdom,344.34999999999997,0.045454545454545456,38.66470588235294,3,⚠️ At Risk Customers
17460,94,6,622.4300000000001,103.73833333333334,39.333333333333336,18,6,278,9.857142857142858,United Kingdom,361.81500000000005,0.06315789473684211,2.2309318996415772,0,🌱 Potential Customers
17461,23,3,735.82,245.27333333333334,256.6666666666667,104,3,6,0.05714285714285714,United Kingdom,395.61,0.125,105.11714285714287,3,⚠️ At Risk Customers
17462,60,2,675.69,337.84499999999997,113.5,25,2,223,8.576923076923077,United Kingdom,351.845,0.03278688524590164,3.0164732142857145,0,🌱 Potential Customers
17463,16,5,1875.86,375.172,217.2,162,5,296,1.4251207729468598,United Kingdom,986.3299999999999,0.29411764705882354,6.316026936026936,0,🌱 Potential Customers
17464,158,1,289.96000000000004,289.96000000000004,220.0,9,1,0,0.0,United Kingdom,139.18,0.006289308176100629,289.96000000000004,3,⚠️ At Risk Customers
17466,10,2,763.28,381.64,153.0,41,2,68,1.7,United Kingdom,400.64,0.18181818181818182,11.062028985507245,3,⚠️ At Risk Customers
17468,10,2,137.0,68.5,58.0,5,2,4,1.0,United Kingdom,87.5,0.18181818181818182,27.4,3,⚠️ At Risk Customers
17469,16,5,1870.97,374.194,157.4,61,5,188,2.1494252873563218,United Kingdom,983.885,0.29411764705882354,9.89931216931217,0,🌱 Potential Customers
17470,45,5,1125.07,225.01399999999998,335.0,67,5,323,4.1688311688311686,United Kingdom,608.035,0.10869565217391304,3.472438271604938,0,🌱 Potential Customers
17472,191,3,697.54,232.51333333333332,151.66666666666666,142,3,108,0.6184971098265896,United Kingdom,359.66999999999996,0.015625,6.399449541284404,3,⚠️ At Risk Customers
17475,79,1,194.37,194.37,178.0,14,1,0,0.0,United Kingdom,99.285,0.0125,194.37,3,⚠️ At Risk Customers
17480,78,1,511.82,511.82,338.0,29,1,0,0.0,United Kingdom,258.10999999999996,0.012658227848101266,511.82,3,⚠️ At Risk Customers
17481,4,4,1255.59,313.8975,265.25,69,4,90,1.0987654320987654,United Kingdom,667.395,0.8,13.797692307692307,0,🌱 Potential Customers
17483,65,3,414.04,138.01333333333335,63.666666666666664,18,3,117,5.8,United Kingdom,230.52,0.045454545454545456,3.508813559322034,3,⚠️ At Risk Customers
17486,261,1,396.87,396.87,191.0,24,1,0,0.0,United Kingdom,182.335,0.003816793893129771,396.87,3,⚠️ At Risk Customers
17489,59,2,376.64,188.32,214.0,28,2,153,5.464285714285714,United Kingdom,202.42,0.03333333333333333,2.4457142857142857,0,🌱 Potential Customers
17490,1,7,2092.32,298.9028571428571,162.0,63,7,175,2.3066666666666666,United Kingdom,1116.0600000000002,3.5,11.888181818181819,0,🌱 Potential Customers
17491,1,10,3558.87,355.887,201.3,72,10,366,3.3425925925925926,United Kingdom,1879.335,5.0,9.697193460490462,0,🌱 Potential Customers
17492,248,1,374.57,374.57,155.0,12,1,0,0.0,United Kingdom,172.48499999999999,0.004016064257028112,374.57,3,⚠️ At Risk Customers
17495,8,2,497.56,248.78000000000003,114.5,21,2,31,1.1923076923076923,United Kingdom,267.97999999999996,0.2222222222222222,15.54875,3,⚠️ At Risk Customers
17496,359,1,271.05,271.05,79.0,10,1,0,0.0,United Kingdom,109.625,0.002777777777777778,271.05,3,⚠️ At Risk Customers
17498,76,1,272.22,272.22,394.0,17,1,0,0.0,United Kingdom,138.51000000000002,0.012987012987012988,272.22,3,⚠️ At Risk Customers
17499,290,1,622.88,622.88,711.0,40,1,0,0.0,United Kingdom,292.44,0.003436426116838488,622.88,1,🏆 High Value Customers
17500,17,3,1138.0,379.3333333333333,5.666666666666667,3,3,12,3.0,United Kingdom,597.3,0.16666666666666666,87.53846153846153,3,⚠️ At Risk Customers
17501,221,2,288.6,144.3,80.0,18,2,0,0.0,United Kingdom,142.20000000000002,0.009009009009009009,288.6,3,⚠️ At Risk Customers
17502,9,4,689.1,172.275,94.0,25,4,19,0.6666666666666666,United Kingdom,383.65000000000003,0.4,34.455,3,⚠️ At Risk Customers
17503,3,2,558.96,279.48,243.0,36,2,35,0.9459459459459459,United Kingdom,299.18,0.5,15.526666666666667,3,⚠️ At Risk Customers
17504,206,9,2997.0299999999997,333.00333333333333,184.88888888888889,112,9,116,0.9126984126984127,United Kingdom,1567.915,0.043478260869565216,25.615641025641022,0,🌱 Potential Customers
17505,162,2,1145.84,572.9200000000001,278.0,48,2,44,0.8627450980392157,United Kingdom,576.7199999999999,0.012269938650306749,25.46311111111111,3,⚠️ At Risk Customers
17506,76,1,302.2,302.2,139.0,14,1,0,0.0,United Kingdom,153.5,0.012987012987012988,302.2,3,⚠️ At Risk Customers
17507,262,2,605.58,302.78999999999996,179.5,79,2,47,0.5402298850574713,United Kingdom,296.59000000000003,0.0076045627376425855,12.61625,3,⚠️ At Risk Customers
17508,281,1,387.31,387.31,289.0,22,1,0,0.0,Greece,175.555,0.0035460992907801418,387.31,3,⚠️ At Risk Customers
17509,58,8,6083.64,760.455,439.0,75,8,5,0.013774104683195593,United Kingdom,3116.02,0.13559322033898305,1013.94,1,🏆 High Value Customers
17510,25,1,308.48,308.48,214.0,20,1,0,0.0,United Kingdom,161.74,0.038461538461538464,308.48,3,⚠️ At Risk Customers
17511,3,31,91062.38,2937.496129032258,2082.2258064516127,453,32,370,0.3700623700623701,United Kingdom,45840.89,8.0,245.4511590296496,2,💎 Premium Customers
17512,29,10,2924.9900000000002,292.49899999999997,275.3,61,10,272,2.5961538461538463,United Kingdom,1559.595,0.3333333333333333,10.714249084249085,0,🌱 Potential Customers
17513,72,1,513.2,513.2,254.0,6,1,0,0.0,United Kingdom,259.40000000000003,0.0136986301369863,513.2,3,⚠️ At Risk Customers
17514,128,1,208.65,208.65,135.0,40,1,0,0.0,United Kingdom,101.525,0.007751937984496124,208.65,3,⚠️ At Risk Customers
17515,31,4,639.02,159.755,60.75,49,4,286,3.3255813953488373,United Kingdom,356.40999999999997,0.125,2.2265505226480835,0,🌱 Potential Customers
17516,15,5,764.88,152.97599999999997,82.8,113,5,270,2.014925373134328,United Kingdom,430.94,0.3125,2.8224354243542433,0,🌱 Potential Customers
17517,309,1,153.94,153.94,102.0,11,1,0,0.0,United Kingdom,56.06999999999999,0.0032258064516129032,153.94,3,⚠️ At Risk Customers
17519,17,6,1844.02,307.33666666666664,206.0,60,6,351,4.296296296296297,United Kingdom,980.31,0.3333333333333333,5.238693181818181,0,🌱 Potential Customers
17520,54,1,546.81,546.81,365.0,30,1,0,0.0,United Kingdom,278.005,0.01818181818181818,546.81,3,⚠️ At Risk Customers
17521,30,3,723.2099999999999,241.07000000000002,173.0,38,3,169,3.8181818181818183,United Kingdom,388.60499999999996,0.0967741935483871,4.254176470588235,0,🌱 Potential Customers
17522,2,5,1070.71,214.142,206.8,59,5,216,2.986111111111111,United Kingdom,585.155,1.6666666666666667,4.934147465437788,0,🌱 Potential Customers
17523,11,4,652.74,163.185,218.0,25,4,7,0.21875,United Kingdom,365.27,0.3333333333333333,81.5925,3,⚠️ At Risk Customers
17524,361,1,145.0,145.0,90.0,6,1,0,0.0,United Kingdom,46.4,0.0027624309392265192,145.0,3,⚠️ At Risk Customers
17525,360,1,422.70000000000005,422.70000000000005,82.0,9,1,0,0.0,United Kingdom,185.35000000000002,0.002770083102493075,422.70000000000005,3,⚠️ At Risk Customers
17526,5,4,1195.8999999999999,298.975,77.5,17,4,360,19.944444444444443,United Kingdom,637.4499999999999,0.6666666666666666,3.312742382271468,0,🌱 Potential Customers
17527,54,4,939.37,234.8425,122.0,45,4,164,3.5434782608695654,United Kingdom,504.285,0.07272727272727272,5.6931515151515155,0,🌱 Potential Customers
17528,1,8,3628.5,453.5625,267.25,183,8,70,0.26587301587301587,United Kingdom,1894.15,4.0,51.105633802816904,0,🌱 Potential Customers
17530,1,10,2367.12,236.712,151.4,306,11,363,0.9280205655526992,United Kingdom,1283.46,5.5,6.5030769230769225,2,💎 Premium Customers
17531,190,1,296.7,296.7,136.0,14,1,0,0.0,United Kingdom,139.35,0.005235602094240838,296.7,3,⚠️ At Risk Customers
17534,54,1,223.36,223.36,103.0,9,1,0,0.0,United Kingdom,116.28,0.01818181818181818,223.36,3,⚠️ At Risk Customers
17535,280,1,164.4,164.4,136.0,13,1,0,0.0,United Kingdom,64.2,0.0035587188612099642,164.4,3,⚠️ At Risk Customers
17536,177,1,76.5,76.5,6.0,3,1,0,0.0,United Kingdom,30.55,0.0056179775280898875,76.5,3,⚠️ At Risk Customers
17537,30,2,887.67,443.83500000000004,349.5,74,2,273,3.73972602739726,United Kingdom,460.835,0.06451612903225806,3.239671532846715,0,🌱 Potential Customers
17538,26,1,98.42,98.42,134.0,9,1,0,0.0,United Kingdom,56.61,0.037037037037037035,98.42,3,⚠️ At Risk Customers
17540,25,2,578.9,289.45000000000005,97.0,20,2,291,12.125,United Kingdom,306.95,0.07692307692307693,1.9825342465753424,0,🌱 Potential Customers
17542,270,1,170.75,170.75,134.0,24,1,0,0.0,United Kingdom,68.375,0.0036900369003690036,170.75,3,⚠️ At Risk Customers
17545,43,3,642.32,214.10666666666665,112.33333333333333,122,3,0,0.0,United Kingdom,346.86,0.06818181818181818,642.32,3,⚠️ At Risk Customers
17548,234,1,103.3,103.3,58.0,5,1,0,0.0,United Kingdom,38.25,0.00425531914893617,103.3,3,⚠️ At Risk Customers
17549,24,2,148.86,74.42999999999999,105.0,5,2,27,5.4,United Kingdom,92.03,0.08,5.316428571428572,3,⚠️ At Risk Customers
17550,197,3,267.16,89.05333333333333,28.666666666666668,42,3,45,1.0975609756097562,United Kingdom,143.88,0.015151515151515152,5.807826086956522,3,⚠️ At Risk Customers
17551,359,1,290.34,290.34,142.0,39,1,0,0.0,United Kingdom,119.26999999999998,0.002777777777777778,290.34,3,⚠️ At Risk Customers
17552,60,4,930.41,232.6025,179.75,43,4,311,6.479166666666667,United Kingdom,499.205,0.06557377049180328,2.982083333333333,0,🌱 Potential Customers
17553,130,1,1487.6,1487.6,1048.0,2,1,0,0.0,United Kingdom,740.8,0.007633587786259542,1487.6,1,🏆 High Value Customers
17554,1,5,1952.45,390.49,352.6,58,5,146,1.6666666666666667,United Kingdom,1026.125,2.5,13.281972789115647,0,🌱 Potential Customers
17555,20,2,480.31,240.155,174.0,101,2,314,3.019230769230769,United Kingdom,258.155,0.09523809523809523,1.5247936507936508,0,🌱 Potential Customers
17556,206,1,157.9,157.9,101.0,6,1,0,0.0,United Kingdom,68.35,0.004830917874396135,157.9,3,⚠️ At Risk Customers
17557,14,3,541.46,180.48666666666668,102.0,27,3,66,2.0,United Kingdom,299.33000000000004,0.2,8.081492537313434,3,⚠️ At Risk Customers
17560,95,4,854.95,213.7375,158.75,22,4,215,8.56,United Kingdom,457.975,0.041666666666666664,3.9581018518518523,0,🌱 Potential Customers
17561,19,1,165.12,165.12,144.0,44,1,0,0.0,United Kingdom,90.66,0.05,165.12,3,⚠️ At Risk Customers
17562,14,7,1122.38,160.34,116.71428571428571,48,7,159,2.5161290322580645,United Kingdom,629.7900000000001,0.4666666666666667,7.014875000000001,0,🌱 Potential Customers
17564,24,3,454.01,151.33666666666667,48.666666666666664,38,3,55,1.1458333333333333,United Kingdom,254.605,0.12,8.107321428571428,3,⚠️ At Risk Customers
17566,8,2,869.77,434.885,248.5,113,2,17,0.12056737588652482,United Kingdom,454.085,0.2222222222222222,48.32055555555556,3,⚠️ At Risk Customers
17567,7,8,4331.48,541.435,329.0,110,8,365,2.207317073170732,United Kingdom,2245.04,1.0,11.834644808743167,0,🌱 Potential Customers
17569,332,1,344.14,344.14,159.0,29,1,0,0.0,United Kingdom,148.87,0.003003003003003003,344.14,3,⚠️ At Risk Customers
17571,50,4,1425.67,356.4175,219.0,247,4,248,0.9148148148148149,United Kingdom,747.835,0.0784313725490196,5.72558232931727,0,🌱 Potential Customers
17572,71,4,226.75000000000003,56.6875,23.75,7,4,302,27.272727272727273,United Kingdom,146.275,0.05555555555555555,0.7483498349834985,0,🌱 Potential Customers
17573,29,3,380.6,126.86666666666667,102.66666666666667,24,3,64,2.625,United Kingdom,217.4,0.1,5.855384615384616,3,⚠️ At Risk Customers
17574,243,1,185.65,185.65,77.0,8,1,0,0.0,United Kingdom,78.525,0.004098360655737705,185.65,3,⚠️ At Risk Customers
17576,8,19,3564.83,187.62263157894736,103.52631578947368,245,19,357,0.8753117206982544,United Kingdom,1971.615,2.111111111111111,9.957625698324023,2,💎 Premium Customers
17578,218,1,143.45999999999998,143.45999999999998,138.0,5,1,0,0.0,United Kingdom,59.92999999999999,0.0045662100456621,143.45999999999998,3,⚠️ At Risk Customers
17579,5,3,448.90000000000003,149.63333333333333,86.0,46,3,174,3.5510204081632653,United Kingdom,253.95000000000002,0.5,2.5651428571428574,0,🌱 Potential Customers
17580,253,3,215.72,71.90666666666667,29.333333333333332,43,3,105,2.3636363636363638,United Kingdom,112.56000000000002,0.011811023622047244,2.0350943396226415,3,⚠️ At Risk Customers
17581,1,25,11025.24,441.0096,236.6,229,24,371,0.8378995433789954,United Kingdom,5762.5199999999995,12.0,29.63774193548387,2,💎 Premium Customers
17582,236,1,175.27,175.27,123.0,28,1,0,0.0,United Kingdom,74.035,0.004219409282700422,175.27,3,⚠️ At Risk Customers
17584,7,2,1242.3,621.1500000000001,229.0,30,2,120,3.5294117647058822,United Kingdom,640.4499999999999,0.25,10.26694214876033,0,🌱 Potential Customers
17585,109,4,1116.68,279.16999999999996,412.5,176,4,228,1.1014492753623188,United Kingdom,587.44,0.03636363636363636,4.876331877729258,0,🌱 Potential Customers
17588,100,3,1240.2,413.40000000000003,225.33333333333334,19,3,132,5.954545454545454,United Kingdom,640.1,0.0297029702970297,9.324812030075188,0,🌱 Potential Customers
17589,60,4,2404.17,601.0425,407.75,172,4,180,0.7103174603174603,United Kingdom,1236.085,0.06557377049180328,13.282707182320442,0,🌱 Potential Customers
17590,2,3,1468.02,489.34,274.0,162,3,37,0.18974358974358974,United Kingdom,763.81,1.0,38.6321052631579,0,🌱 Potential Customers
17591,73,7,2203.67,314.81,142.85714285714286,81,7,293,1.8653846153846154,United Kingdom,1164.535,0.0945945945945946,7.49547619047619,0,🌱 Potential Customers
17593,4,5,3923.86,784.772,617.8,190,5,349,1.6445497630331753,United Kingdom,2011.53,1.0,11.211028571428573,0,🌱 Potential Customers
17594,85,2,993.18,496.59,275.0,42,2,169,3.4489795918367347,United Kingdom,508.0899999999999,0.023255813953488372,5.842235294117647,0,🌱 Potential Customers
17595,12,2,386.69,193.345,114.0,68,2,24,0.2962962962962963,United Kingdom,212.145,0.15384615384615385,15.4676,3,⚠️ At Risk Customers
17596,23,7,2806.69,400.9557142857143,625.1428571428571,168,7,345,1.2954545454545454,United Kingdom,1471.045,0.2916666666666667,8.111820809248554,0,🌱 Potential Customers
17597,214,1,2044.3700000000001,2044.3700000000001,1176.0,55,1,0,0.0,United Kingdom,1010.785,0.004651162790697674,2044.3700000000001,1,🏆 High Value Customers
17600,18,1,161.67000000000002,161.67000000000002,144.0,13,1,0,0.0,United Kingdom,89.03500000000001,0.05263157894736842,161.67000000000002,3,⚠️ At Risk Customers
17601,239,1,116.00999999999999,116.00999999999999,103.0,9,1,0,0.0,United Kingdom,44.10499999999999,0.004166666666666667,116.00999999999999,3,⚠️ At Risk Customers
17602,2,6,5054.42,842.4033333333333,686.0,335,7,321,0.5781818181818181,United Kingdom,2587.01,2.3333333333333335,15.69695652173913,0,🌱 Potential Customers
17603,78,1,394.72,394.72,74.0,11,1,0,0.0,United Kingdom,199.56,0.012658227848101266,394.72,3,⚠️ At Risk Customers
17604,217,2,309.36,154.68,84.5,57,2,94,1.5161290322580645,United Kingdom,152.98000000000002,0.009174311926605505,3.256421052631579,3,⚠️ At Risk Customers
17608,33,2,191.99,95.995,114.5,54,2,0,0.0,United Kingdom,112.69500000000001,0.058823529411764705,191.99,3,⚠️ At Risk Customers
17609,41,5,1105.78,221.156,143.8,199,5,286,1.228448275862069,United Kingdom,598.79,0.11904761904761904,3.8528919860627178,0,🌱 Potential Customers
17611,7,15,3961.12,264.07466666666664,170.0,440,15,353,0.6130742049469965,United Kingdom,2129.86,1.875,11.189604519774011,2,💎 Premium Customers
17612,53,6,2048.45,341.4083333333333,301.3333333333333,116,6,244,1.8134328358208955,United Kingdom,1078.925,0.1111111111111111,8.361020408163265,0,🌱 Potential Customers
17613,23,14,4544.55,324.6107142857143,177.85714285714286,211,14,282,0.9114754098360656,United Kingdom,2409.975,0.5833333333333334,16.058480565371024,0,🌱 Potential Customers
17614,57,1,386.32,386.32,235.0,97,1,0,0.0,United Kingdom,197.46,0.017241379310344827,386.32,3,⚠️ At Risk Customers
17615,130,3,329.6,109.86666666666667,46.666666666666664,13,3,91,7.0,United Kingdom,181.8,0.022900763358778626,3.582608695652174,3,⚠️ At Risk Customers
17616,174,3,571.1999999999999,190.39999999999998,74.66666666666667,1,3,194,96.5,United Kingdom,298.2,0.017142857142857144,2.929230769230769,0,🌱 Potential Customers
17618,6,3,930.28,310.0933333333333,106.33333333333333,56,3,356,5.378787878787879,United Kingdom,494.53999999999996,0.42857142857142855,2.6058263305322127,0,🌱 Potential Customers
17619,312,1,214.37,214.37,124.0,71,1,0,0.0,United Kingdom,85.985,0.003194888178913738,214.37,3,⚠️ At Risk Customers
17620,60,1,81.44,81.44,60.0,4,1,0,0.0,United Kingdom,44.72,0.01639344262295082,81.44,3,⚠️ At Risk Customers
17621,21,3,1379.9,459.9666666666667,171.33333333333334,24,3,333,13.28,United Kingdom,717.85,0.13636363636363635,4.131437125748503,0,🌱 Potential Customers
17623,33,1,527.0500000000001,527.0500000000001,265.0,33,1,0,0.0,United Kingdom,270.225,0.029411764705882353,527.0500000000001,3,⚠️ At Risk Customers
17624,15,2,843.48,421.74,277.0,49,2,203,4.142857142857143,United Kingdom,440.24,0.125,4.134705882352941,0,🌱 Potential Customers
17625,18,4,2020.4,505.1,295.0,223,4,239,0.780327868852459,United Kingdom,1048.4,0.21052631578947367,8.418333333333333,0,🌱 Potential Customers
17628,81,1,75.75,75.75,79.0,5,1,0,0.0,United Kingdom,39.775,0.012195121951219513,75.75,3,⚠️ At Risk Customers
17629,6,8,1814.12,226.765,203.625,106,8,354,2.877049180327869,United Kingdom,986.4599999999999,1.1428571428571428,5.110197183098591,0,🌱 Potential Customers
17630,170,2,503.59999999999997,251.8,79.0,24,2,62,2.48,United Kingdom,254.79999999999995,0.011695906432748537,7.993650793650793,3,⚠️ At Risk Customers
17631,2,3,528.33,176.11,111.33333333333333,39,3,230,6.052631578947368,United Kingdom,293.96500000000003,1.0,2.2871428571428574,0,🌱 Potential Customers
17633,31,4,1324.84,331.21,161.0,59,4,88,1.2753623188405796,United Kingdom,699.3199999999999,0.125,14.885842696629213,0,🌱 Potential Customers
17634,36,9,2358.59,262.0655555555556,93.11111111111111,209,9,301,1.006779661016949,United Kingdom,1265.6950000000002,0.24324324324324326,7.809900662251656,0,🌱 Potential Customers
17636,19,1,285.56,285.56,182.0,20,1,0,0.0,United Kingdom,150.88,0.05,285.56,3,⚠️ At Risk Customers
17637,31,2,547.0600000000001,273.53,140.0,35,2,83,2.4411764705882355,United Kingdom,290.43,0.0625,6.512619047619048,3,⚠️ At Risk Customers
17639,276,1,108.5,108.5,49.0,7,1,0,0.0,United Kingdom,36.65,0.0036101083032490976,108.5,3,⚠️ At Risk Customers
17640,87,1,621.66,621.66,250.0,5,1,0,0.0,United Kingdom,312.13,0.011363636363636364,621.66,3,⚠️ At Risk Customers
17642,120,2,712.29,356.145,237.0,34,2,56,1.435897435897436,United Kingdom,364.145,0.01652892561983471,12.496315789473684,3,⚠️ At Risk Customers
17643,373,1,101.55,101.55,71.0,8,1,0,0.0,United Kingdom,23.474999999999994,0.00267379679144385,101.55,3,⚠️ At Risk Customers
17644,1,11,2895.64,263.24,163.0,102,11,259,1.6346153846153846,United Kingdom,1557.72,5.5,11.137076923076922,0,🌱 Potential Customers
17646,219,3,1008.39,336.13000000000005,107.66666666666667,46,3,145,2.9,United Kingdom,512.295,0.013636363636363636,6.906780821917808,3,⚠️ At Risk Customers
17647,65,1,133.06,133.06,30.0,7,1,0,0.0,United Kingdom,70.03,0.015151515151515152,133.06,3,⚠️ At Risk Customers
17648,61,4,1797.5,449.375,121.75,81,4,188,2.088888888888889,United Kingdom,932.65,0.06451612903225806,9.510582010582011,0,🌱 Potential Customers
17649,138,1,868.49,868.49,399.0,52,1,0,0.0,United Kingdom,430.445,0.007194244604316547,868.49,1,🏆 High Value Customers
17650,21,1,166.08,166.08,150.0,8,1,0,0.0,United Kingdom,90.94000000000001,0.045454545454545456,166.08,3,⚠️ At Risk Customers
17651,12,10,3945.0,394.5,311.2,149,10,165,0.696969696969697,United Kingdom,2071.3,0.7692307692307693,23.765060240963855,0,🌱 Potential Customers
17652,25,12,4867.72,405.6433333333334,209.08333333333334,118,12,255,0.9728682170542635,United Kingdom,2551.36,0.46153846153846156,19.01453125,0,🌱 Potential Customers
17653,37,4,1207.56,301.89000000000004,352.25,44,4,83,1.9069767441860466,United Kingdom,640.0799999999999,0.10526315789473684,14.375714285714285,0,🌱 Potential Customers
17654,277,1,117.55,117.55,41.0,22,1,0,0.0,United Kingdom,41.075,0.0035971223021582736,117.55,3,⚠️ At Risk Customers
17655,11,7,2638.94,376.99142857142857,159.42857142857142,66,7,355,3.911111111111111,United Kingdom,1388.3700000000001,0.5833333333333334,7.412752808988764,0,🌱 Potential Customers
17656,73,5,1674.69,334.938,279.8,67,5,55,0.6666666666666666,United Kingdom,880.0450000000001,0.06756756756756757,29.90517857142857,0,🌱 Potential Customers
17658,26,2,595.42,297.71,308.0,17,2,185,10.277777777777779,United Kingdom,315.10999999999996,0.07407407407407407,3.2011827956989247,0,🌱 Potential Customers
17659,17,12,2999.46,249.955,127.08333333333333,127,12,354,2.2229299363057327,United Kingdom,1618.03,0.6666666666666666,8.449183098591549,0,🌱 Potential Customers
17660,141,1,178.75,178.75,121.0,37,1,0,0.0,United Kingdom,85.275,0.007042253521126761,178.75,3,⚠️ At Risk Customers
17663,26,7,1802.91,257.55857142857144,113.85714285714286,63,7,261,3.0352941176470587,United Kingdom,968.855,0.25925925925925924,6.881335877862596,0,🌱 Potential Customers
17664,19,2,604.64,302.32,302.0,41,2,193,4.595238095238095,United Kingdom,320.42,0.1,3.116701030927835,0,🌱 Potential Customers
17666,4,2,728.16,364.08000000000004,298.0,14,2,61,3.588235294117647,United Kingdom,383.68,0.4,11.744516129032258,3,⚠️ At Risk Customers
17667,66,5,2055.51,411.10200000000003,206.6,85,5,232,2.008695652173913,United Kingdom,1071.1550000000002,0.07462686567164178,8.821931330472104,0,🌱 Potential Customers
17668,1,2,347.75,173.875,46.5,14,2,36,2.5714285714285716,United Kingdom,193.775,1.0,9.39864864864865,3,⚠️ At Risk Customers
17669,43,7,3406.7200000000003,486.67428571428576,273.7142857142857,45,7,206,3.029850746268657,United Kingdom,1769.0600000000002,0.1590909090909091,16.457584541062804,0,🌱 Potential Customers
17670,228,1,205.7,205.7,110.0,11,1,0,0.0,United Kingdom,90.05,0.004366812227074236,205.7,3,⚠️ At Risk Customers
17671,16,4,1572.71,393.1775,193.0,40,4,349,6.711538461538462,United Kingdom,824.755,0.23529411764705882,4.493457142857143,0,🌱 Potential Customers
17672,50,2,3178.17,1589.085,845.0,105,2,259,2.376146788990826,United Kingdom,1604.085,0.0392156862745098,12.22373076923077,1,🏆 High Value Customers
17673,2,6,1594.97,265.8283333333333,243.66666666666666,118,6,318,1.4608294930875576,United Kingdom,857.285,2.0,4.999905956112853,0,🌱 Potential Customers
17674,74,2,551.04,275.52,336.0,19,2,294,11.307692307692308,United Kingdom,288.12,0.02666666666666667,1.8679322033898305,0,🌱 Potential Customers
17675,1,31,20374.28,657.2348387096774,269.6774193548387,239,31,366,0.5,United Kingdom,10497.039999999999,15.5,55.515749318801085,2,💎 Premium Customers
17676,4,6,1371.18,228.53,153.66666666666666,49,6,362,4.723684210526316,United Kingdom,745.19,1.2,3.7773553719008266,0,🌱 Potential Customers
17677,2,30,16345.38,544.846,325.73333333333335,178,30,367,1.1887417218543046,United Kingdom,8472.489999999998,10.0,44.416793478260864,2,💎 Premium Customers
17678,264,1,298.11,298.11,207.0,16,1,0,0.0,United Kingdom,132.655,0.0037735849056603774,298.11,3,⚠️ At Risk Customers
17679,53,2,1992.1100000000001,996.0550000000001,364.5,29,2,32,1.103448275862069,United Kingdom,1010.7550000000001,0.037037037037037035,60.366969696969704,3,⚠️ At Risk Customers
17680,24,1,184.4,184.4,96.0,11,1,0,0.0,United Kingdom,99.8,0.04,184.4,3,⚠️ At Risk Customers
17682,10,6,2474.33,412.3883333333333,227.83333333333334,48,6,358,3.0427350427350426,United Kingdom,1296.165,0.5454545454545454,6.892284122562674,0,🌱 Potential Customers
17684,44,1,239.41,239.41,145.0,15,1,0,0.0,United Kingdom,125.30499999999998,0.022222222222222223,239.41,3,⚠️ At Risk Customers
17685,17,7,3155.83,450.8328571428571,272.42857142857144,88,7,355,2.8015873015873014,United Kingdom,1646.215,0.3888888888888889,8.864691011235955,0,🌱 Potential Customers
17686,7,7,5739.46,819.9228571428572,354.0,205,7,295,1.0280701754385966,United Kingdom,2939.03,0.875,19.390067567567566,0,🌱 Potential Customers
17690,30,15,4726.8,315.12,117.93333333333334,186,15,342,1.3386454183266931,United Kingdom,2510.4,0.4838709677419355,13.780758017492712,0,🌱 Potential Customers
17691,358,2,290.40000000000003,145.2,67.0,18,2,10,0.5555555555555556,United Kingdom,129.4,0.005571030640668524,26.400000000000002,3,⚠️ At Risk Customers
17692,127,4,740.9399999999999,185.23499999999999,168.0,34,4,232,5.111111111111111,United Kingdom,397.77,0.03125,3.1799999999999997,0,🌱 Potential Customers
17693,137,1,200.47,200.47,231.0,16,1,0,0.0,United Kingdom,96.535,0.007246376811594203,200.47,3,⚠️ At Risk Customers
17694,142,1,283.12,283.12,184.0,15,1,0,0.0,United Kingdom,137.36,0.006993006993006993,283.12,3,⚠️ At Risk Customers
17695,132,2,765.34,382.67,389.5,30,2,39,1.1470588235294117,United Kingdom,389.47,0.015037593984962405,19.1335,3,⚠️ At Risk Customers
17696,38,8,2285.71,285.71375,219.5,78,8,326,2.8333333333333335,United Kingdom,1219.055,0.20512820512820512,6.989938837920489,0,🌱 Potential Customers
17697,236,1,338.95,338.95,93.0,19,1,0,0.0,United Kingdom,155.875,0.004219409282700422,338.95,3,⚠️ At Risk Customers
17698,261,1,154.95,154.95,93.0,8,1,0,0.0,United Kingdom,61.37499999999999,0.003816793893129771,154.95,3,⚠️ At Risk Customers
17700,17,4,2534.64,633.6600000000001,316.5,116,4,264,1.8652482269503545,United Kingdom,1305.62,0.2222222222222222,9.564679245283019,0,🌱 Potential Customers
17701,253,1,417.95,417.95,109.0,24,1,0,0.0,United Kingdom,193.67499999999998,0.003937007874015748,417.95,3,⚠️ At Risk Customers
17702,30,4,1824.37,456.0925,338.25,58,4,175,2.3835616438356166,United Kingdom,949.185,0.12903225806451613,10.365738636363636,0,🌱 Potential Customers
17703,35,3,798.74,266.24666666666667,196.66666666666666,47,3,103,1.9074074074074074,United Kingdom,425.87,0.08333333333333333,7.680192307692308,0,🌱 Potential Customers
17704,169,2,885.19,442.595,171.5,27,2,71,2.3666666666666667,United Kingdom,445.69500000000005,0.011764705882352941,12.294305555555557,3,⚠️ At Risk Customers
17705,3,9,1823.52,202.61333333333334,107.0,63,9,298,2.8823529411764706,United Kingdom,1001.46,2.25,6.098729096989967,0,🌱 Potential Customers
17706,4,17,10504.49,617.9111764705882,229.35294117647058,270,15,362,0.937007874015748,United Kingdom,5421.845,3.0,28.937988980716252,2,💎 Premium Customers
17707,185,2,152.4,76.2,72.0,3,2,151,37.75,United Kingdom,77.7,0.010752688172043012,1.0026315789473685,0,🌱 Potential Customers
17708,188,2,263.33,131.665,45.0,28,2,137,4.151515151515151,United Kingdom,132.86499999999998,0.010582010582010581,1.9081884057971013,3,⚠️ At Risk Customers
17709,170,1,137.45,137.45,17.0,7,1,0,0.0,United Kingdom,61.724999999999994,0.005847953216374269,137.45,3,⚠️ At Risk Customers
17711,11,2,385.1,192.55,123.0,22,2,279,12.681818181818182,United Kingdom,211.45000000000002,0.16666666666666666,1.375357142857143,0,🌱 Potential Customers
17712,45,1,522.91,522.91,215.0,29,1,0,0.0,United Kingdom,266.955,0.021739130434782608,522.91,3,⚠️ At Risk Customers
17714,321,1,153.0,153.0,92.0,10,1,0,0.0,United Kingdom,54.4,0.003105590062111801,153.0,3,⚠️ At Risk Customers
17715,201,1,326.4,326.4,384.0,1,1,0,0.0,United Kingdom,153.1,0.0049504950495049506,326.4,3,⚠️ At Risk Customers
17716,23,11,5655.99,514.180909090909,279.27272727272725,171,11,245,0.9918032786885246,United Kingdom,2935.6949999999997,0.4583333333333333,22.991829268292683,0,🌱 Potential Customers
17718,232,1,139.35,139.35,83.0,6,1,0,0.0,United Kingdom,56.474999999999994,0.004291845493562232,139.35,3,⚠️ At Risk Customers
17719,38,15,5396.04,359.736,164.4,111,15,217,0.7655677655677655,United Kingdom,2844.22,0.38461538461538464,24.752477064220184,0,🌱 Potential Customers
17720,26,4,1195.94,298.985,144.0,39,4,341,6.938775510204081,United Kingdom,635.37,0.14814814814814814,3.4969005847953216,0,🌱 Potential Customers
17722,96,4,2424.04,606.01,398.75,111,4,270,2.3596491228070176,United Kingdom,1242.42,0.041237113402061855,8.94479704797048,0,🌱 Potential Customers
17723,127,6,3276.4000000000005,546.0666666666667,132.0,4,6,87,9.444444444444445,United Kingdom,1685.5000000000002,0.046875,37.23181818181819,0,🌱 Potential Customers
17724,71,3,1033.0,344.3333333333333,100.0,38,3,67,1.7179487179487178,United Kingdom,539.4,0.041666666666666664,15.191176470588236,3,⚠️ At Risk Customers
17725,16,11,3439.08,312.64363636363635,196.54545454545453,115,11,250,1.2827225130890052,United Kingdom,1827.94,0.6470588235294118,13.701513944223107,0,🌱 Potential Customers
17727,15,1,1060.25,1060.25,645.0,66,1,0,0.0,United Kingdom,538.625,0.0625,1060.25,1,🏆 High Value Customers
17728,4,3,2876.01,958.67,489.6666666666667,153,3,82,0.5,United Kingdom,1467.605,0.6,34.65072289156627,0,🌱 Potential Customers
17730,3,13,5298.4800000000005,407.5753846153847,275.0769230769231,127,13,323,1.4654377880184333,United Kingdom,2778.94,3.25,16.353333333333335,2,💎 Premium Customers
17731,79,4,1240.11,310.02750000000003,123.25,54,4,104,1.5606060606060606,United Kingdom,652.155,0.05,11.810571428571428,0,🌱 Potential Customers
17732,373,1,303.97,303.97,93.0,18,1,0,0.0,United Kingdom,124.685,0.00267379679144385,303.97,3,⚠️ At Risk Customers
17733,39,2,692.19,346.095,231.5,33,2,222,6.529411764705882,United Kingdom,362.19500000000005,0.05,3.1039910313901347,0,🌱 Potential Customers
17734,54,3,700.63,233.54333333333332,140.66666666666666,40,3,180,4.261904761904762,United Kingdom,374.915,0.05454545454545454,3.8708839779005526,0,🌱 Potential Customers
17735,2,19,13110.02,690.001052631579,444.1578947368421,319,19,365,0.5152394775036284,United Kingdom,6744.81,6.333333333333333,35.81972677595628,2,💎 Premium Customers
17736,9,3,377.44,125.81333333333333,79.33333333333333,24,3,104,4.291666666666667,United Kingdom,217.82,0.3,3.5946666666666665,0,🌱 Potential Customers
17737,9,2,168.24,84.12,54.0,8,2,49,5.444444444444445,United Kingdom,103.22,0.2,3.3648000000000002,3,⚠️ At Risk Customers
17738,19,4,1879.05,469.7625,257.25,89,4,262,2.7291666666666665,United Kingdom,977.625,0.2,7.14467680608365,0,🌱 Potential Customers
17739,12,7,2791.35,398.7642857142857,123.0,29,7,348,7.521739130434782,United Kingdom,1464.475,0.5384615384615384,7.9981375358166185,0,🌱 Potential Customers
17742,113,2,355.11,177.555,44.5,13,2,219,15.642857142857142,United Kingdom,186.255,0.017543859649122806,1.6141363636363637,0,🌱 Potential Customers
17744,4,6,2322.4,387.06666666666666,568.6666666666666,110,6,354,2.6148148148148147,United Kingdom,1220.8,1.2,6.541971830985916,0,🌱 Potential Customers
17746,240,1,110.25,110.25,29.0,6,1,0,0.0,United Kingdom,41.125,0.004149377593360996,110.25,3,⚠️ At Risk Customers
17747,113,1,71.4,71.4,12.0,1,1,0,0.0,United Kingdom,34.400000000000006,0.008771929824561403,71.4,3,⚠️ At Risk Customers
17749,178,2,674.52,337.26,160.0,33,2,78,2.2941176470588234,United Kingdom,339.46,0.0111731843575419,8.538227848101265,3,⚠️ At Risk Customers
17750,5,9,1710.45,190.05,416.3333333333333,101,9,158,0.8415300546448088,United Kingdom,944.725,1.5,10.757547169811321,0,🌱 Potential Customers
17752,359,1,80.64,80.64,192.0,1,1,0,0.0,United Kingdom,14.420000000000002,0.002777777777777778,80.64,3,⚠️ At Risk Customers
17754,1,5,1664.65,332.93,363.2,82,5,259,2.9204545454545454,United Kingdom,882.225,2.5,6.402500000000001,0,🌱 Potential Customers
17757,1,30,5593.39,186.44633333333334,110.6,275,30,370,0.4790257104194858,United Kingdom,3096.5950000000003,15.0,15.076522911051214,2,💎 Premium Customers
17758,19,8,3408.2000000000003,426.025,256.75,310,9,230,0.56575682382134,United Kingdom,1782.2,0.45,14.754112554112556,0,🌱 Potential Customers
17759,17,3,819.96,273.32,232.33333333333334,82,3,152,1.7078651685393258,United Kingdom,438.28000000000003,0.16666666666666666,5.35921568627451,0,🌱 Potential Customers
17760,22,2,287.59,143.795,119.5,25,2,351,14.625,United Kingdom,161.595,0.08695652173913043,0.8170170454545453,0,🌱 Potential Customers
17761,33,1,712.78,712.78,398.0,19,1,0,0.0,United Kingdom,363.09,0.029411764705882353,712.78,1,🏆 High Value Customers
17763,263,1,15.0,15.0,12.0,1,1,0,0.0,United Kingdom,-8.8,0.003787878787878788,15.0,3,⚠️ At Risk Customers
17764,51,2,772.55,386.275,175.5,71,2,160,2.2857142857142856,United Kingdom,401.17499999999995,0.038461538461538464,4.7984472049689435,0,🌱 Potential Customers
17765,159,3,367.63,122.54333333333334,47.666666666666664,51,3,98,1.7818181818181817,United Kingdom,197.915,0.01875,3.7134343434343435,3,⚠️ At Risk Customers
17767,15,1,271.2,271.2,128.0,21,1,0,0.0,United Kingdom,144.1,0.0625,271.2,3,⚠️ At Risk Customers
17768,8,3,2081.9,693.9666666666667,374.0,77,3,157,1.6185567010309279,United Kingdom,1070.15,0.3333333333333333,13.176582278481014,0,🌱 Potential Customers
17769,13,10,3957.43,395.74300000000005,185.0,200,10,308,1.0,United Kingdom,2077.415,0.7142857142857143,12.807216828478964,0,🌱 Potential Customers
17770,199,5,1143.27,228.654,73.0,33,5,83,2.2162162162162162,United Kingdom,601.735,0.025,13.610357142857143,3,⚠️ At Risk Customers
17771,57,2,245.81,122.905,143.5,51,2,266,5.018867924528302,United Kingdom,137.205,0.034482758620689655,0.9206367041198502,0,🌱 Potential Customers
17772,11,2,173.45,86.72500000000001,27.5,50,2,0,0.0,United Kingdom,105.625,0.16666666666666666,173.45,3,⚠️ At Risk Customers
17774,97,4,1213.73,303.4325,127.0,123,4,208,1.361842105263158,United Kingdom,637.165,0.04081632653061224,5.80732057416268,0,🌱 Potential Customers
17775,255,1,56.4,56.4,72.0,3,1,0,0.0,United Kingdom,12.700000000000003,0.00390625,56.4,3,⚠️ At Risk Customers
17777,25,3,647.56,215.85333333333332,167.0,141,3,75,0.3915343915343915,United Kingdom,351.28,0.11538461538461539,8.520526315789473,0,🌱 Potential Customers
17779,21,3,650.32,216.7733333333333,132.0,73,3,122,1.5125,United Kingdom,353.06,0.13636363636363635,5.287154471544716,0,🌱 Potential Customers
17781,159,2,188.02,94.00999999999999,17.0,12,2,93,8.454545454545455,United Kingdom,98.11,0.0125,2.000212765957447,3,⚠️ At Risk Customers
17783,72,2,283.47,141.735,177.0,67,2,175,2.6515151515151514,United Kingdom,154.53500000000003,0.0273972602739726,1.6106250000000002,0,🌱 Potential Customers
17785,53,1,131.94,131.94,67.0,13,1,0,0.0,United Kingdom,70.67,0.018518518518518517,131.94,3,⚠️ At Risk Customers
17786,85,2,266.85,133.425,97.5,57,2,231,3.4477611940298507,United Kingdom,144.925,0.023255813953488372,1.1502155172413795,0,🌱 Potential Customers
17787,153,4,1817.54,454.385,224.0,94,4,218,1.7007874015748032,United Kingdom,933.47,0.025974025974025976,8.299269406392694,0,🌱 Potential Customers
17788,74,2,1117.9,558.95,105.5,3,2,55,13.75,United Kingdom,571.5500000000001,0.02666666666666667,19.962500000000002,0,🌱 Potential Customers
17789,281,1,225.9,225.9,74.0,14,1,0,0.0,United Kingdom,94.85,0.0035460992907801418,225.9,3,⚠️ At Risk Customers
17790,27,14,1964.3,140.30714285714288,59.642857142857146,121,14,338,1.7606382978723405,United Kingdom,1119.45,0.5,5.794395280235988,0,🌱 Potential Customers
17791,30,1,106.1,106.1,46.0,10,1,0,0.0,United Kingdom,60.05,0.03225806451612903,106.1,3,⚠️ At Risk Customers
17793,25,1,300.34,300.34,226.0,49,1,0,0.0,United Kingdom,157.67,0.038461538461538464,300.34,3,⚠️ At Risk Customers
17795,180,2,342.83,171.41500000000002,152.5,43,2,85,1.9318181818181819,United Kingdom,173.415,0.011049723756906077,3.9863953488372093,3,⚠️ At Risk Customers
17796,40,4,690.0,172.5,44.0,63,4,329,4.1,United Kingdom,381.0,0.0975609756097561,2.090909090909091,0,🌱 Potential Customers
17797,22,3,780.43,260.1433333333334,166.0,102,3,160,1.4545454545454546,United Kingdom,418.015,0.13043478260869565,4.847391304347826,0,🌱 Potential Customers
17799,22,10,3039.17,303.91700000000003,175.3,280,11,339,0.8312655086848635,United Kingdom,1617.385,0.4782608695652174,8.938735294117647,0,🌱 Potential Customers
17800,37,9,1187.21,131.91222222222223,81.33333333333333,51,9,296,2.872549019607843,United Kingdom,679.905,0.23684210526315788,3.9973400673400676,0,🌱 Potential Customers
17802,82,3,1285.04,428.34666666666664,250.66666666666666,102,3,290,2.079136690647482,United Kingdom,664.3199999999999,0.03614457831325301,4.41594501718213,0,🌱 Potential Customers
17805,74,1,512.31,512.31,478.0,10,1,0,0.0,United Kingdom,258.755,0.013333333333333334,512.31,3,⚠️ At Risk Customers
17806,11,1,546.04,546.04,727.0,43,1,0,0.0,United Kingdom,281.91999999999996,0.08333333333333333,546.04,1,🏆 High Value Customers
17809,16,12,5411.91,450.9925,171.41666666666666,46,12,357,5.883333333333334,United Kingdom,2824.355,0.7058823529411765,15.117067039106145,0,🌱 Potential Customers
17811,4,39,7761.82,199.02102564102566,106.3076923076923,359,39,329,0.37484885126964934,United Kingdom,4270.51,7.8,23.520666666666667,2,💎 Premium Customers
17812,13,4,699.81,174.9525,82.25,113,4,355,2.6818181818181817,United Kingdom,388.60499999999996,0.2857142857142857,1.965758426966292,0,🌱 Potential Customers
17813,14,5,1698.07,339.614,150.4,297,5,57,0.16138328530259366,United Kingdom,897.635,0.3333333333333333,29.27706896551724,0,🌱 Potential Customers
17816,37,4,36.56,9.14,7.5,16,4,328,20.4375,United Kingdom,54.58,0.10526315789473684,0.11112462006079028,0,🌱 Potential Customers
17817,4,3,387.68,129.22666666666666,22.333333333333332,32,3,272,8.5,United Kingdom,223.44,0.6,1.4200732600732602,0,🌱 Potential Customers
17819,72,7,3704.87,529.2671428571429,147.28571428571428,36,7,299,6.297872340425532,United Kingdom,1915.235,0.0958904109589041,12.349566666666666,0,🌱 Potential Customers
17824,51,1,298.4,298.4,408.0,13,1,0,0.0,United Kingdom,154.1,0.019230769230769232,298.4,3,⚠️ At Risk Customers
17827,5,5,1987.33,397.466,248.0,190,5,359,1.6728971962616823,United Kingdom,1043.165,0.8333333333333334,5.520361111111111,0,🌱 Potential Customers
17828,23,4,1820.09,455.0225,166.75,54,4,162,2.4393939393939394,Malta,947.745,0.16666666666666666,11.166196319018404,0,🌱 Potential Customers
17829,299,1,889.24,889.24,496.0,30,1,0,0.0,United Arab Emirates,424.72,0.0033333333333333335,889.24,1,🏆 High Value Customers
17830,2,3,398.7,132.9,30.666666666666668,18,3,287,13.045454545454545,United Kingdom,229.15,1.0,1.384375,0,🌱 Potential Customers
17831,33,1,35.400000000000006,35.400000000000006,12.0,2,1,0,0.0,United Kingdom,24.400000000000002,0.029411764705882353,35.400000000000006,3,⚠️ At Risk Customers
17832,50,1,155.37,155.37,208.0,61,1,0,0.0,United Kingdom,82.685,0.0196078431372549,155.37,3,⚠️ At Risk Customers
17835,3,3,342.24,114.08,114.66666666666667,45,3,20,0.3448275862068966,United Kingdom,200.82,0.75,16.29714285714286,3,⚠️ At Risk Customers
17836,47,1,110.21000000000001,110.21000000000001,88.0,23,1,0,0.0,United Kingdom,60.405,0.020833333333333332,110.21000000000001,3,⚠️ At Risk Customers
17837,42,8,1541.23,192.65375,63.75,110,8,120,0.7329192546583851,United Kingdom,846.415,0.18604651162790697,12.737438016528925,0,🌱 Potential Customers
17838,27,5,2720.8,544.1600000000001,366.2,96,5,345,2.956896551724138,United Kingdom,1407.7,0.17857142857142858,7.863583815028902,0,🌱 Potential Customers
17839,42,1,318.15,318.15,257.0,50,1,0,0.0,United Kingdom,164.875,0.023255813953488372,318.15,3,⚠️ At Risk Customers
17841,2,124,40519.84,326.77290322580643,184.1451612903226,1323,124,371,0.04091205211726384,United Kingdom,21499.719999999998,41.333333333333336,108.9243010752688,2,💎 Premium Customers
17843,303,1,205.48,205.48,113.0,36,1,0,0.0,United Kingdom,82.44,0.003289473684210526,205.48,3,⚠️ At Risk Customers
17844,107,1,51.559999999999995,51.559999999999995,52.0,5,1,0,0.0,Canada,25.08,0.009259259259259259,51.559999999999995,3,⚠️ At Risk Customers
17846,85,1,2033.1,2033.1,1.0,1,1,0,0.0,United Kingdom,1018.05,0.011627906976744186,2033.1,1,🏆 High Value Customers
17848,81,9,901.1999999999999,100.13333333333333,44.22222222222222,41,9,276,5.46,United Kingdom,532.4999999999999,0.10975609756097561,3.2534296028880862,0,🌱 Potential Customers
17849,218,4,605.8000000000001,151.45,28.5,14,4,115,4.56,United Kingdom,321.1,0.0182648401826484,5.222413793103449,3,⚠️ At Risk Customers
17850,372,34,5391.21,158.565,50.970588235294116,21,33,1,0.0,United Kingdom,2998.405,0.08847184986595175,2695.605,2,💎 Premium Customers
17852,12,2,114.34,57.17,26.5,21,2,0,0.0,United Kingdom,75.97,0.15384615384615385,114.34,3,⚠️ At Risk Customers
17854,185,2,311.26,155.63,42.0,15,2,41,2.9285714285714284,United Kingdom,157.13,0.010752688172043012,7.410952380952381,3,⚠️ At Risk Customers
17855,373,1,208.97,208.97,197.0,17,1,0,0.0,United Kingdom,77.185,0.00267379679144385,208.97,3,⚠️ At Risk Customers
17856,2,4,1418.03,354.5075,210.5,12,4,279,19.857142857142858,United Kingdom,748.8149999999999,1.3333333333333333,5.064392857142857,0,🌱 Potential Customers
17857,4,23,26879.04,1168.6539130434783,837.2173913043479,19,23,361,6.622641509433962,United Kingdom,13669.12,4.6,74.25149171270718,2,💎 Premium Customers
17858,6,12,5140.66,428.3883333333333,224.5,101,12,363,1.8265306122448979,United Kingdom,2689.73,1.7142857142857142,14.122692307692308,0,🌱 Potential Customers
17859,305,1,141.92000000000002,141.92000000000002,102.0,23,1,0,0.0,United Kingdom,50.46000000000001,0.0032679738562091504,141.92000000000002,3,⚠️ At Risk Customers
17860,369,1,226.45000000000002,226.45000000000002,93.0,49,1,0,0.0,United Kingdom,86.32500000000002,0.002702702702702703,226.45000000000002,3,⚠️ At Risk Customers
17861,3,8,2097.88,262.235,248.125,172,8,316,1.4403669724770642,United Kingdom,1128.64,2.0,6.617917981072556,0,🌱 Potential Customers
17862,324,1,330.9,330.9,100.0,11,1,0,0.0,United Kingdom,143.04999999999998,0.003076923076923077,330.9,3,⚠️ At Risk Customers
17863,59,6,3160.0,526.6666666666666,439.6666666666667,110,6,310,2.0952380952380953,United Kingdom,1634.1,0.1,10.160771704180064,0,🌱 Potential Customers
17864,13,3,554.85,184.95000000000002,235.33333333333334,70,3,262,2.943820224719101,United Kingdom,306.125,0.21428571428571427,2.1096958174904943,0,🌱 Potential Customers
17865,31,20,10526.32,526.316,287.85,191,20,333,0.8888888888888888,United Kingdom,5460.0599999999995,0.625,31.515928143712575,2,💎 Premium Customers
17866,143,1,329.65,329.65,174.0,9,1,0,0.0,United Kingdom,160.52499999999998,0.006944444444444444,329.65,3,⚠️ At Risk Customers
17867,30,6,1157.8700000000001,192.97833333333335,84.66666666666667,62,6,258,3.8358208955223883,United Kingdom,635.9350000000001,0.1935483870967742,4.470540540540541,0,🌱 Potential Customers
17869,107,5,428.18,85.636,22.2,37,5,260,6.666666666666667,United Kingdom,253.39000000000004,0.046296296296296294,1.640536398467433,0,🌱 Potential Customers
17870,2,12,1865.89,155.49083333333334,112.58333333333333,214,12,364,1.342007434944238,United Kingdom,1052.7450000000001,4.0,5.112027397260274,0,🌱 Potential Customers
17871,205,1,155.9,155.9,182.0,10,1,0,0.0,United Kingdom,67.45,0.0048543689320388345,155.9,3,⚠️ At Risk Customers
17873,80,5,1848.96,369.79200000000003,207.0,24,5,293,6.9523809523809526,United Kingdom,966.48,0.06172839506172839,6.288979591836735,0,🌱 Potential Customers
17874,185,6,683.46,113.91000000000001,36.833333333333336,37,6,70,1.5333333333333334,United Kingdom,383.23,0.03225806451612903,9.626197183098592,3,⚠️ At Risk Customers
17877,170,1,237.61,237.61,98.0,12,1,0,0.0,United Kingdom,111.805,0.005847953216374269,237.61,3,⚠️ At Risk Customers
17878,44,1,379.45,379.45,401.0,26,1,0,0.0,United Kingdom,195.325,0.022222222222222223,379.45,3,⚠️ At Risk Customers
17879,174,1,178.51999999999998,178.51999999999998,45.0,6,1,0,0.0,United Kingdom,81.85999999999999,0.005714285714285714,178.51999999999998,3,⚠️ At Risk Customers
17880,365,1,458.92,458.92,314.0,26,1,0,0.0,United Kingdom,202.96,0.00273224043715847,458.92,3,⚠️ At Risk Customers
17881,304,1,133.35000000000002,133.35000000000002,32.0,8,1,0,0.0,United Kingdom,46.275000000000006,0.003278688524590164,133.35000000000002,3,⚠️ At Risk Customers
17883,3,4,664.34,166.085,93.5,133,4,242,1.7163120567375887,United Kingdom,371.87,1.0,2.7339094650205764,0,🌱 Potential Customers
17884,4,4,695.0699999999999,173.76749999999998,204.25,107,4,367,3.2767857142857144,United Kingdom,387.135,0.8,1.8887771739130432,0,🌱 Potential Customers
17885,12,1,156.34,156.34,110.0,50,1,0,0.0,United Kingdom,86.97,0.07692307692307693,156.34,3,⚠️ At Risk Customers
17886,32,3,869.28,289.76,156.33333333333334,93,3,217,2.1386138613861387,United Kingdom,461.44,0.09090909090909091,3.9875229357798165,0,🌱 Potential Customers
17887,129,1,111.35,111.35,30.0,10,1,0,0.0,United Kingdom,52.775,0.007692307692307693,111.35,3,⚠️ At Risk Customers
17888,21,8,716.0,89.5,121.625,60,8,335,5.1875,United Kingdom,435.9,0.36363636363636365,2.130952380952381,0,🌱 Potential Customers
17889,212,2,201.37,100.685,38.5,20,2,109,5.7368421052631575,United Kingdom,99.485,0.009389671361502348,1.8306363636363636,3,⚠️ At Risk Customers
17890,323,2,586.89,293.445,201.0,88,2,38,0.4222222222222222,United Kingdom,281.145,0.006172839506172839,15.048461538461538,3,⚠️ At Risk Customers
17891,162,1,203.85999999999999,203.85999999999999,393.0,34,1,0,0.0,United Kingdom,95.72999999999999,0.006134969325153374,203.85999999999999,3,⚠️ At Risk Customers
17892,56,3,244.1,81.36666666666666,36.333333333333336,27,3,99,3.6666666666666665,United Kingdom,146.45000000000002,0.05263157894736842,2.441,3,⚠️ At Risk Customers
17893,225,1,107.21,107.21,149.0,15,1,0,0.0,United Kingdom,41.105,0.004424778761061947,107.21,3,⚠️ At Risk Customers
17894,72,8,1118.96,139.87,50.5,127,8,294,1.5235602094240839,United Kingdom,632.28,0.1095890410958904,3.793084745762712,0,🌱 Potential Customers
17895,44,1,95.45,95.45,127.0,15,1,0,0.0,United Kingdom,53.325,0.022222222222222223,95.45,3,⚠️ At Risk Customers
17896,23,1,256.32,256.32,288.0,2,1,0,0.0,United Kingdom,135.85999999999999,0.041666666666666664,256.32,3,⚠️ At Risk Customers
17897,173,3,541.8100000000001,180.60333333333332,74.0,100,3,200,1.8691588785046729,United Kingdom,283.605,0.017241379310344827,2.695572139303483,0,🌱 Potential Customers
17898,85,2,152.06,76.03,95.0,27,2,121,4.481481481481482,United Kingdom,87.53,0.023255813953488372,1.2463934426229508,3,⚠️ At Risk Customers
17899,159,1,154.55,154.55,170.0,29,1,0,0.0,United Kingdom,71.375,0.00625,154.55,3,⚠️ At Risk Customers
17900,190,2,112.19999999999999,56.099999999999994,36.5,4,2,0,0.0,United Kingdom,57.099999999999994,0.010471204188481676,112.19999999999999,3,⚠️ At Risk Customers
17901,29,1,110.38,110.38,24.0,19,1,0,0.0,United Kingdom,62.29,0.03333333333333333,110.38,3,⚠️ At Risk Customers
17904,21,1,181.07,181.07,59.0,33,1,0,0.0,United Kingdom,98.435,0.045454545454545456,181.07,3,⚠️ At Risk Customers
17905,71,4,798.99,199.7475,101.5,33,4,302,9.40625,United Kingdom,432.395,0.05555555555555555,2.636930693069307,0,🌱 Potential Customers
17906,247,1,72.9,72.9,26.0,12,1,0,0.0,United Kingdom,21.75,0.004032258064516129,72.9,3,⚠️ At Risk Customers
17908,374,1,232.03,232.03,169.0,51,1,0,0.0,United Kingdom,88.61500000000001,0.0026666666666666666,232.03,3,⚠️ At Risk Customers
17911,9,1,366.23,366.23,223.0,39,1,0,0.0,United Kingdom,192.215,0.1,366.23,3,⚠️ At Risk Customers
17912,310,5,310.06,62.012,36.8,35,5,54,1.4722222222222223,United Kingdom,174.03,0.01607717041800643,5.6374545454545455,3,⚠️ At Risk Customers
17913,59,2,408.65,204.325,144.0,55,2,296,5.192982456140351,United Kingdom,218.42499999999998,0.03333333333333333,1.3759259259259258,0,🌱 Potential Customers
17914,4,1,329.36,329.36,457.0,72,1,0,0.0,United Kingdom,174.28,0.2,329.36,3,⚠️ At Risk Customers
17917,45,3,335.03,111.67666666666666,61.333333333333336,77,3,317,3.4725274725274726,United Kingdom,193.015,0.06521739130434782,1.0535534591194968,0,🌱 Potential Customers
17919,88,1,1304.04,1304.04,756.0,23,1,0,0.0,United Kingdom,653.22,0.011235955056179775,1304.04,1,🏆 High Value Customers
17920,4,17,4119.5,242.3235294117647,145.47058823529412,407,17,369,0.5406626506024096,United Kingdom,2229.35,3.4,11.133783783783784,2,💎 Premium Customers
17921,64,4,820.23,205.0575,106.25,114,4,202,1.4326241134751774,United Kingdom,443.71500000000003,0.06153846153846154,4.0405418719211825,0,🌱 Potential Customers
17923,282,1,207.50000000000003,207.50000000000003,50.0,1,1,0,0.0,United Kingdom,85.55000000000001,0.0035335689045936395,207.50000000000003,3,⚠️ At Risk Customers
17924,12,7,2962.5,423.2142857142857,165.71428571428572,26,7,361,12.0,United Kingdom,1550.05,0.5384615384615384,8.183701657458563,0,🌱 Potential Customers
17925,373,1,244.08,244.08,72.0,1,1,0,0.0,United Kingdom,94.74000000000001,0.00267379679144385,244.08,3,⚠️ At Risk Customers
17926,133,2,397.29,198.645,153.0,17,2,70,3.5,United Kingdom,205.345,0.014925373134328358,5.595633802816901,3,⚠️ At Risk Customers
17928,45,2,212.54,106.27,70.0,23,2,200,9.090909090909092,United Kingdom,121.77,0.043478260869565216,1.057412935323383,0,🌱 Potential Customers
17929,11,4,843.0,210.75,27.0,4,4,297,74.0,United Kingdom,460.4,0.3333333333333333,2.8288590604026846,0,🌱 Potential Customers
17930,36,5,1740.48,348.096,318.8,26,5,203,5.315789473684211,United Kingdom,916.64,0.13513513513513514,8.531764705882352,0,🌱 Potential Customers
17931,134,2,408.36,204.18,124.5,63,2,121,1.890625,United Kingdom,210.78,0.014814814814814815,3.3472131147540987,3,⚠️ At Risk Customers
17932,29,3,1331.57,443.8566666666666,263.0,84,3,182,2.033707865168539,United Kingdom,692.885,0.1,7.276338797814208,0,🌱 Potential Customers
17934,52,2,704.25,352.125,239.0,21,2,7,0.35,United Kingdom,366.925,0.03773584905660377,88.03125,3,⚠️ At Risk Customers
17935,138,2,145.79,72.895,41.0,28,2,3,0.10714285714285714,United Kingdom,79.095,0.014388489208633094,36.4475,3,⚠️ At Risk Customers
17936,5,1,380.13,380.13,257.0,68,1,0,0.0,United Kingdom,199.565,0.16666666666666666,380.13,3,⚠️ At Risk Customers
17937,9,7,4301.22,614.46,250.57142857142858,19,7,353,8.380952380952381,United Kingdom,2219.71,0.7,12.150338983050847,0,🌱 Potential Customers
17939,160,1,99.14,99.14,40.0,12,1,0,0.0,United Kingdom,43.57,0.006211180124223602,99.14,3,⚠️ At Risk Customers
17940,49,10,4020.04,402.004,932.3,6,10,253,14.647058823529411,United Kingdom,2105.12,0.2,15.826929133858268,0,🌱 Potential Customers
17941,131,1,304.56,304.56,252.0,2,1,0,0.0,United Kingdom,149.18,0.007575757575757576,304.56,3,⚠️ At Risk Customers
17942,8,1,77.50000000000001,77.50000000000001,38.0,2,1,0,0.0,United Kingdom,47.95000000000001,0.1111111111111111,77.50000000000001,3,⚠️ At Risk Customers
17946,233,2,149.57999999999998,74.78999999999999,37.5,18,2,26,1.368421052631579,United Kingdom,71.49,0.008547008547008548,5.539999999999999,3,⚠️ At Risk Customers
17947,37,1,176.68,176.68,168.0,9,1,0,0.0,United Kingdom,94.64,0.02631578947368421,176.68,3,⚠️ At Risk Customers
17948,147,1,358.56000000000006,358.56000000000006,144.0,1,1,0,0.0,United Kingdom,174.58000000000004,0.006756756756756757,358.56000000000006,3,⚠️ At Risk Customers
17949,1,45,58510.48,1300.232888888889,678.8,29,45,370,5.130434782608695,United Kingdom,29705.140000000003,22.5,157.7101886792453,2,💎 Premium Customers
17950,72,3,482.2,160.73333333333332,122.0,63,3,293,4.171428571428572,United Kingdom,263.90000000000003,0.0410958904109589,1.6401360544217687,0,🌱 Potential Customers
17951,40,3,1008.5400000000001,336.18,205.33333333333334,18,3,333,17.526315789473685,United Kingdom,530.27,0.07317073170731707,3.0195808383233533,0,🌱 Potential Customers
17954,5,12,2314.13,192.84416666666667,185.08333333333334,326,12,365,0.7584033613445378,United Kingdom,1276.565,2.0,6.32275956284153,0,🌱 Potential Customers
17955,199,4,557.3,139.325,68.25,14,4,20,1.1111111111111112,United Kingdom,298.75,0.02,26.538095238095234,3,⚠️ At Risk Customers
17956,249,1,12.75,12.75,1.0,1,1,0,0.0,United Kingdom,-8.525000000000002,0.004,12.75,3,⚠️ At Risk Customers
17957,66,1,111.68,111.68,287.0,31,1,0,0.0,United Kingdom,59.24,0.014925373134328358,111.68,3,⚠️ At Risk Customers
17958,117,1,508.4599999999999,508.4599999999999,84.0,7,1,0,0.0,United Kingdom,252.52999999999997,0.00847457627118644,508.4599999999999,3,⚠️ At Risk Customers
17960,171,1,73.78,73.78,41.0,26,1,0,0.0,United Kingdom,29.79,0.005813953488372093,73.78,3,⚠️ At Risk Customers
17961,21,39,1296.44,33.242051282051285,14.35897435897436,211,39,350,1.342741935483871,United Kingdom,1036.1200000000001,1.7727272727272727,3.6935612535612536,2,💎 Premium Customers
17962,142,1,102.41,102.41,127.0,33,1,0,0.0,United Kingdom,47.004999999999995,0.006993006993006993,102.41,3,⚠️ At Risk Customers
17964,32,2,463.21,231.605,147.0,84,2,340,3.5051546391752577,United Kingdom,248.405,0.06060606060606061,1.3583870967741936,0,🌱 Potential Customers
17965,38,14,2599.19,185.65642857142856,109.42857142857143,274,14,331,1.0030864197530864,United Kingdom,1435.795,0.358974358974359,7.828885542168675,0,🌱 Potential Customers
17966,38,5,1098.43,219.68599999999998,514.2,53,5,223,3.3134328358208953,United Kingdom,595.4150000000001,0.1282051282051282,4.903705357142857,0,🌱 Potential Customers
17967,372,1,112.27,112.27,73.0,41,1,0,0.0,United Kingdom,28.934999999999988,0.002680965147453083,112.27,3,⚠️ At Risk Customers
17968,374,1,265.1,265.1,151.0,74,1,0,0.0,United Kingdom,105.15,0.0026666666666666666,265.1,3,⚠️ At Risk Customers
17969,166,2,228.2,114.1,76.0,14,2,194,14.923076923076923,United Kingdom,117.5,0.011976047904191617,1.1702564102564101,0,🌱 Potential Customers
17970,211,1,562.79,562.79,513.0,27,1,0,0.0,United Kingdom,270.29499999999996,0.0047169811320754715,562.79,3,⚠️ At Risk Customers
17972,242,1,135.19,135.19,36.0,30,1,0,0.0,United Kingdom,53.394999999999996,0.00411522633744856,135.19,3,⚠️ At Risk Customers
17973,52,1,337.04,337.04,176.0,15,1,0,0.0,United Kingdom,173.32000000000002,0.018867924528301886,337.04,3,⚠️ At Risk Customers
17974,25,3,703.99,234.66333333333333,166.66666666666666,143,3,194,1.1829268292682926,United Kingdom,379.495,0.11538461538461539,3.6102051282051284,0,🌱 Potential Customers
17975,15,13,4483.26,344.86615384615385,120.38461538461539,189,13,351,1.178082191780822,United Kingdom,2370.13,0.8125,12.73653409090909,0,🌱 Potential Customers
17976,372,1,321.79,321.79,93.0,56,1,0,0.0,United Kingdom,133.695,0.002680965147453083,321.79,3,⚠️ At Risk Customers
17977,29,1,288.14,288.14,342.0,19,1,0,0.0,United Kingdom,151.17,0.03333333333333333,288.14,3,⚠️ At Risk Customers
17978,365,1,300.91999999999996,300.91999999999996,499.0,12,1,0,0.0,United Kingdom,123.95999999999998,0.00273224043715847,300.91999999999996,3,⚠️ At Risk Customers
17979,36,4,732.41,183.10250000000002,95.75,116,4,224,1.6277372262773722,United Kingdom,402.60499999999996,0.10810810810810811,3.2551555555555556,0,🌱 Potential Customers
17980,166,3,811.45,270.48333333333335,227.33333333333334,23,3,193,6.620689655172414,United Kingdom,419.125,0.017964071856287425,4.182731958762886,0,🌱 Potential Customers
17984,145,1,152.68,152.68,98.0,48,1,0,0.0,United Kingdom,71.84,0.00684931506849315,152.68,3,⚠️ At Risk Customers
17985,22,1,631.35,631.35,171.0,20,1,0,0.0,United Kingdom,323.475,0.043478260869565216,631.35,3,⚠️ At Risk Customers
17986,56,1,20.8,20.8,10.0,1,1,0,0.0,United Kingdom,14.799999999999997,0.017543859649122806,20.8,3,⚠️ At Risk Customers
17987,185,1,198.57,198.57,261.0,13,1,0,0.0,United Kingdom,90.785,0.005376344086021506,198.57,3,⚠️ At Risk Customers
17988,12,7,201.12,28.731428571428573,6.142857142857143,37,7,314,8.486486486486486,United Kingdom,169.36,0.5384615384615384,0.6384761904761905,0,🌱 Potential Customers
17990,237,3,630.84,210.28,138.0,27,3,124,4.428571428571429,United Kingdom,321.72,0.012605042016806723,5.0467200000000005,3,⚠️ At Risk Customers
17991,225,2,93.35,46.675000000000004,12.5,4,2,0,0.0,United Kingdom,44.175,0.008849557522123894,93.35,3,⚠️ At Risk Customers
17994,122,4,674.89,168.7225,123.75,63,4,169,2.1538461538461537,United Kingdom,365.245,0.032520325203252036,3.9699411764705883,0,🌱 Potential Customers
17995,282,1,76.1,76.1,133.0,2,1,0,0.0,United Kingdom,19.849999999999994,0.0035335689045936395,76.1,3,⚠️ At Risk Customers
17997,74,8,1962.46,245.3075,284.125,133,8,89,0.5214723926380368,United Kingdom,1053.83,0.10666666666666667,21.80511111111111,0,🌱 Potential Customers
17999,37,2,380.39,190.195,109.5,87,2,329,3.6555555555555554,United Kingdom,206.495,0.05263157894736842,1.1526969696969696,0,🌱 Potential Customers
18001,12,2,415.13,207.565,181.0,56,2,74,1.3214285714285714,United Kingdom,226.365,0.15384615384615385,5.535066666666666,3,⚠️ At Risk Customers
18004,362,1,157.92,157.92,75.0,32,1,0,0.0,United Kingdom,52.75999999999999,0.0027548209366391185,157.92,3,⚠️ At Risk Customers
18005,4,2,226.47,113.235,43.0,52,2,43,0.8269230769230769,United Kingdom,132.835,0.4,5.147045454545455,3,⚠️ At Risk Customers
18006,23,1,444.68,444.68,220.0,21,1,0,0.0,United Kingdom,230.04,0.041666666666666664,444.68,3,⚠️ At Risk Customers
18008,70,9,2116.19,235.13222222222223,175.66666666666666,24,9,248,8.482758620689655,United Kingdom,1141.095,0.1267605633802817,8.498755020080322,0,🌱 Potential Customers
18009,235,1,247.39,247.39,125.0,31,1,0,0.0,United Kingdom,110.195,0.00423728813559322,247.39,3,⚠️ At Risk Customers
18010,257,1,174.8,174.8,60.0,14,1,0,0.0,United Kingdom,71.7,0.003875968992248062,174.8,3,⚠️ At Risk Customers
18011,373,1,102.78999999999999,102.78999999999999,71.0,28,1,0,0.0,United Kingdom,24.09499999999999,0.00267379679144385,102.78999999999999,3,⚠️ At Risk Customers
18013,155,2,187.29,93.64500000000001,142.5,31,2,0,0.0,United Kingdom,98.145,0.01282051282051282,187.29,3,⚠️ At Risk Customers
18014,28,1,162.22,162.22,66.0,29,1,0,0.0,United Kingdom,88.31,0.034482758620689655,162.22,3,⚠️ At Risk Customers
18015,4,1,120.03,120.03,157.0,46,1,0,0.0,United Kingdom,69.615,0.2,120.03,3,⚠️ At Risk Customers
18016,32,5,1477.66,295.532,205.4,90,5,331,2.71900826446281,United Kingdom,785.63,0.15151515151515152,4.450783132530121,0,🌱 Potential Customers
18017,81,3,523.0,174.33333333333334,100.0,1,3,229,114.5,United Kingdom,283.4,0.036585365853658534,2.273913043478261,0,🌱 Potential Customers
18018,108,2,122.14,61.07,27.5,29,2,91,3.25,United Kingdom,70.27,0.01834862385321101,1.327608695652174,3,⚠️ At Risk Customers
18019,52,1,38.45,38.45,7.0,5,1,0,0.0,United Kingdom,24.025000000000002,0.018867924528301886,38.45,3,⚠️ At Risk Customers
18022,36,1,612.72,612.72,703.0,141,1,0,0.0,United Kingdom,312.76,0.02702702702702703,612.72,1,🏆 High Value Customers
18024,153,2,389.78,194.89,92.0,21,2,0,0.0,United Kingdom,199.58999999999997,0.012987012987012988,389.78,3,⚠️ At Risk Customers
18027,99,1,115.31,115.31,78.0,21,1,0,0.0,United Kingdom,57.755,0.01,115.31,3,⚠️ At Risk Customers
18030,4,2,230.64999999999998,115.32499999999999,33.5,8,2,38,4.75,United Kingdom,134.92499999999998,0.4,5.9141025641025635,3,⚠️ At Risk Customers
18032,334,1,73.5,73.5,42.0,5,1,0,0.0,United Kingdom,13.350000000000001,0.0029850746268656717,73.5,3,⚠️ At Risk Customers
18033,65,1,93.82000000000001,93.82000000000001,252.0,32,1,0,0.0,United Kingdom,50.410000000000004,0.015151515151515152,93.82000000000001,3,⚠️ At Risk Customers
18034,22,2,418.68,209.33999999999997,279.5,99,2,0,0.0,United Kingdom,227.14000000000001,0.08695652173913043,418.68,3,⚠️ At Risk Customers
18035,36,3,713.89,237.96333333333334,194.66666666666666,44,3,7,0.14583333333333334,United Kingdom,383.34499999999997,0.08108108108108109,89.23625,3,⚠️ At Risk Customers
18036,32,3,403.12,134.37333333333333,77.33333333333333,77,3,213,2.2903225806451615,United Kingdom,228.36,0.09090909090909091,1.8837383177570093,0,🌱 Potential Customers
18037,154,6,70.02,11.67,3.3333333333333335,19,6,207,11.38888888888889,United Kingdom,79.60999999999999,0.03870967741935484,0.33663461538461537,0,🌱 Potential Customers
18040,19,2,357.20000000000005,178.6,74.0,18,2,226,12.555555555555555,United Kingdom,196.70000000000002,0.1,1.573568281938326,0,🌱 Potential Customers
18041,12,21,4097.37,195.11285714285714,178.95238095238096,285,21,361,0.7702407002188184,United Kingdom,2257.485,1.6153846153846154,11.318701657458563,2,💎 Premium Customers
18042,54,1,165.04999999999998,165.04999999999998,33.0,7,1,0,0.0,United Kingdom,87.12499999999999,0.01818181818181818,165.04999999999998,3,⚠️ At Risk Customers
18043,25,3,529.29,176.43000000000004,88.33333333333333,106,3,342,3.0,United Kingdom,292.145,0.11538461538461539,1.5431195335276966,0,🌱 Potential Customers
18044,4,10,2088.6,208.85999999999999,103.3,88,10,356,2.7857142857142856,United Kingdom,1143.8999999999999,2.0,5.8504201680672265,0,🌱 Potential Customers
18045,45,1,178.34,178.34,138.0,43,1,0,0.0,United Kingdom,94.67,0.021739130434782608,178.34,3,⚠️ At Risk Customers
18048,203,2,172.29000000000002,86.14500000000001,63.5,6,2,0,0.0,United Kingdom,85.84500000000001,0.00980392156862745,172.29000000000002,3,⚠️ At Risk Customers
18050,359,1,74.4,74.4,40.0,5,1,0,0.0,United Kingdom,11.300000000000004,0.002777777777777778,74.4,3,⚠️ At Risk Customers
18053,71,1,300.02,300.02,302.0,20,1,0,0.0,United Kingdom,152.91,0.013888888888888888,300.02,3,⚠️ At Risk Customers
18055,7,10,6761.34,676.134,245.2,223,10,362,1.0028011204481793,United Kingdom,3479.9700000000003,1.25,18.626280991735538,0,🌱 Potential Customers
18056,288,1,363.65,363.65,211.0,19,1,0,0.0,United Kingdom,163.02499999999998,0.0034602076124567475,363.65,3,⚠️ At Risk Customers
18058,10,1,170.16,170.16,88.0,3,1,0,0.0,United Kingdom,94.08,0.09090909090909091,170.16,3,⚠️ At Risk Customers
18059,23,3,306.46,102.15333333333332,86.0,17,3,44,2.588235294117647,United Kingdom,180.92999999999998,0.125,6.8102222222222215,3,⚠️ At Risk Customers
18061,22,10,2119.41,211.94099999999997,95.5,18,10,344,7.555555555555555,United Kingdom,1157.5049999999999,0.43478260869565216,6.143217391304347,0,🌱 Potential Customers
18062,173,3,720.52,240.17333333333332,132.0,23,3,164,6.269230769230769,United Kingdom,372.96,0.017241379310344827,4.366787878787878,3,⚠️ At Risk Customers
18064,133,2,814.0,407.0,192.0,7,2,102,17.0,United Kingdom,413.7,0.014925373134328358,7.902912621359223,0,🌱 Potential Customers
18065,6,14,2392.83,170.91642857142855,73.35714285714286,110,11,358,2.6176470588235294,United Kingdom,1335.815,1.5714285714285714,6.665264623955432,0,🌱 Potential Customers
18066,75,1,318.0,318.0,108.0,10,1,0,0.0,United Kingdom,161.5,0.013157894736842105,318.0,3,⚠️ At Risk Customers
18067,40,1,396.33,396.33,189.0,36,1,0,0.0,United Kingdom,204.165,0.024390243902439025,396.33,3,⚠️ At Risk Customers
18068,289,1,101.69999999999999,101.69999999999999,6.0,1,1,0,0.0,United Kingdom,31.949999999999992,0.0034482758620689655,101.69999999999999,3,⚠️ At Risk Customers
18069,26,5,2009.24,401.848,259.2,334,5,301,0.6557017543859649,United Kingdom,1052.02,0.18518518518518517,6.653112582781457,0,🌱 Potential Customers
18071,258,2,453.0,226.5,130.0,23,2,108,4.5,United Kingdom,220.7,0.007722007722007722,4.155963302752293,3,⚠️ At Risk Customers
18072,186,1,247.44,247.44,288.0,18,1,0,0.0,United Kingdom,115.12,0.0053475935828877,247.44,3,⚠️ At Risk Customers
18073,114,12,3859.82,321.6516666666667,258.5,23,12,82,1.1126760563380282,United Kingdom,2038.5099999999998,0.10434782608695652,46.50385542168675,0,🌱 Potential Customers
18074,374,1,489.6,489.6,190.0,13,1,0,0.0,United Kingdom,217.4,0.0026666666666666666,489.6,3,⚠️ At Risk Customers
18075,23,10,2611.75,261.175,146.4,97,10,337,2.3617021276595747,United Kingdom,1403.575,0.4166666666666667,7.72707100591716,0,🌱 Potential Customers
18077,8,11,2584.41,234.94636363636363,167.1818181818182,101,11,358,1.5945945945945945,United Kingdom,1401.405,1.2222222222222223,7.198913649025069,0,🌱 Potential Customers
18078,217,2,336.13,168.065,72.5,27,2,41,1.4642857142857142,United Kingdom,166.365,0.009174311926605505,8.003095238095238,3,⚠️ At Risk Customers
18079,45,4,3613.15,903.2875,1836.75,99,4,193,1.5737704918032787,United Kingdom,1842.075,0.08695652173913043,18.624484536082473,1,🏆 High Value Customers
18080,19,2,1231.5,615.75,321.0,2,2,223,223.0,United Kingdom,633.85,0.1,5.497767857142857,0,🌱 Potential Customers
18081,36,3,343.45,114.48333333333335,65.0,14,3,97,6.0625,United Kingdom,198.125,0.08108108108108109,3.5045918367346935,3,⚠️ At Risk Customers
18082,26,1,680.84,680.84,608.0,62,1,0,0.0,United Kingdom,347.82,0.037037037037037035,680.84,1,🏆 High Value Customers
18084,16,1,90.47999999999999,90.47999999999999,312.0,1,1,0,0.0,United Kingdom,53.63999999999999,0.058823529411764705,90.47999999999999,3,⚠️ At Risk Customers
18085,330,2,689.95,344.975,132.5,25,2,43,1.5357142857142858,United Kingdom,331.975,0.006042296072507553,15.680681818181819,3,⚠️ At Risk Customers
18086,274,1,101.34,101.34,106.0,7,1,0,0.0,United Kingdom,33.269999999999996,0.0036363636363636364,101.34,3,⚠️ At Risk Customers
18087,98,2,4055.7199999999993,2027.8599999999997,1953.5,2,2,192,192.0,United Kingdom,2038.0599999999997,0.020202020202020204,21.0140932642487,1,🏆 High Value Customers
18088,61,1,166.03,166.03,107.0,35,1,0,0.0,United Kingdom,86.915,0.016129032258064516,166.03,3,⚠️ At Risk Customers
18092,2,11,9068.26,824.3872727272727,386.54545454545456,28,11,363,4.079545454545454,United Kingdom,4643.93,3.6666666666666665,24.912802197802197,2,💎 Premium Customers
18093,93,4,2106.52,526.63,348.0,31,4,209,5.942857142857143,United Kingdom,1083.96,0.0425531914893617,10.03104761904762,0,🌱 Potential Customers
18094,82,7,3017.3,431.04285714285714,359.7142857142857,39,7,210,3.0144927536231885,United Kingdom,1570.45,0.08433734939759036,14.3,0,🌱 Potential Customers
18095,313,2,580.0500000000001,290.025,209.5,20,2,20,1.0,United Kingdom,278.725,0.006369426751592357,27.621428571428574,3,⚠️ At Risk Customers
18096,12,3,849.06,283.02,262.6666666666667,157,3,52,0.26153846153846155,United Kingdom,453.33,0.23076923076923078,16.02,0,🌱 Potential Customers
18097,8,6,2662.4,443.73333333333335,277.0,65,6,346,3.2857142857142856,United Kingdom,1390.4,0.6666666666666666,7.672622478386168,0,🌱 Potential Customers
18099,127,1,168.31,168.31,149.0,19,1,0,0.0,United Kingdom,81.455,0.0078125,168.31,3,⚠️ At Risk Customers
18101,11,2,222.4,111.2,43.5,37,2,132,3.3846153846153846,United Kingdom,130.1,0.16666666666666666,1.6721804511278195,0,🌱 Potential Customers
18102,1,60,259657.3,4327.621666666667,1068.7333333333333,150,55,366,0.8232558139534883,United Kingdom,130428.54999999999,27.5,707.5130790190735,2,💎 Premium Customers
18104,37,1,754.64,754.64,362.0,38,1,0,0.0,United Kingdom,383.62,0.02631578947368421,754.64,1,🏆 High Value Customers
18105,38,1,113.48000000000002,113.48000000000002,46.0,18,1,0,0.0,United Kingdom,62.94000000000001,0.02564102564102564,113.48000000000002,3,⚠️ At Risk Customers
18106,330,1,421.9,421.9,126.0,33,1,0,0.0,United Kingdom,187.95,0.0030211480362537764,421.9,3,⚠️ At Risk Customers
18108,254,1,271.0,271.0,84.0,17,1,0,0.0,United Kingdom,120.1,0.00392156862745098,271.0,3,⚠️ At Risk Customers
18109,2,26,8004.92,307.88153846153847,162.69230769230768,119,26,368,0.8045454545454546,United Kingdom,4262.26,8.666666666666666,21.693550135501354,2,💎 Premium Customers
18110,20,1,198.8,198.8,72.0,33,1,0,0.0,United Kingdom,107.4,0.047619047619047616,198.8,3,⚠️ At Risk Customers
18112,12,2,352.69,176.345,127.5,26,2,154,6.16,United Kingdom,195.145,0.15384615384615385,2.27541935483871,0,🌱 Potential Customers
18113,369,1,76.32000000000001,76.32000000000001,72.0,1,1,0,0.0,United Kingdom,11.260000000000005,0.002702702702702703,76.32000000000001,3,⚠️ At Risk Customers
18114,290,1,220.1,220.1,55.0,28,1,0,0.0,United Kingdom,91.05,0.003436426116838488,220.1,3,⚠️ At Risk Customers
18116,68,8,1403.1100000000001,175.38875000000002,104.625,230,8,296,0.7945945945945946,United Kingdom,774.7550000000001,0.11594202898550725,4.724276094276095,0,🌱 Potential Customers
18117,26,1,315.65,315.65,605.0,68,1,0,0.0,United Kingdom,165.225,0.037037037037037035,315.65,3,⚠️ At Risk Customers
18118,11,26,5625.08,216.34923076923076,110.1923076923077,424,26,358,0.27416798732171155,United Kingdom,3071.44,2.1666666666666665,15.668746518105849,2,💎 Premium Customers
18119,368,1,180.7,180.7,124.0,29,1,0,0.0,United Kingdom,63.54999999999999,0.0027100271002710027,180.7,3,⚠️ At Risk Customers
18120,214,1,111.15,111.15,31.0,17,1,0,0.0,United Kingdom,44.175,0.004651162790697674,111.15,3,⚠️ At Risk Customers
18121,149,2,653.3,326.65,219.0,28,2,5,0.16666666666666666,United Kingdom,331.75,0.013333333333333334,108.88333333333333,3,⚠️ At Risk Customers
18122,8,6,1793.06,298.8433333333333,204.16666666666666,239,6,142,0.39325842696629215,United Kingdom,955.73,0.6666666666666666,12.538881118881118,0,🌱 Potential Customers
18123,24,2,574.4399999999999,287.21999999999997,291.0,31,2,7,0.21212121212121213,United Kingdom,304.82,0.08,71.80499999999999,3,⚠️ At Risk Customers
18125,30,4,1131.75,282.9375,200.0,164,4,286,1.4921465968586387,United Kingdom,602.875,0.12903225806451613,3.9433797909407664,0,🌱 Potential Customers
18126,61,1,200.92000000000002,200.92000000000002,135.0,52,1,0,0.0,United Kingdom,104.36000000000001,0.016129032258064516,200.92000000000002,3,⚠️ At Risk Customers
18127,19,3,347.08,115.69333333333333,62.333333333333336,41,3,114,2.533333333333333,United Kingdom,201.64,0.15,3.018086956521739,0,🌱 Potential Customers
18129,243,1,112.55000000000001,112.55000000000001,48.0,13,1,0,0.0,United Kingdom,41.97500000000001,0.004098360655737705,112.55000000000001,3,⚠️ At Risk Customers
18130,15,3,1059.39,353.12999999999994,274.6666666666667,58,3,41,0.5942028985507246,United Kingdom,558.195,0.1875,25.223571428571432,3,⚠️ At Risk Customers
18133,212,1,931.4999999999999,931.4999999999999,1350.0,1,1,0,0.0,United Kingdom,454.54999999999995,0.004694835680751174,931.4999999999999,1,🏆 High Value Customers
18135,29,5,681.9100000000001,136.382,69.8,11,5,161,8.421052631578947,United Kingdom,388.05500000000006,0.16666666666666666,4.209320987654322,0,🌱 Potential Customers
18136,63,3,784.33,261.4433333333333,126.33333333333333,34,3,256,6.891891891891892,United Kingdom,415.865,0.046875,3.0518677042801556,0,🌱 Potential Customers
18138,295,1,152.65,152.65,38.0,8,1,0,0.0,United Kingdom,56.825,0.0033783783783783786,152.65,3,⚠️ At Risk Customers
18139,18,6,8438.34,1406.39,926.1666666666666,35,6,0,0.0,United Kingdom,4277.37,0.3157894736842105,8438.34,1,🏆 High Value Customers
18142,157,2,1019.52,509.76,638.0,9,2,58,4.142857142857143,United Kingdom,514.06,0.012658227848101266,17.28,3,⚠️ At Risk Customers
18143,117,2,1000.16,500.08000000000004,285.0,59,2,25,0.4166666666666667,United Kingdom,508.37999999999994,0.01694915254237288,38.4676923076923,3,⚠️ At Risk Customers
18144,8,12,2888.75,240.72916666666666,111.91666666666667,27,12,365,8.547619047619047,United Kingdom,1563.575,1.3333333333333333,7.89275956284153,0,🌱 Potential Customers
18145,13,4,2861.55,715.3875,656.25,174,4,299,1.3545454545454545,United Kingdom,1469.4750000000001,0.2857142857142857,9.5385,0,🌱 Potential Customers
18146,141,2,160.35000000000002,80.17500000000001,76.5,10,2,79,8.777777777777779,United Kingdom,86.07500000000002,0.014084507042253521,2.0043750000000005,3,⚠️ At Risk Customers
18147,46,2,179.33999999999997,89.66999999999999,101.5,7,2,62,10.333333333333334,United Kingdom,105.07,0.0425531914893617,2.8466666666666662,3,⚠️ At Risk Customers
18149,51,3,612.0799999999999,204.02666666666664,103.33333333333333,11,3,222,14.8,United Kingdom,330.93999999999994,0.057692307692307696,2.7447533632286993,0,🌱 Potential Customers
18150,32,3,566.58,188.86,110.66666666666667,29,3,169,4.694444444444445,United Kingdom,310.09000000000003,0.09090909090909091,3.332823529411765,0,🌱 Potential Customers
18151,135,2,653.35,326.675,177.5,38,2,155,4.1891891891891895,United Kingdom,333.175,0.014705882352941176,4.188141025641026,3,⚠️ At Risk Customers
18154,3,2,399.19,199.59499999999997,127.5,15,2,40,2.0,United Kingdom,219.295,0.5,9.736341463414634,3,⚠️ At Risk Customers
18155,75,3,371.62,123.87333333333333,88.66666666666667,19,3,216,9.0,United Kingdom,208.31,0.039473684210526314,1.7125345622119816,0,🌱 Potential Customers
18156,13,2,675.64,337.82,141.5,100,2,356,2.9421487603305785,United Kingdom,356.52,0.14285714285714285,1.8925490196078432,0,🌱 Potential Customers
18158,9,2,453.4,226.7,177.0,24,2,79,2.393939393939394,United Kingdom,245.79999999999998,0.2,5.6674999999999995,3,⚠️ At Risk Customers
18159,301,1,530.15,530.15,139.0,23,1,0,0.0,United Kingdom,244.975,0.0033112582781456954,530.15,3,⚠️ At Risk Customers
18160,57,2,638.0600000000001,319.03,147.0,37,2,143,3.763157894736842,United Kingdom,333.33000000000004,0.034482758620689655,4.4309722222222225,0,🌱 Potential Customers
18161,15,5,1618.69,323.738,162.4,49,5,304,3.8227848101265822,United Kingdom,857.845,0.3125,5.307180327868853,0,🌱 Potential Customers
18164,37,1,399.65000000000003,399.65000000000003,184.0,24,1,0,0.0,United Kingdom,206.12500000000003,0.02631578947368421,399.65000000000003,3,⚠️ At Risk Customers
18165,177,1,302.46000000000004,302.46000000000004,254.0,10,1,0,0.0,United Kingdom,143.53000000000003,0.0056179775280898875,302.46000000000004,3,⚠️ At Risk Customers
18167,23,3,1384.8600000000001,461.62000000000006,127.33333333333333,24,3,82,2.2777777777777777,United Kingdom,720.1300000000001,0.125,16.685060240963857,0,🌱 Potential Customers
18168,176,6,1160.04,193.34,98.66666666666667,97,6,196,1.5116279069767442,United Kingdom,622.42,0.03389830508474576,5.888527918781726,0,🌱 Potential Customers
18169,61,1,202.65,202.65,61.0,9,1,0,0.0,United Kingdom,105.22500000000001,0.016129032258064516,202.65,3,⚠️ At Risk Customers
18170,33,3,980.31,326.77,136.33333333333334,29,3,183,4.945945945945946,United Kingdom,516.855,0.08823529411764706,5.3277717391304344,0,🌱 Potential Customers
18171,59,5,1231.31,246.262,96.2,43,5,274,5.150943396226415,United Kingdom,659.755,0.08333333333333333,4.477490909090909,0,🌱 Potential Customers
18172,15,20,7561.68,378.084,159.2,100,17,275,1.4308510638297873,United Kingdom,3979.34,1.0625,27.397391304347828,2,💎 Premium Customers
18173,87,4,2106.84,526.71,305.0,23,4,187,6.2,United Kingdom,1084.72,0.045454545454545456,11.206595744680852,0,🌱 Potential Customers
18174,7,1,104.0,104.0,50.0,1,1,0,0.0,United Kingdom,61.3,0.125,104.0,3,⚠️ At Risk Customers
18176,358,1,476.35,476.35,283.0,30,1,0,0.0,United Kingdom,212.375,0.002785515320334262,476.35,3,⚠️ At Risk Customers
18177,31,6,1340.8700000000001,223.47833333333335,118.16666666666667,53,6,224,3.0833333333333335,United Kingdom,727.335,0.1875,5.959422222222223,0,🌱 Potential Customers
18178,129,4,1590.81,397.7025,245.75,80,4,235,2.4375,United Kingdom,822.505,0.03076923076923077,6.740720338983051,0,🌱 Potential Customers
18179,9,6,1793.17,298.8616666666667,226.66666666666666,86,6,327,3.662921348314607,United Kingdom,955.6850000000001,0.6,5.466981707317073,0,🌱 Potential Customers
18180,5,6,1843.75,307.2916666666667,286.8333333333333,108,6,137,1.1440677966101696,United Kingdom,981.375,1.0,13.360507246376812,0,🌱 Potential Customers
18181,24,1,366.85,366.85,133.0,40,1,0,0.0,United Kingdom,191.025,0.04,366.85,3,⚠️ At Risk Customers
18183,227,2,632.07,316.035,185.5,36,2,47,1.3055555555555556,United Kingdom,313.33500000000004,0.008771929824561403,13.168125000000002,3,⚠️ At Risk Customers
18184,15,1,49.8,49.8,60.0,1,1,0,0.0,United Kingdom,33.4,0.0625,49.8,3,⚠️ At Risk Customers
18185,249,1,304.25,304.25,183.0,17,1,0,0.0,United Kingdom,137.225,0.004,304.25,3,⚠️ At Risk Customers
18188,15,3,2001.04,667.0133333333333,389.3333333333333,63,3,275,3.914285714285714,United Kingdom,1029.02,0.1875,7.2501449275362315,0,🌱 Potential Customers
18189,78,2,1090.24,545.12,283.0,65,2,190,2.8358208955223883,United Kingdom,557.32,0.02531645569620253,5.708062827225131,0,🌱 Potential Customers
18190,192,2,284.46000000000004,142.23000000000002,70.0,14,2,138,9.857142857142858,United Kingdom,143.03000000000003,0.010362694300518135,2.046474820143885,3,⚠️ At Risk Customers
18191,262,1,207.79999999999998,207.79999999999998,140.0,7,1,0,0.0,United Kingdom,87.69999999999999,0.0038022813688212928,207.79999999999998,3,⚠️ At Risk Customers
18192,72,1,957.97,957.97,339.0,45,1,0,0.0,United Kingdom,481.785,0.0136986301369863,957.97,1,🏆 High Value Customers
18193,165,1,243.76,243.76,124.0,16,1,0,0.0,United Kingdom,115.38,0.006024096385542169,243.76,3,⚠️ At Risk Customers
18194,82,1,973.8399999999999,973.8399999999999,632.0,7,1,0,0.0,United Kingdom,488.71999999999997,0.012048192771084338,973.8399999999999,1,🏆 High Value Customers
18196,95,2,686.63,343.315,215.5,131,2,195,1.4130434782608696,United Kingdom,353.815,0.020833333333333332,3.503214285714286,0,🌱 Potential Customers
18198,4,17,5425.56,319.15058823529415,239.64705882352942,81,17,332,2.050632911392405,United Kingdom,2882.38,3.4,16.292972972972976,2,💎 Premium Customers
18200,106,1,150.35,150.35,104.0,29,1,0,0.0,United Kingdom,74.57499999999999,0.009345794392523364,150.35,3,⚠️ At Risk Customers
18202,200,3,1396.99,465.66333333333336,193.66666666666666,55,3,111,1.6567164179104477,United Kingdom,708.495,0.014925373134328358,12.473125,3,⚠️ At Risk Customers
18203,157,1,160.42000000000002,160.42000000000002,43.0,19,1,0,0.0,United Kingdom,74.51,0.006329113924050633,160.42000000000002,3,⚠️ At Risk Customers
18204,71,3,1975.35,658.4499999999999,396.6666666666667,159,3,121,0.6282722513089005,United Kingdom,1010.5749999999999,0.041666666666666664,16.19139344262295,0,🌱 Potential Customers
18205,36,2,517.36,258.68,96.0,30,2,38,1.2258064516129032,United Kingdom,275.08,0.05405405405405406,13.265641025641026,3,⚠️ At Risk Customers
18209,29,1,139.10000000000002,139.10000000000002,58.0,8,1,0,0.0,United Kingdom,76.65,0.03333333333333333,139.10000000000002,3,⚠️ At Risk Customers
18210,2,6,2621.38,436.8966666666667,233.0,109,6,265,1.9774436090225564,United Kingdom,1370.49,2.0,9.854812030075188,0,🌱 Potential Customers
18211,26,5,600.07,120.01400000000001,71.8,37,5,252,6.121951219512195,United Kingdom,347.435,0.18518518518518517,2.371818181818182,0,🌱 Potential Customers
18212,326,1,216.07,216.07,92.0,30,1,0,0.0,United Kingdom,85.435,0.0030581039755351682,216.07,3,⚠️ At Risk Customers
18213,237,1,232.48000000000002,232.48000000000002,232.0,15,1,0,0.0,United Kingdom,102.54,0.004201680672268907,232.48000000000002,3,⚠️ At Risk Customers
18215,89,1,299.34000000000003,299.34000000000003,118.0,13,1,0,0.0,United Kingdom,150.77,0.011111111111111112,299.34000000000003,3,⚠️ At Risk Customers
18216,31,1,481.75,481.75,200.0,26,1,0,0.0,United Kingdom,247.775,0.03125,481.75,3,⚠️ At Risk Customers
18217,29,2,621.75,310.875,245.5,27,2,41,1.3666666666666667,United Kingdom,327.975,0.06666666666666667,14.803571428571429,3,⚠️ At Risk Customers
18218,211,2,641.92,320.96,268.0,17,2,70,3.6842105263157894,United Kingdom,319.85999999999996,0.009433962264150943,9.04112676056338,3,⚠️ At Risk Customers
18219,3,10,2069.77,206.977,88.5,58,10,366,3.2212389380530975,United Kingdom,1134.585,2.5,5.639700272479564,0,🌱 Potential Customers
18220,227,1,305.28000000000003,305.28000000000003,288.0,2,1,0,0.0,United Kingdom,139.94,0.0043859649122807015,305.28000000000003,3,⚠️ At Risk Customers
18221,22,5,1041.61,208.32200000000003,158.2,59,5,189,2.9523809523809526,United Kingdom,568.6049999999999,0.21739130434782608,5.482157894736842,0,🌱 Potential Customers
18222,93,1,443.0,443.0,335.0,19,1,0,0.0,United Kingdom,222.2,0.010638297872340425,443.0,3,⚠️ At Risk Customers
18223,5,14,6484.54,463.18142857142857,210.57142857142858,116,14,353,1.2804428044280443,United Kingdom,3381.77,2.3333333333333335,18.317909604519773,2,💎 Premium Customers
18224,264,1,158.95000000000002,158.95000000000002,69.0,10,1,0,0.0,United Kingdom,63.075,0.0037735849056603774,158.95000000000002,3,⚠️ At Risk Customers
18225,3,12,5504.96,458.74666666666667,270.1666666666667,150,12,361,1.3246268656716418,United Kingdom,2872.18,3.0,15.20707182320442,2,💎 Premium Customers
18226,44,11,5228.05,475.27727272727276,315.09090909090907,141,11,293,1.1991701244813278,United Kingdom,2719.625,0.24444444444444444,17.78248299319728,0,🌱 Potential Customers
18227,218,1,93.75,93.75,21.0,5,1,0,0.0,United Kingdom,35.075,0.0045662100456621,93.75,3,⚠️ At Risk Customers
18228,57,2,779.9,389.95,119.0,23,2,22,0.7586206896551724,United Kingdom,404.25,0.034482758620689655,33.90869565217391,3,⚠️ At Risk Customers
18229,12,20,7276.900000000001,363.84499999999997,124.4,66,20,361,2.147239263803681,United Kingdom,3837.2500000000005,1.5384615384615385,20.10193370165746,2,💎 Premium Customers
18230,9,7,2810.2000000000003,401.4571428571429,188.0,32,7,293,3.411764705882353,United Kingdom,1474.2,0.7,9.558503401360545,0,🌱 Potential Customers
18231,192,5,2071.77,414.354,163.8,106,5,96,0.7786885245901639,United Kingdom,1066.685,0.025906735751295335,21.358453608247423,0,🌱 Potential Customers
18232,82,4,592.97,148.2425,75.5,31,4,115,3.1944444444444446,United Kingdom,328.285,0.04819277108433735,5.111810344827586,3,⚠️ At Risk Customers
18233,326,1,440.0,440.0,4.0,1,1,0,0.0,United Kingdom,197.4,0.0030581039755351682,440.0,3,⚠️ At Risk Customers
18235,72,3,1796.48,598.8266666666667,526.0,100,3,145,1.4077669902912622,United Kingdom,921.04,0.0410958904109589,12.304657534246575,0,🌱 Potential Customers
18236,30,6,882.24,147.04,67.16666666666667,42,6,210,4.333333333333333,United Kingdom,498.12,0.1935483870967742,4.1812322274881515,0,🌱 Potential Customers
18237,3,5,987.1,197.42,124.4,40,5,131,2.15,United Kingdom,543.25,1.25,7.4780303030303035,0,🌱 Potential Customers
18239,219,5,1561.6100000000001,312.322,159.0,80,5,153,1.735632183908046,United Kingdom,808.9050000000001,0.022727272727272728,10.140324675324676,0,🌱 Potential Customers
18240,46,1,422.58,422.58,126.0,6,1,0,0.0,United Kingdom,216.69,0.02127659574468085,422.58,3,⚠️ At Risk Customers
18241,10,17,2073.09,121.9464705882353,61.8235294117647,60,17,208,1.9611650485436893,United Kingdom,1205.545,1.5454545454545454,9.91909090909091,0,🌱 Potential Customers
18242,72,4,2232.4900000000002,558.1225,254.25,72,4,141,1.8181818181818181,United Kingdom,1149.045,0.0547945205479452,15.721760563380283,0,🌱 Potential Customers
18245,7,7,2567.06,366.72285714285715,255.42857142857142,153,7,347,1.9885057471264367,United Kingdom,1352.83,0.875,7.376609195402299,0,🌱 Potential Customers
18246,24,2,596.1,298.05,83.0,3,2,209,69.66666666666667,United Kingdom,315.65000000000003,0.08,2.8385714285714285,0,🌱 Potential Customers
18248,123,2,804.02,402.01,255.5,39,2,63,1.3695652173913044,United Kingdom,409.71,0.016129032258064516,12.5628125,3,⚠️ At Risk Customers
18249,17,1,95.34,95.34,128.0,8,1,0,0.0,United Kingdom,55.97,0.05555555555555555,95.34,3,⚠️ At Risk Customers
18250,310,1,349.27,349.27,199.0,21,1,0,0.0,United Kingdom,153.635,0.003215434083601286,349.27,3,⚠️ At Risk Customers
18251,87,1,4314.72,4314.72,7824.0,16,1,0,0.0,United Kingdom,2158.6600000000003,0.011363636363636364,4314.72,1,🏆 High Value Customers
18252,51,2,518.27,259.135,117.0,90,2,121,1.3010752688172043,United Kingdom,274.03499999999997,0.038461538461538464,4.248114754098361,0,🌱 Potential Customers
18255,89,1,103.3,103.3,74.0,6,1,0,0.0,United Kingdom,52.75,0.011111111111111112,103.3,3,⚠️ At Risk Customers
18257,39,8,2337.63,292.20375,130.125,97,8,256,2.1623931623931623,United Kingdom,1244.915,0.2,9.095836575875486,0,🌱 Potential Customers
18259,25,3,2338.6000000000004,779.5333333333334,238.0,27,3,341,8.317073170731707,United Kingdom,1196.8000000000002,0.11538461538461539,6.838011695906434,0,🌱 Potential Customers
18260,173,6,2628.35,438.05833333333334,245.83333333333334,86,6,185,1.3863636363636365,United Kingdom,1356.875,0.034482758620689655,14.130913978494624,0,🌱 Potential Customers
18261,43,2,324.24,162.12,73.0,19,2,52,2.6,United Kingdom,177.82,0.045454545454545456,6.117735849056604,3,⚠️ At Risk Customers
18262,140,1,149.48,149.48,182.0,13,1,0,0.0,United Kingdom,70.74,0.0070921985815602835,149.48,3,⚠️ At Risk Customers
18263,26,3,1213.1599999999999,404.3866666666666,489.3333333333333,59,3,226,3.75,United Kingdom,633.9799999999999,0.1111111111111111,5.3443171806167395,0,🌱 Potential Customers
18265,72,2,801.51,400.755,155.5,44,2,85,1.8888888888888888,United Kingdom,413.555,0.0273972602739726,9.319883720930232,3,⚠️ At Risk Customers
18268,134,1,25.5,25.5,2.0,1,1,0,0.0,United Kingdom,9.35,0.007407407407407408,25.5,3,⚠️ At Risk Customers
18269,366,1,168.6,168.6,76.0,7,1,0,0.0,United Kingdom,57.699999999999996,0.0027247956403269754,168.6,3,⚠️ At Risk Customers
18270,38,2,283.15,141.57500000000002,50.5,11,2,228,22.8,United Kingdom,157.77499999999998,0.05128205128205128,1.2364628820960697,0,🌱 Potential Customers
18272,3,6,3078.58,513.0966666666667,341.6666666666667,99,6,244,1.4606060606060607,United Kingdom,1598.99,1.5,12.565632653061224,0,🌱 Potential Customers
18273,2,3,204.0,68.0,26.666666666666668,1,3,255,127.5,United Kingdom,131.8,1.0,0.796875,0,🌱 Potential Customers
18274,30,1,175.92,175.92,88.0,11,1,0,0.0,United Kingdom,94.96,0.03225806451612903,175.92,3,⚠️ At Risk Customers
18276,44,1,335.86,335.86,186.0,14,1,0,0.0,United Kingdom,173.53,0.022222222222222223,335.86,3,⚠️ At Risk Customers
18277,58,1,110.38,110.38,68.0,8,1,0,0.0,United Kingdom,59.39,0.01694915254237288,110.38,3,⚠️ At Risk Customers
18278,74,1,173.9,173.9,66.0,9,1,0,0.0,United Kingdom,89.55,0.013333333333333334,173.9,3,⚠️ At Risk Customers
18280,278,1,180.60000000000002,180.60000000000002,45.0,10,1,0,0.0,United Kingdom,72.50000000000001,0.0035842293906810036,180.60000000000002,3,⚠️ At Risk Customers
18281,181,1,80.82,80.82,54.0,7,1,0,0.0,United Kingdom,32.309999999999995,0.005494505494505495,80.82,3,⚠️ At Risk Customers
18282,8,2,178.05,89.025,51.5,12,2,118,10.727272727272727,United Kingdom,108.22500000000001,0.2222222222222222,1.496218487394958,0,🌱 Potential Customers
18283,4,16,2045.53,127.845625,84.8125,263,16,333,0.45416666666666666,United Kingdom,1182.3649999999998,3.2,6.124341317365269,2,💎 Premium Customers
18287,43,3,1837.28,612.4266666666666,528.6666666666666,59,3,158,2.2753623188405796,United Kingdom,944.34,0.06818181818181818,11.555220125786164,0,🌱 Potential Customers
